District,Block,School_ID,School_Name,Alert_ID,Alert_Type,Severity,Current_Value,Threshold,Year_Triggered
AGRA,BAH,9150302904,GOVT HSS BATESHWAR BAH,W10,MULTI-RISK ENROLLMENT,CRITICAL,10,8,2025-26
AGRA,ETMADPUR,9150602003,RAJKIYA HIGH SCHOOL BAHRAMPUR,W1,ENROLLMENT CRASH,CRITICAL,-21.0,-20,2025-26
ALIGARH,ATRAULI,9120306904,RAJKEYA INTER COLLEGE SAHNOL  ATRAULI,W1,ENROLLMENT CRASH,CRITICAL,-28.2,-20,2025-26
ALIGARH,ATRAULI,9120306904,RAJKEYA INTER COLLEGE SAHNOL  ATRAULI,W3,GIRLS ENROLLMENT CRASH,CRITICAL,-25.2,-20,2025-26
ALIGARH,ATRAULI,9120306904,RAJKEYA INTER COLLEGE SAHNOL  ATRAULI,W10,MULTI-RISK ENROLLMENT,CRITICAL,8,8,2025-26
ALIGARH,BIJAULI,9120504604,RAJKEYA KANYA INTER COLLEGE DUTTA CHOLI,W1,ENROLLMENT CRASH,CRITICAL,-35.5,-20,2025-26
ALIGARH,BIJAULI,9120504604,RAJKEYA KANYA INTER COLLEGE DUTTA CHOLI,W3,GIRLS ENROLLMENT CRASH,CRITICAL,-35.5,-20,2025-26
ALIGARH,BIJAULI,9120504604,RAJKEYA KANYA INTER COLLEGE DUTTA CHOLI,W10,MULTI-RISK ENROLLMENT,CRITICAL,10,8,2025-26
ALIGARH,JAWAN,9120610205,ABHINAY VIDHYALAY CHHLESAR,W5,CONTINUITY COLLAPSE,CRITICAL,35.7,60,2025-26
ALIGARH,KHAIR,9120805602,RAJKEYA  INTER COLLEGE  AHROLA KHAIR,W5,CONTINUITY COLLAPSE,CRITICAL,32.0,60,2025-26
AMBEDKAR NAGAR,AKBARPUR,9480107905,GOVT INTER COLLEGE AKBARPUR,W1,ENROLLMENT CRASH,CRITICAL,-22.7,-20,2025-26
AMETHI - CSM NAGAR,BAHADURPUR,9732500101,GGIC JAIS,W1,ENROLLMENT CRASH,CRITICAL,-26.4,-20,2025-26
AMETHI - CSM NAGAR,BAHADURPUR,9732500101,GGIC JAIS,W3,GIRLS ENROLLMENT CRASH,CRITICAL,-26.4,-20,2025-26
AMETHI - CSM NAGAR,JAGDISHPUR,9730106203,GOVT H S MANGRAULI JAGDISHPUR,W3,GIRLS ENROLLMENT CRASH,CRITICAL,-28.1,-20,2025-26
AMETHI - CSM NAGAR,JAGDISHPUR,9730106203,GOVT H S MANGRAULI JAGDISHPUR,W10,MULTI-RISK ENROLLMENT,CRITICAL,9,8,2025-26
AMETHI - CSM NAGAR,MUSAFIRKHANA,9730303904,RAJKIY HIGH SCHOOL KANJAS,W10,MULTI-RISK ENROLLMENT,CRITICAL,11,8,2025-26
AMETHI - CSM NAGAR,SINGHPUR,9731700510,RAJKIY HIGH SCHOOL SATAN KA PURWA,W1,ENROLLMENT CRASH,CRITICAL,-23.8,-20,2025-26
AMETHI - CSM NAGAR,SINGHPUR,9731700510,RAJKIY HIGH SCHOOL SATAN KA PURWA,W3,GIRLS ENROLLMENT CRASH,CRITICAL,-43.2,-20,2025-26
AMETHI - CSM NAGAR,TILOI,9732209101,RAJKIY HIGH SCHOOL SEMRAUTA,W1,ENROLLMENT CRASH,CRITICAL,-29.8,-20,2025-26
AMETHI - CSM NAGAR,TILOI,9732209101,RAJKIY HIGH SCHOOL SEMRAUTA,W10,MULTI-RISK ENROLLMENT,CRITICAL,10,8,2025-26
AURAIYA,AIRWAKATRA,9320402003,GOVT. U.M.V. KARMUPUR,W3,GIRLS ENROLLMENT CRASH,CRITICAL,-36.0,-20,2025-26
AURAIYA,SAHAR,9320811706,GOVT GIRLS INTER COLLEGE SAHAR AURAIYA,W5,CONTINUITY COLLAPSE,CRITICAL,50.0,60,2025-26
AZAMGARH,HARRAIYA,9611400505,MAHANT RAMASHRYA DAS GOVT. I.C.,W10,MULTI-RISK ENROLLMENT,CRITICAL,8,8,2025-26
AZAMGARH,HARRAIYA,9611400703,R.U.M.V. ETAILY,W10,MULTI-RISK ENROLLMENT,CRITICAL,11,8,2025-26
AZAMGARH,JAHANAGANJ,9612014707,RAJKIYA U.M.V. KANAILA,W3,GIRLS ENROLLMENT CRASH,CRITICAL,-25.8,-20,2025-26
AZAMGARH,THEKMA,9612106802,GOVT GIRLS I.C.  ASHWANIYA,W10,MULTI-RISK ENROLLMENT,CRITICAL,11,8,2025-26
BAGHPAT,PILANA,9080705205,G.H.S BASAUD,W3,GIRLS ENROLLMENT CRASH,CRITICAL,-27.1,-20,2025-26
BAHRAICH,CHITTAURA,9500801802,R H SCHOOL KISHUNPURMAFI CHITTAURA,W1,ENROLLMENT CRASH,CRITICAL,-31.5,-20,2025-26
BAHRAICH,MAHSI,9500403005,R H SCHOOL NAKAHI,W1,ENROLLMENT CRASH,CRITICAL,-21.6,-20,2025-26
BAHRAICH,MIHIN PURVA,9501104004,R.H. SCHOOL URRA BAZAR,W1,ENROLLMENT CRASH,CRITICAL,-39.3,-20,2025-26
BAHRAICH,MIHIN PURVA,9501104004,R.H. SCHOOL URRA BAZAR,W3,GIRLS ENROLLMENT CRASH,CRITICAL,-45.2,-20,2025-26
BALLIA,CHILKAHAR,9630400410,RAJKIY U M VIDYALAY HAJAULI,W1,ENROLLMENT CRASH,CRITICAL,-25.9,-20,2025-26
BALLIA,CHILKAHAR,9630400410,RAJKIY U M VIDYALAY HAJAULI,W3,GIRLS ENROLLMENT CRASH,CRITICAL,-26.5,-20,2025-26
BALLIA,MURLI CHHAPRA,9631701403,RAJKIYA U.M.V TOLA FATEH RAI BALLIA,W3,GIRLS ENROLLMENT CRASH,CRITICAL,-25.0,-20,2025-26
BALLIA,NAGARA,9630205004,RAJKIY U M V TURKI,W3,GIRLS ENROLLMENT CRASH,CRITICAL,-30.9,-20,2025-26
BALLIA,NAGARA,9630204904,RAJKIY UPS JUDANPUR,W1,ENROLLMENT CRASH,CRITICAL,-22.2,-20,2025-26
BALLIA,NAGARA,9630204904,RAJKIY UPS JUDANPUR,W3,GIRLS ENROLLMENT CRASH,CRITICAL,-50.0,-20,2025-26
BALLIA,NAGARA,9630204904,RAJKIY UPS JUDANPUR,W10,MULTI-RISK ENROLLMENT,CRITICAL,11,8,2025-26
BALLIA,NAGARA,9630210104,RAJKIYA UPS KHARUAV,W10,MULTI-RISK ENROLLMENT,CRITICAL,10,8,2025-26
BALLIA,PANDAH,9630604004,RAJKIYA UPS EKAIL,W1,ENROLLMENT CRASH,CRITICAL,-22.7,-20,2025-26
BALLIA,PANDAH,9630604004,RAJKIYA UPS EKAIL,W3,GIRLS ENROLLMENT CRASH,CRITICAL,-54.5,-20,2025-26
BALLIA,PANDAH,9630604004,RAJKIYA UPS EKAIL,W10,MULTI-RISK ENROLLMENT,CRITICAL,11,8,2025-26
BALLIA,RASARA,9630302508,RAJKIY BALIKA INTER COL. RASARA,W1,ENROLLMENT CRASH,CRITICAL,-22.1,-20,2025-26
BALLIA,RASARA,9630302508,RAJKIY BALIKA INTER COL. RASARA,W3,GIRLS ENROLLMENT CRASH,CRITICAL,-22.1,-20,2025-26
BALRAMPUR,SHRIDUTTGANJ,9521600304,GOVT HIGH SCHOOL DEVRIYA MUBARAKPUR,W10,MULTI-RISK ENROLLMENT,CRITICAL,8,8,2025-26
BANDA,BISANDA,9400600610,G.G.I.C. KORRAHI,W1,ENROLLMENT CRASH,CRITICAL,-28.6,-20,2025-26
BANDA,JASPURA,9400800716,GOVT HIGH SCHOOL GADARIA,W3,GIRLS ENROLLMENT CRASH,CRITICAL,-21.4,-20,2025-26
BANDA,NARAINI,9400405209,G.G.I.C. KARTAL,W10,MULTI-RISK ENROLLMENT,CRITICAL,8,8,2025-26
BANDA,NARAINI,9400403205,GOVT. HIGH SCHOOL MAHUI,W3,GIRLS ENROLLMENT CRASH,CRITICAL,-53.3,-20,2025-26
BANDA,NARAINI,9400400109,GOVT. HIGH SCHOOL PAUHAR,W10,MULTI-RISK ENROLLMENT,CRITICAL,10,8,2025-26
BANDA,TINDWARI,9400202304,GOVT. HIGH SCHOOL GUGAULI,W3,GIRLS ENROLLMENT CRASH,CRITICAL,-23.5,-20,2025-26
BARABANKI,BANKI,9460400139,GOVT HIGH SCHOOL BADEL BARABANKI,W3,GIRLS ENROLLMENT CRASH,CRITICAL,-21.0,-20,2025-26
BARABANKI,HAIDAR GARH,9460608703,RAJKIYA U.M.V JARMAU HAIDARGARH,W10,MULTI-RISK ENROLLMENT,CRITICAL,9,8,2025-26
BARABANKI,MASAULI,9461003403,RAJKIYA U.M.V NYAMAT PUR,W1,ENROLLMENT CRASH,CRITICAL,-32.6,-20,2025-26
BARABANKI,MASAULI,9461003403,RAJKIYA U.M.V NYAMAT PUR,W3,GIRLS ENROLLMENT CRASH,CRITICAL,-33.9,-20,2025-26
BARABANKI,SIDDHAOR,9461220701,RAJKIYA U.M.V ASDAMAU BELHARI SIDDHAUR,W10,MULTI-RISK ENROLLMENT,CRITICAL,8,8,2025-26
BAREILLY,ALAMPUR,9201711002,GOVT. SEC. SCHOOL KHULI,W1,ENROLLMENT CRASH,CRITICAL,-28.7,-20,2025-26
BAREILLY,ALAMPUR,9201711002,GOVT. SEC. SCHOOL KHULI,W3,GIRLS ENROLLMENT CRASH,CRITICAL,-28.3,-20,2025-26
BAREILLY,BAHERI,9201410803,GOVT. HIGH SCHOOL TANDA CHHANGA,W3,GIRLS ENROLLMENT CRASH,CRITICAL,-36.4,-20,2025-26
BAREILLY,BHOJIPURA,9201100403,GOVT. HIGH SCHOOL ALINAGAR,W1,ENROLLMENT CRASH,CRITICAL,-28.3,-20,2025-26
BAREILLY,BHOJIPURA,9201100403,GOVT. HIGH SCHOOL ALINAGAR,W10,MULTI-RISK ENROLLMENT,CRITICAL,10,8,2025-26
BAREILLY,MAJHGAWAN,9201001402,GOVT. HIGH SCHOOL BASANTPUR,W3,GIRLS ENROLLMENT CRASH,CRITICAL,-23.5,-20,2025-26
BAREILLY,NAWABGANJ,9200403804,GOVT SCHOOL PANDRI,W1,ENROLLMENT CRASH,CRITICAL,-29.6,-20,2025-26
BAREILLY,NAWABGANJ,9200403804,GOVT SCHOOL PANDRI,W3,GIRLS ENROLLMENT CRASH,CRITICAL,-33.3,-20,2025-26
BAREILLY,NAWABGANJ,9200403804,GOVT SCHOOL PANDRI,W10,MULTI-RISK ENROLLMENT,CRITICAL,10,8,2025-26
BAREILLY,NAWABGANJ,9200405205,GOVT. HIGH SCHOOL BIJAMAU,W1,ENROLLMENT CRASH,CRITICAL,-21.1,-20,2025-26
BAREILLY,RICHHA(DAMKHODA),9200500108,GOVT. INTER COLLEGE RICHHA,W1,ENROLLMENT CRASH,CRITICAL,-34.8,-20,2025-26
BAREILLY,RICHHA(DAMKHODA),9200500108,GOVT. INTER COLLEGE RICHHA,W3,GIRLS ENROLLMENT CRASH,CRITICAL,-25.6,-20,2025-26
BASTI,GAUR,9550518709,GOVT HR SEC PIPRAHIA,W10,MULTI-RISK ENROLLMENT,CRITICAL,10,8,2025-26
BASTI,TOWN AREA,9551404605,GOVT INTER COLLEGE BASTI,W1,ENROLLMENT CRASH,CRITICAL,-21.1,-20,2025-26
BHADOI,SURIYAVAN,9710311004,GOVT. HIGH SCHOOL ABHIYA,W1,ENROLLMENT CRASH,CRITICAL,-30.2,-20,2025-26
BHADOI,SURIYAVAN,9710311004,GOVT. HIGH SCHOOL ABHIYA,W3,GIRLS ENROLLMENT CRASH,CRITICAL,-28.6,-20,2025-26
BIJNOR,AFZALGRAH,9030102505,RAJKIYA ADARSH JANTA INTER COLLEGE SHAHPUR JAMAL ,W10,MULTI-RISK ENROLLMENT,CRITICAL,8,8,2025-26
BIJNOR,KIRATPUR,9030703406,RAJKIYA HIGHSCHOOL PADALA,W10,MULTI-RISK ENROLLMENT,CRITICAL,11,8,2025-26
BIJNOR,KOTWALI,9030811006,GOVE.GIRLS HIGH SCHOOL BUDHAWALA,W10,MULTI-RISK ENROLLMENT,CRITICAL,10,8,2025-26
BIJNOR,KOTWALI,9030840102,PANDIT DEENDYAL UPADHAYA RAJKIYA MODEL INTER COLEGE BENIPUR KOPA,W10,MULTI-RISK ENROLLMENT,CRITICAL,8,8,2025-26
BIJNOR,NAJIBABAD,9031006410,PT DEENDAYAL UPADHAYA RAJKIYE MODEL INTER COLLEGE SABALGARH BIJNOR,W1,ENROLLMENT CRASH,CRITICAL,-21.1,-20,2025-26
BIJNOR,NAJIBABAD,9031006410,PT DEENDAYAL UPADHAYA RAJKIYE MODEL INTER COLLEGE SABALGARH BIJNOR,W3,GIRLS ENROLLMENT CRASH,CRITICAL,-20.7,-20,2025-26
BIJNOR,NAJIBABAD,9031014203,RAJKIYA HIGH SCHOOL  JATTIWALA,W1,ENROLLMENT CRASH,CRITICAL,-44.4,-20,2025-26
BIJNOR,NAJIBABAD,9031014203,RAJKIYA HIGH SCHOOL  JATTIWALA,W3,GIRLS ENROLLMENT CRASH,CRITICAL,-46.1,-20,2025-26
BIJNOR,NAJIBABAD,9031014203,RAJKIYA HIGH SCHOOL  JATTIWALA,W10,MULTI-RISK ENROLLMENT,CRITICAL,8,8,2025-26
BUDAUN,AMBIYAPUR,9191303203,"GOVT. HIGH SCHOOL, SATAITI",W10,MULTI-RISK ENROLLMENT,CRITICAL,9,8,2025-26
BUDAUN,BISAULI,9191600150,"GOVT. HIGH SCHOOL, KARANPUR",W10,MULTI-RISK ENROLLMENT,CRITICAL,10,8,2025-26
BUDAUN,BISAULI,9191603004,PT. DEENDAYAL UPADHAY GOVT. MODEL INTER COLLEGE NOORPUR,W10,MULTI-RISK ENROLLMENT,CRITICAL,8,8,2025-26
BUDAUN,SAMRER,9191109503,"GOVT. HIGH SCHOOL, HANSI GANJ",W3,GIRLS ENROLLMENT CRASH,CRITICAL,-25.6,-20,2025-26
BUDAUN,SAMRER,9191109503,"GOVT. HIGH SCHOOL, HANSI GANJ",W10,MULTI-RISK ENROLLMENT,CRITICAL,8,8,2025-26
BUDAUN,UJHANI,9190201510,"GOVT. HS SCHOOL,DEHMU",W3,GIRLS ENROLLMENT CRASH,CRITICAL,-37.5,-20,2025-26
BUDAUN,UJHANI,9190201510,"GOVT. HS SCHOOL,DEHMU",W10,MULTI-RISK ENROLLMENT,CRITICAL,10,8,2025-26
BULANDSHAHR,ARNIA,9110408204,PT DEENDAYAL UPADHYAY GOVT MODEL INTER COLLEGE DHAKPURA,W5,CONTINUITY COLLAPSE,CRITICAL,28.1,60,2025-26
CHANDAULI,BARAHANI,9660701402,GHS NOORI,W3,GIRLS ENROLLMENT CRASH,CRITICAL,-21.7,-20,2025-26
CHANDAULI,SHAHABGANJ,9660602903,GHS KHAKHADA,W1,ENROLLMENT CRASH,CRITICAL,-23.1,-20,2025-26
CHANDAULI,SHAHABGANJ,9660602903,GHS KHAKHADA,W3,GIRLS ENROLLMENT CRASH,CRITICAL,-46.4,-20,2025-26
CHANDAULI,SHAHABGANJ,9660608003,GHS MUSAKHAND,W1,ENROLLMENT CRASH,CRITICAL,-29.8,-20,2025-26
CHITRAKOOT,MANIKPUR,9410500910,GOVT. HIGH SCHOOL ETAWA DUDAILA,W10,MULTI-RISK ENROLLMENT,CRITICAL,10,8,2025-26
CHITRAKOOT,MAU,9410304803,GOVT. HIGH SCHOOL MURKA,W1,ENROLLMENT CRASH,CRITICAL,-20.9,-20,2025-26
CHITRAKOOT,MAU,9410304803,GOVT. HIGH SCHOOL MURKA,W3,GIRLS ENROLLMENT CRASH,CRITICAL,-24.4,-20,2025-26
CHITRAKOOT,MAU,9410305004,PT DEEN DAYAL UPADHYAY GOVT MODEL I C HARDI KALA CHITRAKOOT,W3,GIRLS ENROLLMENT CRASH,CRITICAL,-23.1,-20,2025-26
CHITRAKOOT,PAHADI,9410202022,SAMAJWADI ABHINAV VIDYALAYA SARDHUWA,W1,ENROLLMENT CRASH,CRITICAL,-21.5,-20,2025-26
CHITRAKOOT,PAHADI,9410202022,SAMAJWADI ABHINAV VIDYALAYA SARDHUWA,W5,CONTINUITY COLLAPSE,CRITICAL,56.4,60,2025-26
DEORIA,BARAHAJ,9601703905,RAJKIY U.M.V.LABAKANI GANGA,W1,ENROLLMENT CRASH,CRITICAL,-24.0,-20,2025-26
DEORIA,BARAHAJ,9601703905,RAJKIY U.M.V.LABAKANI GANGA,W10,MULTI-RISK ENROLLMENT,CRITICAL,9,8,2025-26
DEORIA,BHATNI,9600803917,RAJIYA U.M.V.BHARHE CHAURA,W1,ENROLLMENT CRASH,CRITICAL,-26.7,-20,2025-26
DEORIA,PATTHRDEVA,9600503905,GOVT.H.S.SCHOOL MALGHOT BIRAICHA,W3,GIRLS ENROLLMENT CRASH,CRITICAL,-38.9,-20,2025-26
DEORIA,PATTHRDEVA,9600503905,GOVT.H.S.SCHOOL MALGHOT BIRAICHA,W10,MULTI-RISK ENROLLMENT,CRITICAL,11,8,2025-26
DEORIA,PATTHRDEVA,9600503804,R .UMV RAMPUR MAHUARI,W1,ENROLLMENT CRASH,CRITICAL,-22.9,-20,2025-26
DEORIA,PATTHRDEVA,9600503804,R .UMV RAMPUR MAHUARI,W3,GIRLS ENROLLMENT CRASH,CRITICAL,-27.3,-20,2025-26
DEORIA,PATTHRDEVA,9600503804,R .UMV RAMPUR MAHUARI,W10,MULTI-RISK ENROLLMENT,CRITICAL,11,8,2025-26
ETAH,SHEETAL PUR,9171314101,GOV.GIRLS INTER COLLEGE,W5,CONTINUITY COLLAPSE,CRITICAL,55.9,60,2025-26
ETAWAH,ETAWAH NAGAR CHETRA,9310903242,GOVT INTER COLLEGE ETAWAH,W3,GIRLS ENROLLMENT CRASH,CRITICAL,-88.1,-20,2025-26
ETAWAH,ETAWAH NAGAR CHETRA,9310903242,GOVT INTER COLLEGE ETAWAH,W10,MULTI-RISK ENROLLMENT,CRITICAL,8,8,2025-26
ETAWAH,MAHEWA,9310201706,GOVT UMV LUDHIYANI,W1,ENROLLMENT CRASH,CRITICAL,-33.5,-20,2025-26
ETAWAH,MAHEWA,9310201706,GOVT UMV LUDHIYANI,W3,GIRLS ENROLLMENT CRASH,CRITICAL,-34.5,-20,2025-26
FAIZABAD,AYODHYA TOWN AREA,9471501703,"RAJKIYA INTER COLLEGE, FAIZABAD",W3,GIRLS ENROLLMENT CRASH,CRITICAL,-100.0,-20,2025-26
FAIZABAD,AYODHYA TOWN AREA,9471501703,"RAJKIYA INTER COLLEGE, FAIZABAD",W10,MULTI-RISK ENROLLMENT,CRITICAL,8,8,2025-26
FAIZABAD,PURA,9470810609,GOVERNMENT HIGH SCHOOL BHADAULI,W1,ENROLLMENT CRASH,CRITICAL,-25.9,-20,2025-26
FAIZABAD,PURA,9470810609,GOVERNMENT HIGH SCHOOL BHADAULI,W3,GIRLS ENROLLMENT CRASH,CRITICAL,-21.1,-20,2025-26
FAIZABAD,TARUN,9471101610,G . G . H . S . SCHOOL,W1,ENROLLMENT CRASH,CRITICAL,-37.8,-20,2025-26
FAIZABAD,TARUN,9471101610,G . G . H . S . SCHOOL,W3,GIRLS ENROLLMENT CRASH,CRITICAL,-37.8,-20,2025-26
FAIZABAD,TARUN,9471101610,G . G . H . S . SCHOOL,W10,MULTI-RISK ENROLLMENT,CRITICAL,10,8,2025-26
FATEHPUR,ASHOTHAR,9420900402,RAJKIYA U.M.V.ADAMPUR SAIBSI,W3,GIRLS ENROLLMENT CRASH,CRITICAL,-27.3,-20,2025-26
FATEHPUR,BAHUA,9420705004,RAJKIYE H.S.MAHNA,W1,ENROLLMENT CRASH,CRITICAL,-23.3,-20,2025-26
FATEHPUR,BAHUA,9420705004,RAJKIYE H.S.MAHNA,W3,GIRLS ENROLLMENT CRASH,CRITICAL,-36.4,-20,2025-26
FATEHPUR,BAHUA,9420705004,RAJKIYE H.S.MAHNA,W10,MULTI-RISK ENROLLMENT,CRITICAL,8,8,2025-26
FATEHPUR,MALAWAN,9420410514,GOVT. H.S SCHOOL DEEGH,W3,GIRLS ENROLLMENT CRASH,CRITICAL,-25.5,-20,2025-26
FATEHPUR,NAGAR FATEHPUR,9421400627,RAJKIYE U.M.VIDAYALAYE ANDULI,W3,GIRLS ENROLLMENT CRASH,CRITICAL,-45.5,-20,2025-26
FIROZABAD,SHIKOHABAD,9160202503,GOVT. INTER COLLEGE NASIRPUR,W10,MULTI-RISK ENROLLMENT,CRITICAL,8,8,2025-26
GHAZIPUR,MANIHARI,9650211707,GOVT GIRLS. U.M.V. BUZURGA,W1,ENROLLMENT CRASH,CRITICAL,-25.9,-20,2025-26
GHAZIPUR,MANIHARI,9650211707,GOVT GIRLS. U.M.V. BUZURGA,W3,GIRLS ENROLLMENT CRASH,CRITICAL,-25.9,-20,2025-26
GHAZIPUR,MANIHARI,9650211707,GOVT GIRLS. U.M.V. BUZURGA,W5,CONTINUITY COLLAPSE,CRITICAL,40.0,60,2025-26
GHAZIPUR,MANIHARI,9650211707,GOVT GIRLS. U.M.V. BUZURGA,W10,MULTI-RISK ENROLLMENT,CRITICAL,10,8,2025-26
GHAZIPUR,MANIHARI,9650215604,RAJKIYA U.M.V MADHUBAN GHAZIPUR,W1,ENROLLMENT CRASH,CRITICAL,-25.5,-20,2025-26
GHAZIPUR,MANIHARI,9650215604,RAJKIYA U.M.V MADHUBAN GHAZIPUR,W3,GIRLS ENROLLMENT CRASH,CRITICAL,-48.5,-20,2025-26
GONDA,BELSAR,9531204906,G. H. S. AKAUNI,W3,GIRLS ENROLLMENT CRASH,CRITICAL,-26.7,-20,2025-26
GONDA,COLONELGANJ,9531502404,G.H.S. RAMPUR TEPRA,W1,ENROLLMENT CRASH,CRITICAL,-26.0,-20,2025-26
GONDA,COLONELGANJ,9531502404,G.H.S. RAMPUR TEPRA,W3,GIRLS ENROLLMENT CRASH,CRITICAL,-29.3,-20,2025-26
GONDA,JHANJHRI,9530905604,ABHINAV VIDYALAY KANSAPUR,W5,CONTINUITY COLLAPSE,CRITICAL,0.0,60,2025-26
GONDA,JHANJHRI,9530914403,G.H.S. DAULATPUR,W10,MULTI-RISK ENROLLMENT,CRITICAL,9,8,2025-26
GORAKHPUR,PIPRAULI,9580104003,GOVT. HIGH SCHOOL KOLHUI PIPRAULI,W1,ENROLLMENT CRASH,CRITICAL,-20.5,-20,2025-26
GORAKHPUR,PIPRAULI,9580104003,GOVT. HIGH SCHOOL KOLHUI PIPRAULI,W3,GIRLS ENROLLMENT CRASH,CRITICAL,-23.1,-20,2025-26
GORAKHPUR,PIPRAULI,9580104003,GOVT. HIGH SCHOOL KOLHUI PIPRAULI,W10,MULTI-RISK ENROLLMENT,CRITICAL,11,8,2025-26
GORAKHPUR,SAHJANWA,9580500106,RAJKIY H. SCHOOL SIHAPAAR SAHJANWA,W10,MULTI-RISK ENROLLMENT,CRITICAL,10,8,2025-26
HAMIRPUR (U.P.),SARILA,9380707109,GIC SARILA,W1,ENROLLMENT CRASH,CRITICAL,-26.1,-20,2025-26
HAMIRPUR (U.P.),SARILA,9380706602,GOVT HS BAUKHAR,W3,GIRLS ENROLLMENT CRASH,CRITICAL,-29.6,-20,2025-26
HAMIRPUR (U.P.),SUMERPUR,9380201604,GOVT HSS TERHA,W1,ENROLLMENT CRASH,CRITICAL,-20.6,-20,2025-26
HAMIRPUR (U.P.),SUMERPUR,9380201604,GOVT HSS TERHA,W3,GIRLS ENROLLMENT CRASH,CRITICAL,-30.4,-20,2025-26
HAMIRPUR (U.P.),SUMERPUR,9380201604,GOVT HSS TERHA,W10,MULTI-RISK ENROLLMENT,CRITICAL,11,8,2025-26
HAPUR (PANCHSHEEL NAGAR),GARH MUKTESWAR,9750800405,GOVT INTER COLLEGE SHERPUR  HAPUR,W3,GIRLS ENROLLMENT CRASH,CRITICAL,-31.2,-20,2025-26
HAPUR (PANCHSHEEL NAGAR),GARH MUKTESWAR,9750800405,GOVT INTER COLLEGE SHERPUR  HAPUR,W10,MULTI-RISK ENROLLMENT,CRITICAL,10,8,2025-26
HAPUR (PANCHSHEEL NAGAR),SIMBHAWALI,9750705303,GOVERENMENT INTER COLLEGE MURADPUR HAPUR,W3,GIRLS ENROLLMENT CRASH,CRITICAL,-34.3,-20,2025-26
HAPUR (PANCHSHEEL NAGAR),SIMBHAWALI,9750705303,GOVERENMENT INTER COLLEGE MURADPUR HAPUR,W10,MULTI-RISK ENROLLMENT,CRITICAL,8,8,2025-26
HARDOI,BILGRAM,9251706507,GOVT. H.S.S. RAHULA BILGRAM,W10,MULTI-RISK ENROLLMENT,CRITICAL,11,8,2025-26
HARDOI,MALLAWA,9250800605,ADARSH SHRISAD BAJIGANJ MALLAWAN,W3,GIRLS ENROLLMENT CRASH,CRITICAL,-33.3,-20,2025-26
HARDOI,MALLAWA,9250800605,ADARSH SHRISAD BAJIGANJ MALLAWAN,W10,MULTI-RISK ENROLLMENT,CRITICAL,10,8,2025-26
HARDOI,SHAHABAD,9251104105,R.U.M.V. BILHARI,W1,ENROLLMENT CRASH,CRITICAL,-38.8,-20,2025-26
HARDOI,SHAHABAD,9251104105,R.U.M.V. BILHARI,W3,GIRLS ENROLLMENT CRASH,CRITICAL,-54.2,-20,2025-26
HARDOI,SHAHABAD,9251104105,R.U.M.V. BILHARI,W10,MULTI-RISK ENROLLMENT,CRITICAL,11,8,2025-26
HARDOI,TANDIYAWA,9250909302,GOVT H.S.S. SARIPURCHACHETA,W3,GIRLS ENROLLMENT CRASH,CRITICAL,-46.3,-20,2025-26
HATHRAS,SIKANDRA RAO,9130504604,GOV HIGH SCHOOL PACHAYTA,W3,GIRLS ENROLLMENT CRASH,CRITICAL,-31.7,-20,2025-26
JALAUN,DAKOR,9350104105,GOVT. HSS AIR,W3,GIRLS ENROLLMENT CRASH,CRITICAL,-35.9,-20,2025-26
JALAUN,KADAURA,9350301408,GOVT. HSS CHHAUNK,W10,MULTI-RISK ENROLLMENT,CRITICAL,11,8,2025-26
JAUNPUR,KARANJA KALA,9640406208,GOVT. H.S. AARA,W10,MULTI-RISK ENROLLMENT,CRITICAL,9,8,2025-26
JHANSI,BAMORE,9360207306,ABHINAV VIDAHAYALA KURAITHA ,W1,ENROLLMENT CRASH,CRITICAL,-64.7,-20,2025-26
JHANSI,BAMORE,9360207306,ABHINAV VIDAHAYALA KURAITHA ,W3,GIRLS ENROLLMENT CRASH,CRITICAL,-58.8,-20,2025-26
JHANSI,BAMORE,9360207306,ABHINAV VIDAHAYALA KURAITHA ,W5,CONTINUITY COLLAPSE,CRITICAL,0.0,60,2025-26
JHANSI,BAMORE,9360207306,ABHINAV VIDAHAYALA KURAITHA ,W10,MULTI-RISK ENROLLMENT,CRITICAL,13,8,2025-26
JYOTIBA PHULE NAGAR (AMROHA),AMROHA,9061809103,RAJKIYA HIGH SCHOOL HASANPUR KATIA,W1,ENROLLMENT CRASH,CRITICAL,-28.1,-20,2025-26
JYOTIBA PHULE NAGAR (AMROHA),AMROHA,9061809103,RAJKIYA HIGH SCHOOL HASANPUR KATIA,W3,GIRLS ENROLLMENT CRASH,CRITICAL,-29.8,-20,2025-26
JYOTIBA PHULE NAGAR (AMROHA),DHANORA,9061909008,RAJKIYA H.S. DYOTI,W10,MULTI-RISK ENROLLMENT,CRITICAL,8,8,2025-26
JYOTIBA PHULE NAGAR (AMROHA),GANGESHWARI,9061600706,RAJKIYA H.S. RAHRAI,W10,MULTI-RISK ENROLLMENT,CRITICAL,8,8,2025-26
KANNAUJ,UMARDA,9300200106,RAJKIYA H.S.S DYODA UMARDA,W3,GIRLS ENROLLMENT CRASH,CRITICAL,-30.0,-20,2025-26
KANNAUJ,UMARDA,9300200105,RAJKIYA H.S.S FULWARI UMARDA,W1,ENROLLMENT CRASH,CRITICAL,-20.7,-20,2025-26
KANPUR DEHAT,RASULABAD,9330907717,GOVT.G.I.C.RASULABAD,W1,ENROLLMENT CRASH,CRITICAL,-40.7,-20,2025-26
KANPUR DEHAT,RASULABAD,9330907717,GOVT.G.I.C.RASULABAD,W3,GIRLS ENROLLMENT CRASH,CRITICAL,-40.7,-20,2025-26
KANPUR DEHAT,RASULABAD,9330907717,GOVT.G.I.C.RASULABAD,W5,CONTINUITY COLLAPSE,CRITICAL,0.0,60,2025-26
KANPUR NAGAR,CHAUBEPUR,9340404805,GOVT HIGH SCHOOL RAI GOPALPUR,W10,MULTI-RISK ENROLLMENT,CRITICAL,8,8,2025-26
KANPUR NAGAR,GHATAMPUR,9340901903,GOVT HIGH SCHOOL,W3,GIRLS ENROLLMENT CRASH,CRITICAL,-33.3,-20,2025-26
KANPUR NAGAR,GHATAMPUR,9340912902,GOVT HIGH SCHOOL KASIMPUR,W3,GIRLS ENROLLMENT CRASH,CRITICAL,-32.5,-20,2025-26
KAUSHAMBI,NEWADA,9440407004,RAJKIYA HIGH SCHOOL SHERGARH NEWADA KAUSHAMBI,W3,GIRLS ENROLLMENT CRASH,CRITICAL,-26.3,-20,2025-26
KHERI,PALIYA,9231104203,G.V.H.S.S. RANINAGAR PALIYA KHERI,W1,ENROLLMENT CRASH,CRITICAL,-27.7,-20,2025-26
KHERI,PALIYA,9231104203,G.V.H.S.S. RANINAGAR PALIYA KHERI,W10,MULTI-RISK ENROLLMENT,CRITICAL,10,8,2025-26
KHERI,PALIYA,9231106503,GOV.H.S.S TIKONA FORM,W3,GIRLS ENROLLMENT CRASH,CRITICAL,-28.9,-20,2025-26
KHERI,PHOOL BEHAR,9231203003,GOVT HS GOOM,W1,ENROLLMENT CRASH,CRITICAL,-39.2,-20,2025-26
KHERI,PHOOL BEHAR,9231203003,GOVT HS GOOM,W3,GIRLS ENROLLMENT CRASH,CRITICAL,-36.1,-20,2025-26
KUSHINAGAR,DUDAHI,9591205405,RAJKIYA U.M.V. NARAHWADIH,W3,GIRLS ENROLLMENT CRASH,CRITICAL,-21.7,-20,2025-26
KUSHINAGAR,HATA,9590607408,GOV. GIRLS I.C. HATA,W1,ENROLLMENT CRASH,CRITICAL,-24.1,-20,2025-26
KUSHINAGAR,HATA,9590607408,GOV. GIRLS I.C. HATA,W3,GIRLS ENROLLMENT CRASH,CRITICAL,-24.1,-20,2025-26
KUSHINAGAR,KHADDA,9590306605,RAJKIYA U.M.V. SISWA GOPAL,W1,ENROLLMENT CRASH,CRITICAL,-44.1,-20,2025-26
KUSHINAGAR,KHADDA,9590306605,RAJKIYA U.M.V. SISWA GOPAL,W3,GIRLS ENROLLMENT CRASH,CRITICAL,-45.5,-20,2025-26
KUSHINAGAR,KHADDA,9590306605,RAJKIYA U.M.V. SISWA GOPAL,W10,MULTI-RISK ENROLLMENT,CRITICAL,8,8,2025-26
KUSHINAGAR,SEORAHI,9591108603,RAJKIYA U.M.V. JUNGALI PATTI,W3,GIRLS ENROLLMENT CRASH,CRITICAL,-25.9,-20,2025-26
LALITPUR,BAR,9370105203,GHS BANAUNI,W1,ENROLLMENT CRASH,CRITICAL,-20.3,-20,2025-26
LALITPUR,BAR,9370105203,GHS BANAUNI,W3,GIRLS ENROLLMENT CRASH,CRITICAL,-22.8,-20,2025-26
LALITPUR,BAR,9370103803,GOVT HIGH SCHOOL VEER,W10,MULTI-RISK ENROLLMENT,CRITICAL,8,8,2025-26
LALITPUR,BIRDHA,9370208804,GHS JAMUNDHANAKALAN,W1,ENROLLMENT CRASH,CRITICAL,-24.0,-20,2025-26
LALITPUR,BIRDHA,9370208804,GHS JAMUNDHANAKALAN,W3,GIRLS ENROLLMENT CRASH,CRITICAL,-42.9,-20,2025-26
LALITPUR,BIRDHA,9370208804,GHS JAMUNDHANAKALAN,W10,MULTI-RISK ENROLLMENT,CRITICAL,8,8,2025-26
LALITPUR,BIRDHA,9370208003,GHS KAKORIYA,W10,MULTI-RISK ENROLLMENT,CRITICAL,9,8,2025-26
LALITPUR,JAKHORA,9370303610,GHS DAILWARA,W10,MULTI-RISK ENROLLMENT,CRITICAL,8,8,2025-26
LALITPUR,MAHRONI,9370504108,GHS PATHA,W1,ENROLLMENT CRASH,CRITICAL,-28.0,-20,2025-26
LALITPUR,MAHRONI,9370504108,GHS PATHA,W3,GIRLS ENROLLMENT CRASH,CRITICAL,-50.0,-20,2025-26
LALITPUR,MAHRONI,9370504108,GHS PATHA,W10,MULTI-RISK ENROLLMENT,CRITICAL,11,8,2025-26
LALITPUR,TALBEHAT,9370405605,GHS HANSARKALAN,W3,GIRLS ENROLLMENT CRASH,CRITICAL,-24.4,-20,2025-26
LUCKNOW,BAKSHI KA TALAB,9270817204,RAJKIYA HIGH SCHOOL SONVA,W10,MULTI-RISK ENROLLMENT,CRITICAL,8,8,2025-26
LUCKNOW,GOSHAI GANJ,9270611604,GOVT. HIGH SCHOOL SURIAMAU GOSAIGANJ,W10,MULTI-RISK ENROLLMENT,CRITICAL,10,8,2025-26
LUCKNOW,MOHAN LAL GANJ,9270503803,GOVT. HIGH SCHOOL DHANUWASAND,W10,MULTI-RISK ENROLLMENT,CRITICAL,8,8,2025-26
LUCKNOW,MOHAN LAL GANJ,9270519001,RAJKIYA HIGH SCHOOL KARORA,W10,MULTI-RISK ENROLLMENT,CRITICAL,8,8,2025-26
LUCKNOW,SAROJNI NAGAR,9270707205,GVOT. HIGH SCHOOL PALEHNDA,W3,GIRLS ENROLLMENT CRASH,CRITICAL,-25.6,-20,2025-26
MAHARAJGANJ,BRIJMAN GANJ,9571101211,GOVT HS SONBARSA,W1,ENROLLMENT CRASH,CRITICAL,-39.2,-20,2025-26
MAHARAJGANJ,BRIJMAN GANJ,9571101211,GOVT HS SONBARSA,W3,GIRLS ENROLLMENT CRASH,CRITICAL,-34.0,-20,2025-26
MAHARAJGANJ,BRIJMAN GANJ,9571101211,GOVT HS SONBARSA,W10,MULTI-RISK ENROLLMENT,CRITICAL,8,8,2025-26
MAHARAJGANJ,DHANI,9570901106,GOVT HS BARDAD,W1,ENROLLMENT CRASH,CRITICAL,-23.0,-20,2025-26
MAHARAJGANJ,NOUTANWA,9570706805,GOVT HSS VISHANPUR NAOUTANWA MAHARAJGANJ,W1,ENROLLMENT CRASH,CRITICAL,-20.1,-20,2025-26
MAHOBA,JAITPUR,9390207610,GOVT. GIRLS INTER COLLEGE KULPAHAR,W1,ENROLLMENT CRASH,CRITICAL,-25.8,-20,2025-26
MAHOBA,JAITPUR,9390207610,GOVT. GIRLS INTER COLLEGE KULPAHAR,W3,GIRLS ENROLLMENT CRASH,CRITICAL,-25.8,-20,2025-26
MAHOBA,JAITPUR,9390207610,GOVT. GIRLS INTER COLLEGE KULPAHAR,W10,MULTI-RISK ENROLLMENT,CRITICAL,10,8,2025-26
MAHOBA,JAITPUR,9390205703,GOVT. HIGH SCHOOL INDRAHATA,W1,ENROLLMENT CRASH,CRITICAL,-31.1,-20,2025-26
MAHOBA,JAITPUR,9390205703,GOVT. HIGH SCHOOL INDRAHATA,W3,GIRLS ENROLLMENT CRASH,CRITICAL,-27.8,-20,2025-26
MAHOBA,JAITPUR,9390212703,GOVT. HIGH SCHOOL MUHARI,W3,GIRLS ENROLLMENT CRASH,CRITICAL,-42.9,-20,2025-26
MAHOBA,PANWARI,9390409103,GOVT HIGH SCHOOL BIJRARI,W1,ENROLLMENT CRASH,CRITICAL,-35.3,-20,2025-26
MAHOBA,PANWARI,9390409103,GOVT HIGH SCHOOL BIJRARI,W3,GIRLS ENROLLMENT CRASH,CRITICAL,-31.2,-20,2025-26
MAHOBA,PANWARI,9390409103,GOVT HIGH SCHOOL BIJRARI,W10,MULTI-RISK ENROLLMENT,CRITICAL,8,8,2025-26
MAHOBA,PANWARI,9390410504,GOVT HIGH SCHOOL SILALPURA,W1,ENROLLMENT CRASH,CRITICAL,-33.3,-20,2025-26
MAHOBA,PANWARI,9390410504,GOVT HIGH SCHOOL SILALPURA,W3,GIRLS ENROLLMENT CRASH,CRITICAL,-42.3,-20,2025-26
MAHOBA,PANWARI,9390410504,GOVT HIGH SCHOOL SILALPURA,W10,MULTI-RISK ENROLLMENT,CRITICAL,11,8,2025-26
MAINPURI,BARNAHAL,9180905706,G.U.M. VID CHANDIKARA,W1,ENROLLMENT CRASH,CRITICAL,-23.1,-20,2025-26
MAINPURI,BARNAHAL,9180905706,G.U.M. VID CHANDIKARA,W10,MULTI-RISK ENROLLMENT,CRITICAL,11,8,2025-26
MAINPURI,BEWAR,9180502405,G HIGH SCHOOL AMEHRA,W10,MULTI-RISK ENROLLMENT,CRITICAL,10,8,2025-26
MAINPURI,GHIROR,9180207308,RAJKIYA HIGH SCHOOL MADHAILA  GHIROR,W3,GIRLS ENROLLMENT CRASH,CRITICAL,-29.6,-20,2025-26
MAINPURI,MAINPURI,9180103505,GOVT. HIGH SCHOOL ANGAUTHA,W3,GIRLS ENROLLMENT CRASH,CRITICAL,-25.6,-20,2025-26
MAINPURI,MAINPURI,9180103505,GOVT. HIGH SCHOOL ANGAUTHA,W10,MULTI-RISK ENROLLMENT,CRITICAL,10,8,2025-26
MATHURA,BALDEO,9141004321,GOVERMENT GIRLS INTER COLLEGE  BALDEO,W5,CONTINUITY COLLAPSE,CRITICAL,50.0,60,2025-26
MATHURA,BALDEO,9141004008,GOVT HIGH SCHOOL AKOS,W10,MULTI-RISK ENROLLMENT,CRITICAL,11,8,2025-26
MATHURA,BALDEO,9141000610,GOVT HIGH SCHOOL DAGENTA,W1,ENROLLMENT CRASH,CRITICAL,-22.4,-20,2025-26
MATHURA,BALDEO,9141000610,GOVT HIGH SCHOOL DAGENTA,W3,GIRLS ENROLLMENT CRASH,CRITICAL,-28.4,-20,2025-26
MATHURA,CHHATA,9140407405,GOVT HIGH SCHOOL TOOMAULA,W3,GIRLS ENROLLMENT CRASH,CRITICAL,-24.1,-20,2025-26
MATHURA,RAYA,9140802703,GOVT HIGH SCHOOL BISAVALI,W1,ENROLLMENT CRASH,CRITICAL,-26.8,-20,2025-26
MATHURA,RAYA,9140802703,GOVT HIGH SCHOOL BISAVALI,W10,MULTI-RISK ENROLLMENT,CRITICAL,8,8,2025-26
MATHURA,RAYA,9140803903,GOVT HIGH SCHOOL LOHAGARH,W3,GIRLS ENROLLMENT CRASH,CRITICAL,-30.8,-20,2025-26
MATHURA,RAYA,9140803903,GOVT HIGH SCHOOL LOHAGARH,W10,MULTI-RISK ENROLLMENT,CRITICAL,11,8,2025-26
MAU,RATANPURA,9620101606,GOVT HSS AILAKH,W1,ENROLLMENT CRASH,CRITICAL,-53.6,-20,2025-26
MAU,RATANPURA,9620101606,GOVT HSS AILAKH,W3,GIRLS ENROLLMENT CRASH,CRITICAL,-62.9,-20,2025-26
MAU,RATANPURA,9620104805,GOVT HSS JAMDARA,W3,GIRLS ENROLLMENT CRASH,CRITICAL,-33.3,-20,2025-26
MAU,RATANPURA,9620101608,Pt Deendayal Upadhyay Rajkiy Model Inter College Ailakh Mau,W1,ENROLLMENT CRASH,CRITICAL,-21.0,-20,2025-26
MEERUT,MEERUT NAGAR,9071300918,SPARSH RAJKIYA DRASHTIBADHIT BALAK I.C.,W10,MULTI-RISK ENROLLMENT,CRITICAL,10,8,2025-26
MEERUT,PARIKSHIT GARH,9071107102,GOVT. HIGH SCHOOL T. JANUBI,W10,MULTI-RISK ENROLLMENT,CRITICAL,9,8,2025-26
MEERUT,SARURPUR,9070701210,G.I.C. PANCHLI BUJURG,W5,CONTINUITY COLLAPSE,CRITICAL,53.1,60,2025-26
MEERUT,SARURPUR,9070703507,GOVT. HIGH SCHOOL KHIWAI,W3,GIRLS ENROLLMENT CRASH,CRITICAL,-31.6,-20,2025-26
MEERUT,SARURPUR,9070700709,Pt DEEN DAYAL UPADAYAY RAJKIYA MODEL INTER COLLEGE KALAND,W3,GIRLS ENROLLMENT CRASH,CRITICAL,-20.2,-20,2025-26
MIRZAPUR,HALIA,9690206307,GOVT. U.M.V. BARAUNDHA,W3,GIRLS ENROLLMENT CRASH,CRITICAL,-21.2,-20,2025-26
MIRZAPUR,HALIA,9690209405,GOVT. U.M.V. MATWAR,W3,GIRLS ENROLLMENT CRASH,CRITICAL,-33.3,-20,2025-26
MIRZAPUR,LALGANJ,9690300110,GOVT. U.M.V. DUBAR KALA,W1,ENROLLMENT CRASH,CRITICAL,-23.9,-20,2025-26
MIRZAPUR,PAHARI,9690401106,GOVT. HIGH SCHOOL DATI,W1,ENROLLMENT CRASH,CRITICAL,-23.6,-20,2025-26
MIRZAPUR,PAHARI,9690401106,GOVT. HIGH SCHOOL DATI,W3,GIRLS ENROLLMENT CRASH,CRITICAL,-26.3,-20,2025-26
MIRZAPUR,PAHARI,9690401106,GOVT. HIGH SCHOOL DATI,W10,MULTI-RISK ENROLLMENT,CRITICAL,10,8,2025-26
MIRZAPUR,PAHARI,9690405306,"SAMAJWADI ABHINAV VIDYALAYA, BHOJPUR PAHARI",W1,ENROLLMENT CRASH,CRITICAL,-39.5,-20,2025-26
MIRZAPUR,PAHARI,9690405306,"SAMAJWADI ABHINAV VIDYALAYA, BHOJPUR PAHARI",W5,CONTINUITY COLLAPSE,CRITICAL,0.0,60,2025-26
MIRZAPUR,PAHARI,9690405306,"SAMAJWADI ABHINAV VIDYALAYA, BHOJPUR PAHARI",W10,MULTI-RISK ENROLLMENT,CRITICAL,13,8,2025-26
MORADABAD,CHAJLET,9042007613,GOVT INTER COLLEGE SALEMPUR,W1,ENROLLMENT CRASH,CRITICAL,-43.0,-20,2025-26
MORADABAD,CHAJLET,9042007613,GOVT INTER COLLEGE SALEMPUR,W3,GIRLS ENROLLMENT CRASH,CRITICAL,-26.1,-20,2025-26
MORADABAD,CHAJLET,9042007613,GOVT INTER COLLEGE SALEMPUR,W10,MULTI-RISK ENROLLMENT,CRITICAL,8,8,2025-26
MORADABAD,MORADABAD CITY BOYS,9041505401,GOVERNMENT INTER COLLEGE,W1,ENROLLMENT CRASH,CRITICAL,-33.3,-20,2025-26
MORADABAD,MORADABAD CITY BOYS,9041505401,GOVERNMENT INTER COLLEGE,W3,GIRLS ENROLLMENT CRASH,CRITICAL,-29.1,-20,2025-26
MORADABAD,THAKURDWARA,9041201241,GOVT INTER COLLEGE THAKURDWARA,W3,GIRLS ENROLLMENT CRASH,CRITICAL,-29.7,-20,2025-26
MORADABAD,THAKURDWARA,9041212602,GOVT.HIGH SCHOOL TANDA AFJAL,W10,MULTI-RISK ENROLLMENT,CRITICAL,8,8,2025-26
MUZAFFARNAGAR,BAGHRA,9020204408,GOVT.HIGHE SCHOOL KUTBI,W10,MULTI-RISK ENROLLMENT,CRITICAL,10,8,2025-26
MUZAFFARNAGAR,CHARTHAWAL,9020303907,GOVT INTER COLLEGE MUTHRA   MUZAFFARNAGAR,W1,ENROLLMENT CRASH,CRITICAL,-21.6,-20,2025-26
MUZAFFARNAGAR,CHARTHAWAL,9020303907,GOVT INTER COLLEGE MUTHRA   MUZAFFARNAGAR,W10,MULTI-RISK ENROLLMENT,CRITICAL,10,8,2025-26
MUZAFFARNAGAR,KHATAULI,9021400115,GOVT.HIGH SCHOOL NAVLA,W10,MULTI-RISK ENROLLMENT,CRITICAL,8,8,2025-26
MUZAFFARNAGAR,PURKAJI,9020402209,GOVT.HIGH SCHOOL TEJALHERA,W1,ENROLLMENT CRASH,CRITICAL,-23.1,-20,2025-26
MUZAFFARNAGAR,PURKAJI,9020402209,GOVT.HIGH SCHOOL TEJALHERA,W3,GIRLS ENROLLMENT CRASH,CRITICAL,-28.0,-20,2025-26
MUZAFFARNAGAR,PURKAJI,9020402209,GOVT.HIGH SCHOOL TEJALHERA,W10,MULTI-RISK ENROLLMENT,CRITICAL,10,8,2025-26
MUZAFFARNAGAR,PURKAJI,9020404613,PANDIT DEEN DAYAL UPADHYAY RAJKIYA INTER COLLEGE KHAI KHERI MZN,W3,GIRLS ENROLLMENT CRASH,CRITICAL,-22.7,-20,2025-26
MUZAFFARNAGAR,SADAR,9020100607,GOVT HIGH SCHOOL RAI,W1,ENROLLMENT CRASH,CRITICAL,-33.3,-20,2025-26
MUZAFFARNAGAR,SADAR,9020100607,GOVT HIGH SCHOOL RAI,W3,GIRLS ENROLLMENT CRASH,CRITICAL,-42.1,-20,2025-26
MUZAFFARNAGAR,SADAR,9020100607,GOVT HIGH SCHOOL RAI,W10,MULTI-RISK ENROLLMENT,CRITICAL,8,8,2025-26
MUZAFFARNAGAR,SHAHPUR,9020500408,GOVT. HIGHSCHOOL DHINDHAVALI (SHAHPUR),W3,GIRLS ENROLLMENT CRASH,CRITICAL,-31.8,-20,2025-26
PILIBHIT,AMARIA,9210106405,PANDIT DEEN DAYAL UPADHYAY GOVERNMENT MODEL INTER COLLEGE BADHEPURA AMARIA PILIBIHT,W1,ENROLLMENT CRASH,CRITICAL,-21.0,-20,2025-26
PILIBHIT,AMARIA,9210106405,PANDIT DEEN DAYAL UPADHYAY GOVERNMENT MODEL INTER COLLEGE BADHEPURA AMARIA PILIBIHT,W3,GIRLS ENROLLMENT CRASH,CRITICAL,-22.1,-20,2025-26
PILIBHIT,BILSANDA,9210404504,GOVERNMENT HIGH SCHOOL JAMUNIYA MAHUA,W3,GIRLS ENROLLMENT CRASH,CRITICAL,-36.7,-20,2025-26
PILIBHIT,BISALPUR,9210301503,"GOVERNMENT  HIGH SCHOOL, LUHICHA BISALPUR",W3,GIRLS ENROLLMENT CRASH,CRITICAL,-28.6,-20,2025-26
PILIBHIT,MARORI,9210600814,GOVERNMENT INTER COLLEGE NEORIA MARORI,W3,GIRLS ENROLLMENT CRASH,CRITICAL,-23.1,-20,2025-26
PILIBHIT,PURANPUR,9210707902,"GOVERNMENT INTER COLLEGE, GABHIYA SAHRAI PURANPUR",W10,MULTI-RISK ENROLLMENT,CRITICAL,8,8,2025-26
PRATAPGARH,MANDHATA,9431004704,G H S S PURAILA,W3,GIRLS ENROLLMENT CRASH,CRITICAL,-26.5,-20,2025-26
PRATAPGARH,SADWA-CHANDRIKA,9431507205,GOVT. INTER COLLEGE,W1,ENROLLMENT CRASH,CRITICAL,-21.1,-20,2025-26
PRATAPGARH,SADWA-CHANDRIKA,9431507205,GOVT. INTER COLLEGE,W3,GIRLS ENROLLMENT CRASH,CRITICAL,-27.2,-20,2025-26
PRATAPGARH,SHIVGARH,9431700203,GOVT. H S SCHOOL IMLIDAD,W1,ENROLLMENT CRASH,CRITICAL,-33.3,-20,2025-26
PRATAPGARH,SHIVGARH,9431700203,GOVT. H S SCHOOL IMLIDAD,W3,GIRLS ENROLLMENT CRASH,CRITICAL,-33.3,-20,2025-26
PRAYAGRAJ,HANDIA,9452004803,RAJKIYA U.M.V.,W1,ENROLLMENT CRASH,CRITICAL,-28.2,-20,2025-26
PRAYAGRAJ,HANDIA,9452004803,RAJKIYA U.M.V.,W3,GIRLS ENROLLMENT CRASH,CRITICAL,-28.9,-20,2025-26
PRAYAGRAJ,MANDA,9451604004,RAJKIYA U.M.V. DIGHIYA,W1,ENROLLMENT CRASH,CRITICAL,-21.5,-20,2025-26
PRAYAGRAJ,MANDA,9451604004,RAJKIYA U.M.V. DIGHIYA,W10,MULTI-RISK ENROLLMENT,CRITICAL,8,8,2025-26
RAE BARELI,CHHATOH,9282401707,GOV. GIRLS HIGHER SECONDERY CHHATOH,W10,MULTI-RISK ENROLLMENT,CRITICAL,10,8,2025-26
RAE BARELI,HARCHANDPUR,9280302307,"G.G. HIGHER SECONDARY SCHOOL, PASCHIM GAON",W10,MULTI-RISK ENROLLMENT,CRITICAL,9,8,2025-26
RAE BARELI,SHIVGARH,9280500703,"G.G.HIGHER SECONDARY SCHOOL, OSAAH",W3,GIRLS ENROLLMENT CRASH,CRITICAL,-22.6,-20,2025-26
RAMPUR,BILASPUR,9050211003,GOVT HSS AHRO BILASHPUR,W1,ENROLLMENT CRASH,CRITICAL,-34.5,-20,2025-26
RAMPUR,BILASPUR,9050211003,GOVT HSS AHRO BILASHPUR,W3,GIRLS ENROLLMENT CRASH,CRITICAL,-33.3,-20,2025-26
RAMPUR,BILASPUR,9050211003,GOVT HSS AHRO BILASHPUR,W10,MULTI-RISK ENROLLMENT,CRITICAL,11,8,2025-26
RAMPUR,BILASPUR,9050200102,GOVT HSS GAJRAULA BILASPUR,W3,GIRLS ENROLLMENT CRASH,CRITICAL,-21.5,-20,2025-26
RAMPUR,BILASPUR,9050209107,"GOVT INTER COLLEGE MANUNAGAR, BILASPUR",W10,MULTI-RISK ENROLLMENT,CRITICAL,9,8,2025-26
RAMPUR,TOWN AREA RAMPUR,9050705613,GOVT GIRLS IC QILA RAMPUR,W1,ENROLLMENT CRASH,CRITICAL,-35.3,-20,2025-26
RAMPUR,TOWN AREA RAMPUR,9050705613,GOVT GIRLS IC QILA RAMPUR,W3,GIRLS ENROLLMENT CRASH,CRITICAL,-35.3,-20,2025-26
RAMPUR,TOWN AREA RAMPUR,9050703909,GOVT ORIENTAL COLLEGE RAMPUR,W1,ENROLLMENT CRASH,CRITICAL,-25.0,-20,2025-26
RAMPUR,TOWN AREA RAMPUR,9050703909,GOVT ORIENTAL COLLEGE RAMPUR,W5,CONTINUITY COLLAPSE,CRITICAL,0.0,60,2025-26
SAHARANPUR,BALIA KHEDI,9010802912,RAJKIYA HIGH SCHOOL SABDALPUR,W10,MULTI-RISK ENROLLMENT,CRITICAL,10,8,2025-26
SAHARANPUR,DEOBAND,9010505706,RAJKIYE INTER COLLEGE SANPALA BAKKAL,W1,ENROLLMENT CRASH,CRITICAL,-35.9,-20,2025-26
SAHARANPUR,DEOBAND,9010505706,RAJKIYE INTER COLLEGE SANPALA BAKKAL,W3,GIRLS ENROLLMENT CRASH,CRITICAL,-42.4,-20,2025-26
SAHARANPUR,GANGOH,9010305905,GOVT. HIGH SCHOOL,W3,GIRLS ENROLLMENT CRASH,CRITICAL,-22.9,-20,2025-26
SAHARANPUR,MUZAFFARABAD,9011214506,RAJKIY HIGH SCHOOL,W3,GIRLS ENROLLMENT CRASH,CRITICAL,-20.3,-20,2025-26
SAHARANPUR,MUZAFFARABAD,9011209303,SAMAJWADI  ABHINAV VIDYALYA KALUWAL,W3,GIRLS ENROLLMENT CRASH,CRITICAL,-28.6,-20,2025-26
SAHARANPUR,NAGAL,9011101410,RAJKIYE INTER COLLEGE BANHERA KHAS,W1,ENROLLMENT CRASH,CRITICAL,-31.7,-20,2025-26
SAHARANPUR,NAGAL,9011101410,RAJKIYE INTER COLLEGE BANHERA KHAS,W3,GIRLS ENROLLMENT CRASH,CRITICAL,-29.9,-20,2025-26
SAHARANPUR,NANAUTA,9010902802,GOVT. HIGH SHCOOL BHAWASI RAIPUR,W1,ENROLLMENT CRASH,CRITICAL,-21.7,-20,2025-26
SAHARANPUR,NANAUTA,9010900806,RAJKIYA HAIGH SCHOOL ABHA NANAUTA,W3,GIRLS ENROLLMENT CRASH,CRITICAL,-41.8,-20,2025-26
SAHARANPUR,PUNWARKA,9011007604,"GOVT HIGH SCHOOL CHANDPUR, SRE",W10,MULTI-RISK ENROLLMENT,CRITICAL,8,8,2025-26
SAHARANPUR,SADHOLI KADIM,9010409003,PDDUGICNAUGAVAN,W5,CONTINUITY COLLAPSE,CRITICAL,20.0,60,2025-26
SAMBHAL (BHIM NAGAR),SAMBHAL CITY,9681303933,GOVERNMENT INTER COLLEGE TAKHTGOSAI,W3,GIRLS ENROLLMENT CRASH,CRITICAL,-40.0,-20,2025-26
SAMBHAL (BHIM NAGAR),SAMBHAL CITY,9681303933,GOVERNMENT INTER COLLEGE TAKHTGOSAI,W5,CONTINUITY COLLAPSE,CRITICAL,22.2,60,2025-26
SANT KABIR NAGAR,SEMARINYAVA,9561702605,GOVT. HIGH SCHOOL UMILA,W1,ENROLLMENT CRASH,CRITICAL,-21.9,-20,2025-26
SANT KABIR NAGAR,SEMARINYAVA,9561704403,GOVT.UMVIDYALAY KARMAKHAN,W3,GIRLS ENROLLMENT CRASH,CRITICAL,-23.8,-20,2025-26
SHAHJAHANPUR,JALALABAD,9220307603,G.H.S. CHAURASI,W10,MULTI-RISK ENROLLMENT,CRITICAL,11,8,2025-26
SHAHJAHANPUR,SINDHAULI,9220505205,RAJKIYE UMV BILANDPUR GADDIPUR,W3,GIRLS ENROLLMENT CRASH,CRITICAL,-25.8,-20,2025-26
SHAMLI (PRABUDH NAGAR),KANDHLA,9740704105,PANDIT DEEN DAYAL UPADHYAY RAJKIYA MODEL INTER COLLEGE AALDI SHAMLI,W3,GIRLS ENROLLMENT CRASH,CRITICAL,-25.0,-20,2025-26
SHAMLI (PRABUDH NAGAR),OON,9740903504,GOVT YAMUNA KHADAR INTER COLLEGE,W3,GIRLS ENROLLMENT CRASH,CRITICAL,-21.4,-20,2025-26
SHAMLI (PRABUDH NAGAR),OON,9740903504,GOVT YAMUNA KHADAR INTER COLLEGE,W10,MULTI-RISK ENROLLMENT,CRITICAL,8,8,2025-26
SIDDHARTHNAGAR,BHANVAPUR,9540901303,RAJKIYEE U.M.V. BHARAVATIYA BAZAR,W1,ENROLLMENT CRASH,CRITICAL,-29.5,-20,2025-26
SIDDHARTHNAGAR,BHANVAPUR,9540901303,RAJKIYEE U.M.V. BHARAVATIYA BAZAR,W3,GIRLS ENROLLMENT CRASH,CRITICAL,-35.3,-20,2025-26
SIDDHARTHNAGAR,BIRDPUR,9540204206,RAJKIYEE U.M.V NAGCHAURI,W1,ENROLLMENT CRASH,CRITICAL,-46.1,-20,2025-26
SIDDHARTHNAGAR,BIRDPUR,9540204206,RAJKIYEE U.M.V NAGCHAURI,W3,GIRLS ENROLLMENT CRASH,CRITICAL,-64.7,-20,2025-26
SIDDHARTHNAGAR,BIRDPUR,9540204206,RAJKIYEE U.M.V NAGCHAURI,W10,MULTI-RISK ENROLLMENT,CRITICAL,8,8,2025-26
SIDDHARTHNAGAR,ITAVA,9540705206,RAJKEEY UMV KATHELA GRANT,W10,MULTI-RISK ENROLLMENT,CRITICAL,10,8,2025-26
SIDDHARTHNAGAR,JOGIYA,9541102403,RAJKYEE U.MV. TARIYA BAZAR,W10,MULTI-RISK ENROLLMENT,CRITICAL,8,8,2025-26
SITAPUR,BISWAN,9240304103,RAJKIYA U.M.V. KYOTI BADULLAH,W10,MULTI-RISK ENROLLMENT,CRITICAL,8,8,2025-26
SITAPUR,KHAIRABAD,9240701601,RAJKIYA U.M.V CHILVARA,W3,GIRLS ENROLLMENT CRASH,CRITICAL,-22.7,-20,2025-26
SONBHADRA,CHOPAN,9700100110,Govt. H.S.S. SIDHAHAWA,W10,MULTI-RISK ENROLLMENT,CRITICAL,8,8,2025-26
SULTANPUR,DOSTPUR,9490800302,Pandit Deen Dayal Upadhyay IC,W1,ENROLLMENT CRASH,CRITICAL,-20.1,-20,2025-26
SULTANPUR,DOSTPUR,9490800302,Pandit Deen Dayal Upadhyay IC,W3,GIRLS ENROLLMENT CRASH,CRITICAL,-25.0,-20,2025-26
SULTANPUR,JAISINGHPUR,9491207604,GHS PEEDHI,W10,MULTI-RISK ENROLLMENT,CRITICAL,10,8,2025-26
UNNAO,BAGARMAU,9260201204,GOVT. HIGH SCHOOL BERIYA GARAHA UNNAO,W1,ENROLLMENT CRASH,CRITICAL,-23.5,-20,2025-26
UNNAO,NAVABGANJ,9260805106,GOVT INTER COLLEGE CHAMRAULI,W10,MULTI-RISK ENROLLMENT,CRITICAL,8,8,2025-26
UNNAO,SAFIPUR,9260401803,GOVT HIGH SCHOOL KISHAUN PUR TANDAWA,W3,GIRLS ENROLLMENT CRASH,CRITICAL,-23.5,-20,2025-26
UNNAO,SIKANDERPUR KARN,9261103301,GOVT HIGH GHONGHI RAUTAPUR,W1,ENROLLMENT CRASH,CRITICAL,-31.7,-20,2025-26
UNNAO,SIKANDERPUR KARN,9261103301,GOVT HIGH GHONGHI RAUTAPUR,W3,GIRLS ENROLLMENT CRASH,CRITICAL,-33.9,-20,2025-26
UNNAO,SIKANDERPUR KARN,9261109404,GOVT HIGH SCHOOL KULUHA GARHA,W1,ENROLLMENT CRASH,CRITICAL,-22.2,-20,2025-26
VARANASI,ARAJILINES,9670509206,GOVERNMENT ABHINAV INTER COLLEGE ARAJILINES,W10,MULTI-RISK ENROLLMENT,CRITICAL,8,8,2025-26
AGRA,FATEHABAD,9151108704,GOVERNMENT INTER COLLEGE AIE AGRA,W3,GIRLS ENROLLMENT CRASH,CRITICAL,-21.3,-20,2025-26
ALIGARH,NAGAR ALIGARH,9121306092,GOVERNMENT HIGH SCHOOL BHUJPURA,W1,ENROLLMENT CRASH,CRITICAL,-77.8,-20,2025-26
ALIGARH,NAGAR ALIGARH,9121306092,GOVERNMENT HIGH SCHOOL BHUJPURA,W3,GIRLS ENROLLMENT CRASH,CRITICAL,-85.0,-20,2025-26
BAHRAICH,MIHIN PURVA,9501104811,GIC MADHWAPUR,W1,ENROLLMENT CRASH,CRITICAL,-25.5,-20,2025-26
BAHRAICH,MIHIN PURVA,9501104811,GIC MADHWAPUR,W3,GIRLS ENROLLMENT CRASH,CRITICAL,-29.8,-20,2025-26
DEORIA,BHATPAR RANI,9601100209,SAHEED PREMSAGAR GOVT  GIRLS INTER COLLAGE ,W1,ENROLLMENT CRASH,CRITICAL,-26.4,-20,2025-26
DEORIA,BHATPAR RANI,9601100209,SAHEED PREMSAGAR GOVT  GIRLS INTER COLLAGE ,W3,GIRLS ENROLLMENT CRASH,CRITICAL,-26.4,-20,2025-26
HAMIRPUR (U.P.),MUSKARA,9380404704,NAVIN GOVT HIGH SCHOOL GUNDELA,W3,GIRLS ENROLLMENT CRASH,CRITICAL,-34.5,-20,2025-26
JYOTIBA PHULE NAGAR (AMROHA),HASANPUR,9064100090,GOVT. MODEL INTER COLLEGE GALSUA,W5,CONTINUITY COLLAPSE,CRITICAL,18.2,60,2025-26
JYOTIBA PHULE NAGAR (AMROHA),HASANPUR,9064100084,RAJKIYA MODAL INTER COLLEGE TUGHLAKABAD,W1,ENROLLMENT CRASH,CRITICAL,-79.4,-20,2025-26
JYOTIBA PHULE NAGAR (AMROHA),HASANPUR,9064100084,RAJKIYA MODAL INTER COLLEGE TUGHLAKABAD,W3,GIRLS ENROLLMENT CRASH,CRITICAL,-85.7,-20,2025-26
JYOTIBA PHULE NAGAR (AMROHA),HASANPUR,9064100084,RAJKIYA MODAL INTER COLLEGE TUGHLAKABAD,W10,MULTI-RISK ENROLLMENT,CRITICAL,8,8,2025-26
KANSHIRAM NAGAR,PATIYALI,9721002635,GOVERNMENT INTER COLLAGE THANA DARIYAVGANJ,W5,CONTINUITY COLLAPSE,CRITICAL,32.9,60,2025-26
PILIBHIT,AMARIA,9210108404,"GOVERNMENT HIGH SCHOOL SARAINI TIRKUNIYA, AMARIYA, PILIBHIT",W1,ENROLLMENT CRASH,CRITICAL,-21.4,-20,2025-26
PILIBHIT,AMARIA,9210108404,"GOVERNMENT HIGH SCHOOL SARAINI TIRKUNIYA, AMARIYA, PILIBHIT",W3,GIRLS ENROLLMENT CRASH,CRITICAL,-33.3,-20,2025-26
RAE BARELI,SHIVGARH,9280505504,GOVT INTER COLLEGE ACHCHHAI RAEBARELI,W1,ENROLLMENT CRASH,CRITICAL,-42.0,-20,2025-26
RAE BARELI,SHIVGARH,9280505504,GOVT INTER COLLEGE ACHCHHAI RAEBARELI,W3,GIRLS ENROLLMENT CRASH,CRITICAL,-35.5,-20,2025-26
SAMBHAL (BHIM NAGAR),RAJPURA,9681705510,GOVT. INTER COLLEGE BHIRAVTI,W5,CONTINUITY COLLAPSE,CRITICAL,46.4,60,2025-26
SANT KABIR NAGAR,SANTHA,9562201703,GOVT HIGH SCHOOL MOTIPUR SANTHA SANT KABIR NAGAR,W3,GIRLS ENROLLMENT CRASH,CRITICAL,-55.6,-20,2025-26
SANT KABIR NAGAR,SEMARINYAVA,9561701021,GOVT HIGH SCHOOL AGAYA SEMARIYAWA SANT KABIR NAGAR,W1,ENROLLMENT CRASH,CRITICAL,-28.6,-20,2025-26
SANT KABIR NAGAR,SEMARINYAVA,9561701021,GOVT HIGH SCHOOL AGAYA SEMARIYAWA SANT KABIR NAGAR,W3,GIRLS ENROLLMENT CRASH,CRITICAL,-48.8,-20,2025-26
UNNAO,BIGHAPUR,9261501803,GOVERNMENT INTER COLLEGE KHURDHAI,W1,ENROLLMENT CRASH,CRITICAL,-36.7,-20,2025-26
