District,Block,School_ID,School_Name,Total_2223,Total_2526,Overall_Growth_pct,Risk_Score,Risk_Level,Decline_flag,Severe_Decline_flag,Low_Continuity_flag,Wide_Enroll_Spread_flag,Low_Enrollment_flag,Volatile_flag,Girls_Decline_flag,Gender_Imbalance_flag,Weak_Continuity_flag,Small_School_flag
MIRZAPUR,PAHARI,9690405306,"SAMAJWADI ABHINAV VIDYALAYA, BHOJPUR PAHARI",65.0,23,-64.62,13,HIGH RISK,Yes,Yes,No,Yes,Yes,Yes,Yes,Yes,No,Yes
JHANSI,BAMORE,9360207306,ABHINAV VIDAHAYALA KURAITHA ,62.0,12,-80.65,13,HIGH RISK,Yes,Yes,No,Yes,Yes,Yes,Yes,Yes,No,Yes
HARDOI,SHAHABAD,9251104105,R.U.M.V. BILHARI,132.0,41,-68.94,11,HIGH RISK,Yes,Yes,No,No,Yes,Yes,Yes,Yes,No,Yes
BIJNOR,KIRATPUR,9030703406,RAJKIYA HIGHSCHOOL PADALA,92.0,49,-46.74,11,HIGH RISK,Yes,Yes,No,No,Yes,Yes,Yes,Yes,No,Yes
RAMPUR,BILASPUR,9050211003,GOVT HSS AHRO BILASHPUR,88.0,36,-59.09,11,HIGH RISK,Yes,Yes,No,No,Yes,Yes,Yes,Yes,No,Yes
MATHURA,BALDEO,9141004008,GOVT HIGH SCHOOL AKOS,68.0,48,-29.41,11,HIGH RISK,Yes,Yes,No,No,Yes,Yes,Yes,Yes,No,Yes
LALITPUR,MAHRONI,9370504108,GHS PATHA,87.0,36,-58.62,11,HIGH RISK,Yes,Yes,No,No,Yes,Yes,Yes,Yes,No,Yes
AZAMGARH,HARRAIYA,9611400703,R.U.M.V. ETAILY,181.0,28,-84.53,11,HIGH RISK,Yes,Yes,No,No,Yes,Yes,Yes,Yes,No,Yes
AZAMGARH,THEKMA,9612106802,GOVT GIRLS I.C.  ASHWANIYA,65.0,34,-47.69,11,HIGH RISK,Yes,Yes,No,No,Yes,Yes,Yes,Yes,No,Yes
AMETHI - CSM NAGAR,MUSAFIRKHANA,9730303904,RAJKIY HIGH SCHOOL KANJAS,71.0,38,-46.48,11,HIGH RISK,Yes,Yes,No,No,Yes,Yes,Yes,Yes,No,Yes
GORAKHPUR,PIPRAULI,9580104003,GOVT. HIGH SCHOOL KOLHUI PIPRAULI,52.0,31,-40.38,11,HIGH RISK,Yes,Yes,No,No,Yes,Yes,Yes,Yes,No,Yes
SHAHJAHANPUR,JALALABAD,9220307603,G.H.S. CHAURASI,60.0,34,-43.33,11,HIGH RISK,Yes,Yes,No,No,Yes,Yes,Yes,Yes,No,Yes
HAMIRPUR (U.P.),SUMERPUR,9380201604,GOVT HSS TERHA,69.0,27,-60.87,11,HIGH RISK,Yes,Yes,No,No,Yes,Yes,Yes,Yes,No,Yes
BALLIA,NAGARA,9630204904,RAJKIY UPS JUDANPUR,35.0,7,-80.0,11,HIGH RISK,Yes,Yes,No,No,Yes,Yes,Yes,Yes,No,Yes
BALLIA,PANDAH,9630604004,RAJKIYA UPS EKAIL,54.0,34,-37.04,11,HIGH RISK,Yes,Yes,No,No,Yes,Yes,Yes,Yes,No,Yes
MAHOBA,PANWARI,9390410504,GOVT HIGH SCHOOL SILALPURA,45.0,22,-51.11,11,HIGH RISK,Yes,Yes,No,No,Yes,Yes,Yes,Yes,No,Yes
MAINPURI,BARNAHAL,9180905706,G.U.M. VID CHANDIKARA,68.0,20,-70.59,11,HIGH RISK,Yes,Yes,No,No,Yes,Yes,Yes,Yes,No,Yes
MATHURA,RAYA,9140803903,GOVT HIGH SCHOOL LOHAGARH,81.0,39,-51.85,11,HIGH RISK,Yes,Yes,No,No,Yes,Yes,Yes,Yes,No,Yes
DEORIA,PATTHRDEVA,9600503804,R .UMV RAMPUR MAHUARI,114.0,47,-58.77,11,HIGH RISK,Yes,Yes,No,No,Yes,Yes,Yes,Yes,No,Yes
DEORIA,PATTHRDEVA,9600503905,GOVT.H.S.SCHOOL MALGHOT BIRAICHA,37.0,22,-40.54,11,HIGH RISK,Yes,Yes,No,No,Yes,Yes,Yes,Yes,No,Yes
HARDOI,BILGRAM,9251706507,GOVT. H.S.S. RAHULA BILGRAM,37.0,17,-54.05,11,HIGH RISK,Yes,Yes,No,No,Yes,Yes,Yes,Yes,No,Yes
JALAUN,KADAURA,9350301408,GOVT. HSS CHHAUNK,95.0,41,-56.84,11,HIGH RISK,Yes,Yes,No,No,Yes,Yes,Yes,Yes,No,Yes
KHERI,PALIYA,9231104203,G.V.H.S.S. RANINAGAR PALIYA KHERI,97.0,60,-38.14,10,HIGH RISK,Yes,Yes,No,No,Yes,Yes,Yes,Yes,No,No
MAINPURI,MAINPURI,9180103505,GOVT. HIGH SCHOOL ANGAUTHA,89.0,60,-32.58,10,HIGH RISK,Yes,Yes,No,No,Yes,Yes,Yes,Yes,No,No
BASTI,GAUR,9550518709,GOVT HR SEC PIPRAHIA,88.0,55,-37.5,10,HIGH RISK,Yes,Yes,No,No,Yes,Yes,Yes,Yes,No,No
SIDDHARTHNAGAR,ITAVA,9540705206,RAJKEEY UMV KATHELA GRANT,157.0,84,-46.5,10,HIGH RISK,Yes,Yes,No,No,Yes,Yes,Yes,Yes,No,No
CHITRAKOOT,MANIKPUR,9410500910,GOVT. HIGH SCHOOL ETAWA DUDAILA,122.0,77,-36.89,10,HIGH RISK,Yes,Yes,No,No,Yes,Yes,Yes,Yes,No,No
MIRZAPUR,PAHARI,9690401106,GOVT. HIGH SCHOOL DATI,163.0,94,-42.33,10,HIGH RISK,Yes,Yes,No,No,Yes,Yes,Yes,Yes,No,No
BUDAUN,UJHANI,9190201510,"GOVT. HS SCHOOL,DEHMU",127.0,88,-30.71,10,HIGH RISK,Yes,Yes,No,No,Yes,Yes,Yes,Yes,No,No
BUDAUN,BISAULI,9191600150,"GOVT. HIGH SCHOOL, KARANPUR",70.0,50,-28.57,10,HIGH RISK,Yes,Yes,No,No,Yes,Yes,Yes,Yes,No,No
MUZAFFARNAGAR,BAGHRA,9020204408,GOVT.HIGHE SCHOOL KUTBI,86.0,60,-30.23,10,HIGH RISK,Yes,Yes,No,No,Yes,Yes,Yes,Yes,No,No
HAPUR (PANCHSHEEL NAGAR),GARH MUKTESWAR,9750800405,GOVT INTER COLLEGE SHERPUR  HAPUR,118.0,65,-44.92,10,HIGH RISK,Yes,Yes,No,No,Yes,Yes,Yes,Yes,No,No
HARDOI,MALLAWA,9250800605,ADARSH SHRISAD BAJIGANJ MALLAWAN,19.0,14,-26.32,10,HIGH RISK,Yes,Yes,No,No,Yes,No,Yes,Yes,No,Yes
BAREILLY,BHOJIPURA,9201100403,GOVT. HIGH SCHOOL ALINAGAR,184.0,99,-46.2,10,HIGH RISK,Yes,Yes,No,No,Yes,Yes,Yes,Yes,No,No
SAHARANPUR,BALIA KHEDI,9010802912,RAJKIYA HIGH SCHOOL SABDALPUR,115.0,62,-46.09,10,HIGH RISK,Yes,Yes,No,No,Yes,Yes,Yes,Yes,No,No
MUZAFFARNAGAR,PURKAJI,9020402209,GOVT.HIGH SCHOOL TEJALHERA,84.0,50,-40.48,10,HIGH RISK,Yes,Yes,No,No,Yes,Yes,Yes,Yes,No,No
BIJNOR,KOTWALI,9030811006,GOVE.GIRLS HIGH SCHOOL BUDHAWALA,96.0,53,-44.79,10,HIGH RISK,Yes,Yes,No,No,Yes,Yes,Yes,Yes,No,No
BANDA,NARAINI,9400400109,GOVT. HIGH SCHOOL PAUHAR,80.0,53,-33.75,10,HIGH RISK,Yes,Yes,No,No,Yes,Yes,Yes,Yes,No,No
MUZAFFARNAGAR,CHARTHAWAL,9020303907,GOVT INTER COLLEGE MUTHRA   MUZAFFARNAGAR,110.0,58,-47.27,10,HIGH RISK,Yes,Yes,No,No,Yes,Yes,Yes,Yes,No,No
GORAKHPUR,SAHJANWA,9580500106,RAJKIY H. SCHOOL SIHAPAAR SAHJANWA,92.0,53,-42.39,10,HIGH RISK,Yes,Yes,No,No,Yes,Yes,Yes,Yes,No,No
AMETHI - CSM NAGAR,TILOI,9732209101,RAJKIY HIGH SCHOOL SEMRAUTA,138.0,66,-52.17,10,HIGH RISK,Yes,Yes,No,No,Yes,Yes,Yes,Yes,No,No
FAIZABAD,TARUN,9471101610,G . G . H . S . SCHOOL,62.0,23,-62.9,10,HIGH RISK,Yes,Yes,No,No,Yes,Yes,Yes,No,No,Yes
MEERUT,MEERUT NAGAR,9071300918,SPARSH RAJKIYA DRASHTIBADHIT BALAK I.C.,66.0,42,-36.36,10,HIGH RISK,Yes,Yes,No,No,Yes,Yes,No,Yes,No,Yes
BALLIA,NAGARA,9630210104,RAJKIYA UPS KHARUAV,107.0,72,-32.71,10,HIGH RISK,Yes,Yes,No,No,Yes,Yes,Yes,Yes,No,No
MAHOBA,JAITPUR,9390207610,GOVT. GIRLS INTER COLLEGE KULPAHAR,99.0,46,-53.54,10,HIGH RISK,Yes,Yes,No,No,Yes,Yes,Yes,No,No,Yes
RAE BARELI,CHHATOH,9282401707,GOV. GIRLS HIGHER SECONDERY CHHATOH,48.0,32,-33.33,10,HIGH RISK,Yes,Yes,No,No,Yes,Yes,Yes,No,No,Yes
AGRA,BAH,9150302904,GOVT HSS BATESHWAR BAH,157.0,89,-43.31,10,HIGH RISK,Yes,Yes,No,No,Yes,Yes,Yes,Yes,No,No
ALIGARH,BIJAULI,9120504604,RAJKEYA KANYA INTER COLLEGE DUTTA CHOLI,116.0,49,-57.76,10,HIGH RISK,Yes,Yes,No,No,Yes,Yes,Yes,No,No,Yes
BAREILLY,NAWABGANJ,9200403804,GOVT SCHOOL PANDRI,33.0,19,-42.42,10,HIGH RISK,Yes,Yes,No,No,Yes,Yes,No,Yes,No,Yes
MAINPURI,BEWAR,9180502405,G HIGH SCHOOL AMEHRA,91.0,63,-30.77,10,HIGH RISK,Yes,Yes,No,No,Yes,Yes,Yes,Yes,No,No
LUCKNOW,GOSHAI GANJ,9270611604,GOVT. HIGH SCHOOL SURIAMAU GOSAIGANJ,123.0,84,-31.71,10,HIGH RISK,Yes,Yes,No,No,Yes,Yes,Yes,Yes,No,No
SULTANPUR,JAISINGHPUR,9491207604,GHS PEEDHI,127.0,93,-26.77,10,HIGH RISK,Yes,Yes,No,No,Yes,Yes,Yes,Yes,No,No
GHAZIPUR,MANIHARI,9650211707,GOVT GIRLS. U.M.V. BUZURGA,44.0,20,-54.55,10,HIGH RISK,Yes,Yes,No,No,Yes,Yes,Yes,No,No,Yes
AMETHI - CSM NAGAR,JAGDISHPUR,9730106203,GOVT H S MANGRAULI JAGDISHPUR,70.0,53,-24.29,9,HIGH RISK,Yes,Yes,No,No,Yes,No,Yes,Yes,No,No
ALIGARH,JAWAN,9120610205,ABHINAY VIDHYALAY CHHLESAR,35.0,20,-42.86,9,HIGH RISK,No,Yes,No,Yes,Yes,Yes,No,Yes,No,Yes
RAMPUR,BILASPUR,9050209107,"GOVT INTER COLLEGE MANUNAGAR, BILASPUR",56.0,45,-19.64,9,HIGH RISK,Yes,Yes,No,No,Yes,No,No,Yes,No,Yes
MEERUT,PARIKSHIT GARH,9071107102,GOVT. HIGH SCHOOL T. JANUBI,106.0,87,-17.92,9,HIGH RISK,Yes,Yes,No,No,Yes,No,Yes,Yes,No,No
RAE BARELI,HARCHANDPUR,9280302307,"G.G. HIGHER SECONDARY SCHOOL, PASCHIM GAON",73.0,53,-27.4,9,HIGH RISK,Yes,Yes,No,No,Yes,No,Yes,Yes,No,No
LALITPUR,BIRDHA,9370208003,GHS KAKORIYA,103.0,76,-26.21,9,HIGH RISK,Yes,Yes,No,No,Yes,No,Yes,Yes,No,No
JAUNPUR,KARANJA KALA,9640406208,GOVT. H.S. AARA,89.0,68,-23.6,9,HIGH RISK,Yes,Yes,No,No,Yes,No,Yes,Yes,No,No
GONDA,JHANJHRI,9530914403,G.H.S. DAULATPUR,78.0,53,-32.05,9,HIGH RISK,Yes,Yes,No,No,Yes,Yes,No,Yes,No,No
BARABANKI,HAIDAR GARH,9460608703,RAJKIYA U.M.V JARMAU HAIDARGARH,128.0,95,-25.78,9,HIGH RISK,Yes,Yes,No,No,Yes,No,Yes,Yes,No,No
DEORIA,SALIMPUR,9600405612,GOVT. G. INTER COLLEGE,14.0,11,-21.43,9,HIGH RISK,No,Yes,No,Yes,Yes,Yes,Yes,No,No,Yes
DEORIA,BARAHAJ,9601703905,RAJKIY U.M.V.LABAKANI GANGA,119.0,73,-38.66,9,HIGH RISK,Yes,Yes,No,No,Yes,Yes,No,Yes,No,No
BUDAUN,AMBIYAPUR,9191303203,"GOVT. HIGH SCHOOL, SATAITI",114.0,94,-17.54,9,HIGH RISK,Yes,Yes,No,No,Yes,No,Yes,Yes,No,No
HARDOI,TONDARPUR,9251001111,RAJKIYA HSS SIROMAN NAGAR,50.0,33,-34.0,8,HIGH RISK,No,Yes,No,No,Yes,Yes,Yes,Yes,No,Yes
BASTI,GAUR,9550518707,GOVT HR SEC VIDYALAY MEHDIYA KHADAK BAHADUR SINGH,65.0,38,-41.54,8,HIGH RISK,No,Yes,No,No,Yes,Yes,Yes,Yes,No,Yes
HAPUR (PANCHSHEEL NAGAR),SIMBHAWALI,9750705303,GOVERENMENT INTER COLLEGE MURADPUR HAPUR,201.0,101,-49.75,8,HIGH RISK,Yes,Yes,No,No,No,Yes,Yes,Yes,No,No
JYOTIBA PHULE NAGAR (AMROHA),HASANPUR,9064100084,RAJKIYA MODAL INTER COLLEGE TUGHLAKABAD,,7,,8,HIGH RISK,Yes,No,No,No,Yes,Yes,No,Yes,No,Yes
MEERUT,ROHTA,9070501502,GOVT. H S BADAM,59.0,33,-44.07,8,HIGH RISK,No,Yes,No,No,Yes,Yes,Yes,Yes,No,Yes
BALRAMPUR,SHRIDUTTGANJ,9521600304,GOVT HIGH SCHOOL DEVRIYA MUBARAKPUR,180.0,119,-33.89,8,HIGH RISK,Yes,Yes,No,No,No,Yes,Yes,Yes,No,No
SHAMLI (PRABUDH NAGAR),OON,9740903504,GOVT YAMUNA KHADAR INTER COLLEGE,397.0,236,-40.55,8,HIGH RISK,Yes,Yes,No,No,No,Yes,Yes,Yes,No,No
KAUSHAMBI,MANJHANPUR,9440112201,RAJKIYA H.S.S PINDARA SAHAWANPUR,56.0,14,-75.0,8,HIGH RISK,No,Yes,No,No,Yes,Yes,Yes,Yes,No,Yes
BUDAUN,SAMRER,9191109503,"GOVT. HIGH SCHOOL, HANSI GANJ",157.0,103,-34.39,8,HIGH RISK,Yes,Yes,No,No,No,Yes,Yes,Yes,No,No
KAUSHAMBI,SIRATHU,9440307903,RAJKIYA HIGH SCHOOL RALA SIRATHU KAUSHAMBI,71.0,43,-39.44,8,HIGH RISK,No,Yes,No,No,Yes,Yes,Yes,Yes,No,Yes
VARANASI,ARAJILINES,9670509206,GOVERNMENT ABHINAV INTER COLLEGE ARAJILINES,443.0,304,-31.38,8,HIGH RISK,Yes,Yes,No,No,No,Yes,Yes,Yes,No,No
SHAHJAHANPUR,BANDA,9220610103,G.H.S CHILHAUTA BANDA,59.0,29,-50.85,8,HIGH RISK,No,Yes,No,No,Yes,Yes,Yes,Yes,No,Yes
MORADABAD,THAKURDWARA,9041212602,GOVT.HIGH SCHOOL TANDA AFJAL,31.0,24,-22.58,8,HIGH RISK,No,Yes,No,No,Yes,Yes,Yes,Yes,No,Yes
BANDA,NARAINI,9400405209,G.G.I.C. KARTAL,476.0,313,-34.24,8,HIGH RISK,Yes,Yes,No,No,No,Yes,Yes,Yes,No,No
BUDAUN,BISAULI,9191603004,PT. DEENDAYAL UPADHAY GOVT. MODEL INTER COLLEGE NOORPUR,585.0,234,-60.0,8,HIGH RISK,Yes,Yes,No,No,No,Yes,Yes,Yes,No,No
MORADABAD,CHAJLET,9042007613,GOVT INTER COLLEGE SALEMPUR,372.0,179,-51.88,8,HIGH RISK,Yes,Yes,No,No,No,Yes,Yes,Yes,No,No
UNNAO,SUMERPUR,9261601206,GOVT HIGH SCHOOL BISHRAMAU,41.0,28,-31.71,8,HIGH RISK,No,Yes,No,No,Yes,Yes,Yes,Yes,No,Yes
KANPUR NAGAR,CHAUBEPUR,9340404805,GOVT HIGH SCHOOL RAI GOPALPUR,187.0,111,-40.64,8,HIGH RISK,Yes,Yes,No,No,No,Yes,Yes,Yes,No,No
JYOTIBA PHULE NAGAR (AMROHA),GANGESHWARI,9061600706,RAJKIYA H.S. RAHRAI,100.0,74,-26.0,8,HIGH RISK,Yes,Yes,No,No,Yes,No,Yes,No,No,No
PILIBHIT,PURANPUR,9210707902,"GOVERNMENT INTER COLLEGE, GABHIYA SAHRAI PURANPUR",861.0,608,-29.38,8,HIGH RISK,Yes,Yes,No,No,No,Yes,Yes,Yes,No,No
MUZAFFARNAGAR,JANSATH,9021205204,GOVT. HIGH SCHOOL HUSAINPUR KHADAR,66.0,48,-27.27,8,HIGH RISK,No,Yes,No,No,Yes,Yes,Yes,Yes,No,Yes
MUZAFFARNAGAR,KHATAULI,9021400115,GOVT.HIGH SCHOOL NAVLA,192.0,113,-41.15,8,HIGH RISK,Yes,Yes,No,No,No,Yes,Yes,Yes,No,No
SAHARANPUR,PUNWARKA,9011007604,"GOVT HIGH SCHOOL CHANDPUR, SRE",34.0,25,-26.47,8,HIGH RISK,Yes,Yes,No,No,Yes,No,No,No,No,Yes
BIJNOR,AFZALGRAH,9030102505,RAJKIYA ADARSH JANTA INTER COLLEGE SHAHPUR JAMAL ,845.0,521,-38.34,8,HIGH RISK,Yes,Yes,No,No,No,Yes,Yes,Yes,No,No
BARABANKI,SIDDHAOR,9461220701,RAJKIYA U.M.V ASDAMAU BELHARI SIDDHAUR,183.0,134,-26.78,8,HIGH RISK,Yes,Yes,No,No,No,Yes,Yes,Yes,No,No
BHADOI,DEEGH,9710510803,GOVT. HIGH SCHOOL NAGARDAH,37.0,14,-62.16,8,HIGH RISK,No,Yes,No,No,Yes,Yes,Yes,Yes,No,Yes
MUZAFFARNAGAR,SADAR,9020100607,GOVT HIGH SCHOOL RAI,47.0,30,-36.17,8,HIGH RISK,No,Yes,No,No,Yes,Yes,Yes,Yes,No,Yes
SAHARANPUR,DEOBAND,9010506007,GOVT.HIGH SCHOOL DIVALHEDI,48.0,36,-25.0,8,HIGH RISK,No,Yes,No,No,Yes,Yes,Yes,Yes,No,Yes
JYOTIBA PHULE NAGAR (AMROHA),DHANORA,9061909008,RAJKIYA H.S. DYOTI,159.0,110,-30.82,8,HIGH RISK,Yes,Yes,No,No,No,Yes,Yes,Yes,No,No
KANNAUJ,TAL GRAM,9300304208,RAJKIYA H.S.S UMAEPUR TALGRAM,39.0,32,-17.95,8,HIGH RISK,No,Yes,No,No,Yes,Yes,Yes,Yes,No,Yes
BIJNOR,NAJIBABAD,9031014203,RAJKIYA HIGH SCHOOL  JATTIWALA,101.0,30,-70.3,8,HIGH RISK,No,Yes,No,No,Yes,Yes,Yes,Yes,No,Yes
HARDOI,SANDI,9251310901,"GOVT. HIGH SCHOOL, SHIV SINGH PURWA",65.0,42,-35.38,8,HIGH RISK,No,Yes,No,No,Yes,Yes,Yes,Yes,No,Yes
BIJNOR,KOTWALI,9030840102,PANDIT DEENDYAL UPADHAYA RAJKIYA MODEL INTER COLEGE BENIPUR KOPA,349.0,255,-26.93,8,HIGH RISK,Yes,Yes,No,No,No,Yes,Yes,Yes,No,No
KUSHINAGAR,KHADDA,9590306605,RAJKIYA U.M.V. SISWA GOPAL,45.0,33,-26.67,8,HIGH RISK,No,Yes,No,No,Yes,Yes,Yes,Yes,No,Yes
DEORIA,RUDRAPUR,9600701103,RAJKIYA U.M.V.GONAH SURTPURA,13.0,11,-15.38,8,HIGH RISK,No,Yes,No,No,Yes,Yes,Yes,Yes,No,Yes
SIDDHARTHNAGAR,BIRDPUR,9540204206,RAJKIYEE U.M.V NAGCHAURI,64.0,28,-56.25,8,HIGH RISK,No,Yes,No,No,Yes,Yes,Yes,Yes,No,Yes
LUCKNOW,BAKSHI KA TALAB,9270817204,RAJKIYA HIGH SCHOOL SONVA,211.0,122,-42.18,8,HIGH RISK,Yes,Yes,No,No,No,Yes,Yes,Yes,No,No
FATEHPUR,AIRAYAN,9421003603,RAJKIYE U.M.V. IJURA KHURD,75.0,40,-46.67,8,HIGH RISK,No,Yes,No,No,Yes,Yes,Yes,Yes,No,Yes
FATEHPUR,BAHUA,9420705004,RAJKIYE H.S.MAHNA,35.0,23,-34.29,8,HIGH RISK,No,Yes,No,No,Yes,Yes,Yes,Yes,No,Yes
MAHOBA,PANWARI,9390409103,GOVT HIGH SCHOOL BIJRARI,42.0,22,-47.62,8,HIGH RISK,No,Yes,No,No,Yes,Yes,Yes,Yes,No,Yes
UNNAO,NAVABGANJ,9260805106,GOVT INTER COLLEGE CHAMRAULI,1022.0,691,-32.39,8,HIGH RISK,Yes,Yes,No,No,No,Yes,Yes,Yes,No,No
GORAKHPUR,BELGHAT,9581700303,RAJKIY H. SCHOOL LAKHUA PAKAD BELGHAT,42.0,30,-28.57,8,HIGH RISK,No,Yes,No,No,Yes,Yes,Yes,Yes,No,Yes
MAINPURI,GHIROR,9180204402,GOVT HIGH SCHOOL NAGLA BHARA,65.0,48,-26.15,8,HIGH RISK,No,Yes,No,No,Yes,Yes,Yes,Yes,No,Yes
SIDDHARTHNAGAR,JOGIYA,9541102403,RAJKYEE U.MV. TARIYA BAZAR,224.0,101,-54.91,8,HIGH RISK,Yes,Yes,No,No,No,Yes,Yes,Yes,No,No
ETAH,JAITHARA,9170504504,GOVERNMENT HIGH SCHOOL LALPUR JAHANGIRABAD,30.0,22,-26.67,8,HIGH RISK,No,Yes,No,No,Yes,Yes,Yes,Yes,No,Yes
MATHURA,RAYA,9140802703,GOVT HIGH SCHOOL BISAVALI,41.0,30,-26.83,8,HIGH RISK,No,Yes,No,No,Yes,Yes,Yes,Yes,No,Yes
SITAPUR,BISWAN,9240304103,RAJKIYA U.M.V. KYOTI BADULLAH,148.0,100,-32.43,8,HIGH RISK,Yes,Yes,No,No,No,Yes,Yes,Yes,No,No
ETAWAH,ETAWAH NAGAR CHETRA,9310903242,GOVT INTER COLLEGE ETAWAH,1481.0,984,-33.56,8,HIGH RISK,Yes,Yes,No,No,No,Yes,Yes,Yes,No,No
SITAPUR,BEHTA,9240210005,GOVT.Higher Secondary School JuaPurva,56.0,41,-26.79,8,HIGH RISK,No,Yes,No,No,Yes,Yes,Yes,Yes,No,Yes
FAIZABAD,AYODHYA TOWN AREA,9471501703,"RAJKIYA INTER COLLEGE, FAIZABAD",759.0,556,-26.75,8,HIGH RISK,Yes,Yes,No,No,No,Yes,Yes,Yes,No,No
LALITPUR,BAR,9370103803,GOVT HIGH SCHOOL VEER,186.0,107,-42.47,8,HIGH RISK,Yes,Yes,No,No,No,Yes,Yes,Yes,No,No
LALITPUR,BIRDHA,9370200708,GHS SATARVAS,68.0,48,-29.41,8,HIGH RISK,No,Yes,No,No,Yes,Yes,Yes,Yes,No,Yes
FIROZABAD,SHIKOHABAD,9160202503,GOVT. INTER COLLEGE NASIRPUR,491.0,337,-31.36,8,HIGH RISK,Yes,Yes,No,No,No,Yes,Yes,Yes,No,No
FIROZABAD,TUNDLA,9160300304,GOVT. HIGH SCHOOL DHIRPURA,70.0,35,-50.0,8,HIGH RISK,No,Yes,No,No,Yes,Yes,Yes,Yes,No,Yes
MAHARAJGANJ,BRIJMAN GANJ,9571101211,GOVT HS SONBARSA,59.0,45,-23.73,8,HIGH RISK,No,Yes,No,No,Yes,Yes,Yes,Yes,No,Yes
SONBHADRA,CHOPAN,9700100110,Govt. H.S.S. SIDHAHAWA,193.0,118,-38.86,8,HIGH RISK,Yes,Yes,No,No,No,Yes,Yes,Yes,No,No
AZAMGARH,HARRAIYA,9611410802,G.B.U.M.V. PIHAR,78.0,40,-48.72,8,HIGH RISK,No,Yes,No,No,Yes,Yes,Yes,Yes,No,Yes
FATEHPUR,NAGAR FATEHPUR,9421400627,RAJKIYE U.M.VIDAYALAYE ANDULI,31.0,15,-51.61,8,HIGH RISK,No,Yes,No,No,Yes,Yes,Yes,Yes,No,Yes
LALITPUR,BIRDHA,9370208804,GHS JAMUNDHANAKALAN,61.0,38,-37.7,8,HIGH RISK,No,Yes,No,No,Yes,Yes,Yes,Yes,No,Yes
AZAMGARH,HARRAIYA,9611400505,MAHANT RAMASHRYA DAS GOVT. I.C.,329.0,202,-38.6,8,HIGH RISK,Yes,Yes,No,No,No,Yes,Yes,Yes,No,No
LALITPUR,JAKHORA,9370303610,GHS DAILWARA,382.0,225,-41.1,8,HIGH RISK,Yes,Yes,No,No,No,Yes,Yes,Yes,No,No
LUCKNOW,MOHAN LAL GANJ,9270519001,RAJKIYA HIGH SCHOOL KARORA,195.0,137,-29.74,8,HIGH RISK,Yes,Yes,No,No,No,Yes,Yes,Yes,No,No
LUCKNOW,MOHAN LAL GANJ,9270503803,GOVT. HIGH SCHOOL DHANUWASAND,375.0,257,-31.47,8,HIGH RISK,Yes,Yes,No,No,No,Yes,Yes,Yes,No,No
AURAIYA,BHAGYANAGAR,9320608206,GOVT. U.M.V. JUA,53.0,34,-35.85,8,HIGH RISK,No,Yes,No,No,Yes,Yes,Yes,Yes,No,Yes
AGRA,FATEHABAD,9151110303,"GOVT. HIGHER SECONDARY SCHOOL, BARANA",66.0,41,-37.88,8,HIGH RISK,No,Yes,No,No,Yes,Yes,Yes,Yes,No,Yes
PRAYAGRAJ,MANDA,9451604004,RAJKIYA U.M.V. DIGHIYA,269.0,135,-49.81,8,HIGH RISK,Yes,Yes,No,No,No,Yes,Yes,Yes,No,No
ALIGARH,ATRAULI,9120306904,RAJKEYA INTER COLLEGE SAHNOL  ATRAULI,425.0,199,-53.18,8,HIGH RISK,Yes,Yes,No,No,No,Yes,Yes,Yes,No,No
JAUNPUR,BADLA PUR,9641603920,GOVT.H.S. TIYARA,68.0,46,-32.35,8,HIGH RISK,No,Yes,No,No,Yes,Yes,Yes,Yes,No,Yes
BULANDSHAHR,ARNIA,9110401004,BALJEET SINGH SMARAK PUBLIC SCHOOL P.S. SURJAWALI,,26,,7,HIGH RISK,No,No,No,Yes,Yes,Yes,No,Yes,No,Yes
JAUNPUR,SHAH GANJ,9640806103,GOVT.U.M SCHOOL PORAI KALA JAUNPUR,107.0,77,-28.04,7,HIGH RISK,No,Yes,No,No,Yes,Yes,Yes,Yes,No,No
SAHARANPUR,MUZAFFARABAD,9011204801,RAJKIYE INTER COLLEGE KALUWALA JAHANPUR,,7,,7,HIGH RISK,No,No,No,Yes,Yes,Yes,No,Yes,No,Yes
JAUNPUR,JALALPUR,9640501008,GOVT. H.S. MAI,91.0,61,-32.97,7,HIGH RISK,No,Yes,No,No,Yes,Yes,Yes,Yes,No,No
SAHARANPUR,MUZAFFARABAD,9011207504,RAJKIYE INTER COLLEGE BHAINSRAU,,21,,7,HIGH RISK,No,No,No,Yes,Yes,Yes,No,Yes,No,Yes
PRAYAGRAJ,CHAKA,9451300803,RAJKIYA U.M.V. MOHABBAT GANJ,167.0,131,-21.56,7,HIGH RISK,Yes,Yes,No,No,No,No,Yes,Yes,No,No
PRAYAGRAJ,CHAKA,9451306506,ABHINAV VIDYALAYA,409.0,333,-18.58,7,HIGH RISK,Yes,Yes,No,No,No,No,Yes,Yes,No,No
PRATAPGARH,MANDHATA,9431001101,GOVT. GIRLS INTER COLLEGE,428.0,241,-43.69,7,HIGH RISK,Yes,Yes,No,No,No,Yes,Yes,No,No,No
JHANSI,MAURANIPUR,9360808306,RAJIKIYE HIGH SCHOOL REVAN,333.0,256,-23.12,7,HIGH RISK,Yes,Yes,No,No,No,No,Yes,Yes,No,No
JHANSI,BARAGAON,9360407203,RAJKIYE HIGH SCHOOL MAVAI GIRD,85.0,61,-28.24,7,HIGH RISK,No,Yes,No,No,Yes,Yes,Yes,Yes,No,No
JHANSI,BARAGAON,9360405410,GOVT HIGH SCHOOL BHOJLA,253.0,203,-19.76,7,HIGH RISK,Yes,Yes,No,No,No,No,Yes,Yes,No,No
BARABANKI,MASAULI,9461003403,RAJKIYA U.M.V NYAMAT PUR,91.0,66,-27.47,7,HIGH RISK,No,Yes,No,No,Yes,Yes,Yes,Yes,No,No
RAMPUR,TOWN AREA RAMPUR,9050703909,GOVT ORIENTAL COLLEGE RAMPUR,1.0,6,500.0,7,HIGH RISK,No,No,No,Yes,Yes,Yes,No,Yes,No,Yes
RAMPUR,TOWN AREA RAMPUR,9050705613,GOVT GIRLS IC QILA RAMPUR,670.0,302,-54.93,7,HIGH RISK,Yes,Yes,No,No,No,Yes,Yes,No,No,No
PILIBHIT,PURANPUR,9210701303,GOVERNMENT HIGH SCHOOL KHIRKIYAN BARGADIYA PURANPUR PILIBH,79.0,68,-13.92,7,HIGH RISK,Yes,No,No,No,Yes,No,Yes,Yes,No,No
PILIBHIT,PURANPUR,9210708942,GOVERNMENT GIRLS INTER COLLEGE PURANPUR,628.0,434,-30.89,7,HIGH RISK,Yes,Yes,No,No,No,Yes,Yes,No,No,No
MAHARAJGANJ,GHUGHLI,9570202710,GOVT HS PURAINA KHANDI,46.0,33,-28.26,7,HIGH RISK,No,Yes,No,No,Yes,Yes,Yes,No,No,Yes
AZAMGARH,JAHANAGANJ,9612014707,RAJKIYA U.M.V. KANAILA,148.0,109,-26.35,7,HIGH RISK,Yes,Yes,No,No,No,No,Yes,Yes,No,No
BAGHPAT,BAGPAT,9080104207,G.H.S AHERA,100.0,77,-23.0,7,HIGH RISK,No,Yes,No,No,Yes,Yes,Yes,Yes,No,No
LUCKNOW,SAROJNI NAGAR,9270707205,GVOT. HIGH SCHOOL PALEHNDA,208.0,153,-26.44,7,HIGH RISK,Yes,Yes,No,No,No,No,Yes,Yes,No,No
FIROZABAD,MADANPUR,9160600306,GOVT. HIGH SCHOOL NAGLA KESARI,83.0,68,-18.07,7,HIGH RISK,No,Yes,No,No,Yes,Yes,Yes,Yes,No,No
LUCKNOW,MOHAN LAL GANJ,9270507603,GOVT. HIGH SCHOOL MASTIPUR,259.0,190,-26.64,7,HIGH RISK,Yes,Yes,No,No,No,No,Yes,Yes,No,No
BHADOI,BHADOHI,9710103503,GOVT. HIGH SCHOOL PARGASPUR,133.0,80,-39.85,7,HIGH RISK,No,Yes,No,No,Yes,Yes,Yes,Yes,No,No
BHADOI,BHADOHI,9710109803,GOVT. HIGH SCHOOL KANDHIYA,175.0,129,-26.29,7,HIGH RISK,Yes,Yes,No,No,No,No,Yes,Yes,No,No
BHADOI,BHADOHI,9710117503,GOVT. HIGH SCHOOL AJAYPUR,115.0,71,-38.26,7,HIGH RISK,No,Yes,No,No,Yes,Yes,Yes,Yes,No,No
PILIBHIT,MARORI,9210600603,GOVERNMENT HIGH SCHOOL MAHOF CALONY MARORI PILIBHIT,99.0,66,-33.33,7,HIGH RISK,No,Yes,No,No,Yes,Yes,Yes,Yes,No,No
MUZAFFARNAGAR,SHAHPUR,9020500408,GOVT. HIGHSCHOOL DHINDHAVALI (SHAHPUR),36.0,28,-22.22,7,HIGH RISK,No,Yes,No,No,Yes,No,Yes,Yes,No,Yes
BARABANKI,NINDURA,9461405803,Govt high school Kaji behta Barabanki,513.0,410,-20.08,7,HIGH RISK,Yes,Yes,No,No,No,No,Yes,Yes,No,No
BHADOI,SURIYAVAN,9710311004,GOVT. HIGH SCHOOL ABHIYA,118.0,81,-31.36,7,HIGH RISK,No,Yes,No,No,Yes,Yes,Yes,Yes,No,No
BIJNOR,ALLHEPUR(DHAMPUR),9030208202,RAKIYA INTER COLLEGE KUWDI PURA,570.0,475,-16.67,7,HIGH RISK,Yes,Yes,No,No,No,No,Yes,Yes,No,No
BIJNOR,ALLHEPUR(DHAMPUR),9030210703,GOVT GIRLS INTER COLLAGE SARKA,228.0,124,-45.61,7,HIGH RISK,Yes,Yes,No,No,No,Yes,Yes,No,No,No
SAHARANPUR,SADHOLI KADIM,9010409003,PDDUGICNAUGAVAN,23.0,24,4.35,7,HIGH RISK,No,No,No,Yes,Yes,Yes,No,Yes,No,Yes
BAHRAICH,HUJUR PUR,9500608004,R. H. AILIHA,74.0,62,-16.22,7,HIGH RISK,No,Yes,No,No,Yes,Yes,Yes,Yes,No,No
BAHRAICH,BALHA,9501003802,R H SCHOOL PATRAHIYA,103.0,74,-28.16,7,HIGH RISK,No,Yes,No,No,Yes,Yes,Yes,Yes,No,No
FATEHPUR,KHAJUHA,9420300108,RAJKIYE U M V AJMATPUR,148.0,87,-41.22,7,HIGH RISK,No,Yes,No,No,Yes,Yes,Yes,Yes,No,No
LALITPUR,TALBEHAT,9370405605,GHS HANSARKALAN,331.0,244,-26.28,7,HIGH RISK,Yes,Yes,No,No,No,No,Yes,Yes,No,No
GHAZIPUR,MANIHARI,9650215604,RAJKIYA U.M.V MADHUBAN GHAZIPUR,51.0,38,-25.49,7,HIGH RISK,No,Yes,No,No,Yes,No,Yes,Yes,No,Yes
SULTANPUR,DHANPATGANJ,9490701806,GHS SARAIYA BHARTHI,156.0,113,-27.56,7,HIGH RISK,Yes,Yes,No,No,No,No,Yes,Yes,No,No
AURAIYA,SAHAR,9320811706,GOVT GIRLS INTER COLLEGE SAHAR AURAIYA,29.0,14,-51.72,7,HIGH RISK,No,Yes,No,No,Yes,Yes,Yes,No,No,Yes
LALITPUR,BIRDHA,9370204003,GHS DUDHAI,116.0,76,-34.48,7,HIGH RISK,No,Yes,No,No,Yes,Yes,Yes,Yes,No,No
MAHARAJGANJ,PARTAWAL,9570108302,GOVT HS  SOHWAL,113.0,54,-52.21,7,HIGH RISK,No,Yes,No,No,Yes,Yes,Yes,Yes,No,No
AURAIYA,ACHHALDA,9320900115,GOVT. U.M.V. PATA,69.0,51,-26.09,7,HIGH RISK,No,Yes,No,No,Yes,Yes,Yes,Yes,No,No
MAINPURI,MAINPURI,9180115230,G.I.C. MAINPURI,770.0,371,-51.82,7,HIGH RISK,Yes,Yes,No,No,No,Yes,No,Yes,No,No
FARRUKHABAD,NAG. KSH.FAR.BAD,9290705325,RAJKEY INTER COLLEGE FATEHGARH,881.0,503,-42.91,7,HIGH RISK,Yes,Yes,No,No,No,Yes,No,Yes,No,No
BARABANKI,BANKI,9460403405,RAJKIYA U.M.V BAROLIJATA,1521.0,1138,-25.18,7,HIGH RISK,Yes,Yes,No,No,No,No,Yes,Yes,No,No
BIJNOR,AFZALGRAH,9030109405,GOVT ADARSH INTER COLLAGE,423.0,299,-29.31,7,HIGH RISK,Yes,Yes,No,No,No,No,Yes,Yes,No,No
MUZAFFARNAGAR,PURKAJI,9020404852,GOVT INTER COLLEGE PURKAJI MUZAFFARNAGAR,509.0,382,-24.95,7,HIGH RISK,Yes,Yes,No,No,No,No,Yes,Yes,No,No
HAPUR (PANCHSHEEL NAGAR),HAPUR,9750501303,GOVT H SEC LAL PUR,84.0,69,-17.86,7,HIGH RISK,No,Yes,No,No,Yes,Yes,Yes,Yes,No,No
HARDOI,BHARKHANI,9251211704,GOVT. GIRLS UCH. MA.SCH. PALI,283.0,172,-39.22,7,HIGH RISK,Yes,Yes,No,No,No,Yes,Yes,No,No,No
HARDOI,TN.AR.  PIHANI,9252100104,GOVT GLS. INTER COLLAGE,237.0,161,-32.07,7,HIGH RISK,Yes,Yes,No,No,No,Yes,Yes,No,No,No
ALIGARH,GONDA,9121109505,Pt Deendayal Upadhyay Govt Model Inter College Tamotia,181.0,143,-20.99,7,HIGH RISK,Yes,Yes,No,No,No,No,Yes,Yes,No,No
AMBEDKAR NAGAR,BASKHARI,9480200403,GOVT HIGHER SEC SCH LAKHANPUR,96.0,64,-33.33,7,HIGH RISK,No,Yes,No,No,Yes,Yes,Yes,Yes,No,No
BIJNOR,KOTWALI,9030811315,RAJKIYA HIGH SCHOOL,231.0,166,-28.14,7,HIGH RISK,Yes,Yes,No,No,No,No,Yes,Yes,No,No
BANDA,NARAINI,9400406207,GOVT.HIGH SCHOOL BARUA KALINGER,147.0,79,-46.26,7,HIGH RISK,No,Yes,No,No,Yes,Yes,Yes,Yes,No,No
BANDA,NARAINI,9400403205,GOVT. HIGH SCHOOL MAHUI,59.0,47,-20.34,7,HIGH RISK,No,Yes,No,No,Yes,No,Yes,Yes,No,Yes
BIJNOR,KIRATPUR,9030704706,G.G.I.C. KIRATPUR,1349.0,829,-38.55,7,HIGH RISK,Yes,Yes,No,No,No,Yes,Yes,No,No,No
MUZAFFARNAGAR,BUDHANA,9020604805,GOVT INTER COLLEGE SAFIPUR PATTI    MUZAFFARNAGAR,155.0,98,-36.77,7,HIGH RISK,No,Yes,No,No,Yes,Yes,Yes,Yes,No,No
KANPUR NAGAR,SARSAUL,9340101506,GOVT HIGH SCHOOL TILSAHRI BUJURG,97.0,60,-38.14,7,HIGH RISK,No,Yes,No,No,Yes,Yes,Yes,Yes,No,No
KANPUR NAGAR,SARSAUL,9340102922,G.G.I.C.,297.0,189,-36.36,7,HIGH RISK,Yes,Yes,No,No,No,Yes,Yes,No,No,No
ETAH,AWAGARH,9170306407,GOVERNMENT HSS KUSAWA,80.0,50,-37.5,7,HIGH RISK,No,Yes,No,No,Yes,Yes,Yes,Yes,No,No
MAU,BADRAW,9620703908,GOVT BALIKA INTER COLL MUJAR BUJURG,53.0,22,-58.49,7,HIGH RISK,No,Yes,No,No,Yes,Yes,Yes,No,No,Yes
MATHURA,NOHJHEEL,9140904704,RAJKIYA H.S. BHIDONI,65.0,52,-20.0,7,HIGH RISK,No,Yes,No,No,Yes,Yes,Yes,Yes,No,No
BAHRAICH,RISIA,9500903803,R H S BHAGTAPUR,72.0,59,-18.06,7,HIGH RISK,No,Yes,No,No,Yes,Yes,Yes,Yes,No,No
FAIZABAD,AMANIGANJ,9470109407,GOVERNMENT HIGH SCHOOL MANUDEEH,128.0,90,-29.69,7,HIGH RISK,No,Yes,No,No,Yes,Yes,Yes,Yes,No,No
GONDA,JHANJHRI,9530905604,ABHINAV VIDYALAY KANSAPUR,13.0,23,76.92,7,HIGH RISK,No,No,No,Yes,Yes,Yes,No,Yes,No,Yes
KUSHINAGAR,KHADDA,9590308303,RAJKIYA U.M.V. BUDHWA JUNGLE,73.0,62,-15.07,7,HIGH RISK,No,Yes,No,No,Yes,Yes,Yes,Yes,No,No
KUSHINAGAR,HATA,9590601503,RAJKIYA U.M.V. PARSAHWA,29.0,21,-27.59,7,HIGH RISK,No,Yes,No,No,Yes,Yes,Yes,No,No,Yes
KHERI,PHOOL BEHAR,9231204504,GOVT HS MUKUNDA,101.0,66,-34.65,7,HIGH RISK,No,Yes,No,No,Yes,Yes,Yes,Yes,No,No
KANPUR NAGAR,PATARA,9341005107,GOVT. HIGH SCHOOL JAHANGIRABAD,121.0,97,-19.83,7,HIGH RISK,No,Yes,No,No,Yes,Yes,Yes,Yes,No,No
KANPUR NAGAR,GHATAMPUR,9340901903,GOVT HIGH SCHOOL,93.0,63,-32.26,7,HIGH RISK,No,Yes,No,No,Yes,Yes,Yes,Yes,No,No
KANPUR NAGAR,BIDHNU,9340200109,GIC H S SCHOOL KHERSA,508.0,425,-16.34,7,HIGH RISK,Yes,Yes,No,No,No,No,Yes,Yes,No,No
BUDAUN,BUDAUN CITY,9192100333,GOVT. INTER COLLEGE,691.0,423,-38.78,7,HIGH RISK,Yes,Yes,No,No,No,Yes,No,Yes,No,No
SHAHJAHANPUR,BHAWALKHERA,9221305202,G.H.S. DINGURPUR,67.0,51,-23.88,7,HIGH RISK,No,Yes,No,No,Yes,Yes,Yes,Yes,No,No
SANT KABIR NAGAR,PAULI,9561014503,GOVT. UMV GOVINDGUNJ,312.0,254,-18.59,7,HIGH RISK,Yes,Yes,No,No,No,No,Yes,Yes,No,No
BANDA,MAHUWA,9400301604,GOVT. HIGH SCHOOL ADHRORI,77.0,50,-35.06,7,HIGH RISK,No,Yes,No,No,Yes,Yes,Yes,Yes,No,No
KHERI,NIGHASAN,9230905404,GOVT. GIRLS H.S NAUBANA,132.0,96,-27.27,7,HIGH RISK,No,Yes,No,No,Yes,Yes,Yes,Yes,No,No
KHERI,NAKAHA,9231006203,GOVT HS KATKUSUMA,149.0,126,-15.44,7,HIGH RISK,Yes,Yes,No,No,No,No,Yes,Yes,No,No
KHERI,MITAULI,9230814203,GOVT. H.S CHURAIPURWA,119.0,74,-37.82,7,HIGH RISK,No,Yes,No,No,Yes,Yes,Yes,Yes,No,No
GORAKHPUR,NAGAR KSHETRA,9580213902,GOVT JUBILEE INTER COLLEGE BUXIPUR,3118.0,2087,-33.07,7,HIGH RISK,Yes,Yes,No,No,No,Yes,No,Yes,No,No
BALLIA,BELAHARI,9631502903,rajkiy j h s rudrapur,121.0,89,-26.45,7,HIGH RISK,No,Yes,No,No,Yes,Yes,Yes,Yes,No,No
BALLIA,BALLIA N.P.,9631800503,GIC BALLIA,536.0,377,-29.66,7,HIGH RISK,Yes,Yes,No,No,No,Yes,No,Yes,No,No
BAHRAICH,VISHESHWAR  GANJ,9501504003,RH SCHOOL SEMRONA,88.0,58,-34.09,7,HIGH RISK,No,Yes,No,No,Yes,Yes,Yes,Yes,No,No
DEORIA,GAURI BAZAR,9600109103,RAJKIY U.M.V.SAVANA  LAXMAN,102.0,80,-21.57,7,HIGH RISK,No,Yes,No,No,Yes,Yes,Yes,Yes,No,No
ETAH,ETAH (URBAN),9171602102,GOV. GIRLS INTER COLEEGE ETAH,902.0,591,-34.48,7,HIGH RISK,Yes,Yes,No,No,No,Yes,Yes,No,No,No
BANDA,JASPURA,9400802406,GOVT HIGH SCH. SABADA,115.0,88,-23.48,7,HIGH RISK,No,Yes,No,No,Yes,Yes,Yes,Yes,No,No
BANDA,BISANDA,9400600610,G.G.I.C. KORRAHI,304.0,132,-56.58,7,HIGH RISK,Yes,Yes,No,No,No,Yes,Yes,No,No,No
BANDA,BADOKHAR KHURD,9400102204,GOVT HIGH SCH. HATHAUDA,174.0,129,-25.86,7,HIGH RISK,Yes,Yes,No,No,No,No,Yes,Yes,No,No
GORAKHPUR,CHARGANWA,9581000103,Govt. High School Badi Retawahiya,109.0,74,-32.11,7,HIGH RISK,No,Yes,No,No,Yes,Yes,Yes,Yes,No,No
KHERI,BANKEGANJ,9231508803,GOVT. H S KUKARA,105.0,66,-37.14,7,HIGH RISK,No,Yes,No,No,Yes,Yes,Yes,Yes,No,No
DEORIA,BHATNI,9600803917,RAJIYA U.M.V.BHARHE CHAURA,29.0,22,-24.14,7,HIGH RISK,No,Yes,No,No,Yes,No,Yes,Yes,No,Yes
MEERUT,KHARKHODA,9070302403,GOVT. HIGH SCH. MUNDALI,78.0,50,-35.9,7,HIGH RISK,No,Yes,No,No,Yes,Yes,Yes,Yes,No,No
SHRAWASTI,JAMUNHA,9510401103,RAJKIYA HIGH SCHOOL INDWA,96.0,65,-32.29,7,HIGH RISK,No,Yes,No,No,Yes,Yes,Yes,Yes,No,No
SHRAWASTI,JAMUNHA,9510404906,RAJKIYA HIGH SCHOOL EMLIYA KARANPUR,57.0,44,-22.81,7,HIGH RISK,No,Yes,No,No,Yes,No,Yes,Yes,No,Yes
BALLIA,PANDAH,9630608702,PT Deendayal Upadhyay Rajkiya Model Inter College Sudhauli Pandah ballia,194.0,72,-62.89,7,HIGH RISK,No,Yes,No,No,Yes,Yes,Yes,Yes,No,No
MEERUT,JANI,9070404603,GOVT. SR. SEC. SCHOOL CHARDDRA,110.0,54,-50.91,7,HIGH RISK,No,Yes,No,No,Yes,Yes,Yes,Yes,No,No
MAU,RATANPURA,9620104805,GOVT HSS JAMDARA,17.0,14,-17.65,7,HIGH RISK,No,Yes,No,No,Yes,No,Yes,Yes,No,Yes
AMETHI - CSM NAGAR,JAGDISHPUR,9730104402,RAJKIY HIGH SCHOOL RANIGANJ,62.0,23,-62.9,7,HIGH RISK,No,Yes,No,No,Yes,Yes,Yes,No,No,Yes
UNNAO,HILOULI,9261300216,GOVT.HIGH SCHOOL MAVAI UNNAO,89.0,63,-29.21,7,HIGH RISK,No,Yes,No,No,Yes,Yes,Yes,Yes,No,No
AMETHI - CSM NAGAR,BAHADURPUR,9732502201,GIC FURSATGANJ,1611.0,1313,-18.5,7,HIGH RISK,Yes,Yes,No,No,No,No,Yes,Yes,No,No
AMETHI - CSM NAGAR,AMETHI,9730208001,GGIC AMETHI,584.0,339,-41.95,7,HIGH RISK,Yes,Yes,No,No,No,Yes,Yes,No,No,No
BULANDSHAHR,DEBAI,9110807504,RAJKIYA HIGH SCHOOL GHOSIPURA,68.0,48,-29.41,7,HIGH RISK,No,Yes,No,No,Yes,Yes,No,Yes,No,Yes
MIRZAPUR,NAGAR PALIKA,9691301008,SW. KASHIRAM RAJKIYA BALIKA I.C.,557.0,344,-38.24,7,HIGH RISK,Yes,Yes,No,No,No,Yes,Yes,No,No,No
MIRZAPUR,NAGAR PALIKA,9691304906,GOVERNMENT INTER COLLEGE,831.0,575,-30.81,7,HIGH RISK,Yes,Yes,No,No,No,Yes,No,Yes,No,No
MIRZAPUR,MARIHAN,9691101104,"GOVT. HIGH SCHOOL, RAIKARA",68.0,53,-22.06,7,HIGH RISK,No,Yes,No,No,Yes,Yes,Yes,Yes,No,No
MIRZAPUR,LALGANJ,9690305905,GOVT. U.M.V. NEVADHIYA-2,78.0,60,-23.08,7,HIGH RISK,No,Yes,No,No,Yes,Yes,Yes,Yes,No,No
MEERUT,RAJPURA,9070205403,GOVT. HIGH SCHOOL KUNKURA,92.0,69,-25.0,7,HIGH RISK,No,Yes,No,No,Yes,Yes,Yes,Yes,No,No
CHANDAULI,SHAHABGANJ,9660602903,GHS KHAKHADA,51.0,40,-21.57,7,HIGH RISK,No,Yes,No,No,Yes,No,Yes,Yes,No,Yes
CHANDAULI,NAUGARH,9660907306,GOVT. INTER COLLEGE NAUGARH,1480.0,1153,-22.09,7,HIGH RISK,Yes,Yes,No,No,No,No,Yes,Yes,No,No
BALLIA,MURLI CHHAPRA,9631701103,PRABHAVATI DS GGIC J P NAGAR,209.0,124,-40.67,7,HIGH RISK,Yes,Yes,No,No,No,Yes,Yes,No,No,No
MEERUT,MEERUT NAGAR,9071300179,GOVT GIRLS INTER COLLEGE HAPUR ROAD MRT,1250.0,808,-35.36,7,HIGH RISK,Yes,Yes,No,No,No,Yes,Yes,No,No,No
JHANSI,BABINA,9360106216,RAJKIYA INTER COLLEGE-RAKSHA,1323.0,1117,-15.57,7,HIGH RISK,Yes,Yes,No,No,No,No,Yes,Yes,No,No
RAMPUR,BILASPUR,9050233005,GOVT IC ASHOK NAGAR,368.0,269,-26.9,7,HIGH RISK,Yes,Yes,No,No,No,No,Yes,Yes,No,No
RAE BARELI,SHIVGARH,9280500703,"G.G.HIGHER SECONDARY SCHOOL, OSAAH",215.0,170,-20.93,7,HIGH RISK,Yes,Yes,No,No,No,No,Yes,Yes,No,No
RAE BARELI,ROHANIYA,9281201805,"GOVT. HIGHER SECONDARY SCHOOL, ROHANIYA",119.0,89,-25.21,7,HIGH RISK,No,Yes,No,No,Yes,Yes,Yes,Yes,No,No
BAREILLY,FATEHGANJ,9200700205,GOVT INTER COLLEGE AGRAS,743.0,623,-16.15,7,HIGH RISK,Yes,Yes,No,No,No,No,Yes,Yes,No,No
BHADOI,AURAI,9710405002,GOVT. HIGH SCHOOL CHAKVEERA,156.0,94,-39.74,7,HIGH RISK,No,Yes,No,No,Yes,Yes,Yes,Yes,No,No
BHADOI,ABHOLI,9710700803,GOVT. HIGH SCHOOL KURHWA,84.0,70,-16.67,7,HIGH RISK,No,Yes,No,No,Yes,Yes,Yes,Yes,No,No
HATHRAS,HATHRAS,9130107603,GOV HIGH SCHOOL KOKA,159.0,93,-41.51,7,HIGH RISK,No,Yes,No,No,Yes,Yes,Yes,Yes,No,No
HARDOI,TONDARPUR,9251004808,GHSS DHANWAR,42.0,31,-26.19,7,HIGH RISK,No,Yes,No,No,Yes,Yes,No,Yes,No,Yes
ALIGARH,KHAIR,9120802203,VIKRAM VIDHYA MANDIR RAJKEYA INTER COLLEGE BANKNER KHAIR,321.0,251,-21.81,7,HIGH RISK,Yes,Yes,No,No,No,No,Yes,Yes,No,No
ALIGARH,JAWAN,9120609204,RAJKEY KANYA INTER OLLEGE GODHA JAWAN,364.0,254,-30.22,7,HIGH RISK,Yes,Yes,No,No,No,Yes,Yes,No,No,No
LUCKNOW,MALIHABAD,9270306503,GOVT. HIGH SCHOOL MALAHA MALIHABAD,107.0,83,-22.43,7,HIGH RISK,No,Yes,No,No,Yes,Yes,Yes,Yes,No,No
LUCKNOW,MAAL,9270404301,RAJKI Y HIGH SCHOOL KHANDSARA,114.0,85,-25.44,7,HIGH RISK,No,Yes,No,No,Yes,Yes,Yes,Yes,No,No
LUCKNOW,CHINHAT,9270101911,RAJKIYA  HIGH SCHOOL JUGGAUR,157.0,128,-18.47,7,HIGH RISK,Yes,Yes,No,No,No,No,Yes,Yes,No,No
AGRA,BAROLI AHEER,9150401704,"GOVT. HIGH SCHOOL, GANGRAUA",172.0,135,-21.51,7,HIGH RISK,Yes,Yes,No,No,No,No,Yes,Yes,No,No
BAREILLY,MAJHGAWAN,9201006424,GOVT. INTER COLLEGE VISHARATGANJ,387.0,299,-22.74,7,HIGH RISK,Yes,Yes,No,No,No,No,Yes,Yes,No,No
BAREILLY,RAMNAGAR,9200104004,GOVT. HIGH SCHOOL VRATHANPUR,37.0,29,-21.62,7,HIGH RISK,No,Yes,No,No,Yes,Yes,No,Yes,No,Yes
BAREILLY,NAWABGANJ,9200402804,PT DEENDYAL UPADHYAY RAJKIYA MODEL INTER COLLEGE TAYARJAGIR NAWABGANJ BAREILLY,285.0,217,-23.86,7,HIGH RISK,Yes,Yes,No,No,No,No,Yes,Yes,No,No
PRAYAGRAJ,KORAON,9451010913,RAJKIYA U M VIDHYALAYA KHIRI KORAON PRAYAGRAJ,170.0,136,-20.0,7,HIGH RISK,Yes,Yes,No,No,No,No,Yes,Yes,No,No
JALAUN,MAHEVA,9350701410,GOVT. GIRLS I.C. BABAI,176.0,144,-18.18,6,HIGH RISK,Yes,Yes,No,No,No,No,Yes,No,No,No
PRAYAGRAJ,NAGAR CHHETRA,9452200605,G.G.I.C. PHAPHAMAU,832.0,651,-21.75,6,HIGH RISK,Yes,Yes,No,No,No,No,Yes,No,No,No
PRAYAGRAJ,NAGAR CHHETRA,9452211107,GOVT. INTER COLLEGE,4300.0,3209,-25.37,6,HIGH RISK,Yes,Yes,No,No,No,No,No,Yes,No,No
BAREILLY,MAJHGAWAN,9201002908,ABHINAV VIDYALAY ATARCHHERI,22.0,68,209.09,6,HIGH RISK,No,No,No,Yes,Yes,Yes,No,Yes,No,No
RAE BARELI,MAHRAJGANJ,9280602902,"G.G.I.C. ATREHTA, MAHARAJGANJ",657.0,543,-17.35,6,HIGH RISK,Yes,Yes,No,No,No,No,Yes,No,No,No
RAE BARELI,NAGAR SHETRA (RBL),9282208604,GOVT. GIRLS INTER COLLEGE,1029.0,787,-23.52,6,HIGH RISK,Yes,Yes,No,No,No,No,Yes,No,No,No
AGRA,BAROLI AHEER,9150405203,VIRANGANA AVANTIBAI GOVT. GIRLS INTER COLLEGE KALAL KHERIA AGRA,625.0,497,-20.48,6,HIGH RISK,Yes,Yes,No,No,No,No,Yes,No,No,No
LUCKNOW,MAAL,9270404806,VIRANGNA  UDA DEVI GIRLS INTER COLLEGE MALL,535.0,393,-26.54,6,HIGH RISK,Yes,Yes,No,No,No,No,Yes,No,No,No
JYOTIBA PHULE NAGAR (AMROHA),AMROHA CITY,9062202552,RAJKIYA GIRLS INTER COLLEGE,1183.0,979,-17.24,6,HIGH RISK,Yes,Yes,No,No,No,No,Yes,No,No,No
JYOTIBA PHULE NAGAR (AMROHA),HASANPUR CITY,9062500230,RAJKIYA GIRLS INTER COLLEGE,972.0,794,-18.31,6,HIGH RISK,Yes,Yes,No,No,No,No,Yes,No,No,No
HATHRAS,HASAYAN,9130321101,GOV HIGH SCHOOL GANGAPUR,100.0,81,-19.0,6,HIGH RISK,No,Yes,No,No,Yes,No,Yes,Yes,No,No
PRATAPGARH,LALGANJ,9430803002,G G I C SITALMAU,78.0,61,-21.79,6,HIGH RISK,No,Yes,No,No,Yes,Yes,Yes,No,No,No
RAMPUR,SHAHBAD,9050123004,GOVT GIRLS INTER COLLEGE PATWAI,970.0,821,-15.36,6,HIGH RISK,Yes,Yes,No,No,No,No,Yes,No,No,No
MEERUT,MEERUT,9070102103,GOVT HIGH SCHOOL KUDHLA,91.0,70,-23.08,6,HIGH RISK,No,Yes,No,No,Yes,Yes,No,Yes,No,No
MEERUT,PARIKSHIT GARH,9071106803,ABHINAV VIDHYALAYA BALI PRIKSHIT GARH,31.0,65,109.68,6,HIGH RISK,No,No,No,Yes,Yes,Yes,No,Yes,No,No
SHRAWASTI,JAMUNHA,9510407103,RAJKIYA HIGH SCHOOL CHIRAIYA,90.0,71,-21.11,6,HIGH RISK,No,Yes,No,No,Yes,No,Yes,Yes,No,No
CHANDAULI,NAUGARH,9660901102,GHS DEWARI KALA,64.0,50,-21.88,6,HIGH RISK,No,Yes,No,No,Yes,Yes,No,Yes,No,No
MEERUT,SARURPUR,9070701210,G.I.C. PANCHLI BUJURG,22.0,90,309.09,6,HIGH RISK,No,No,No,Yes,Yes,Yes,No,Yes,No,No
MEERUT,SARURPUR,9070700904,GOVT. HIGH SCH. DHANWALI / DAHAR,16.0,16,0.0,6,HIGH RISK,No,No,No,No,Yes,Yes,Yes,Yes,No,Yes
BULANDSHAHR,UCHAGAON,9110505517,RAJKIYA HIGH SCHOOL,23.0,22,-4.35,6,HIGH RISK,No,No,No,No,Yes,Yes,Yes,Yes,No,Yes
CHANDAULI,CHAKIYA,9660206803,GHS GARALA,86.0,72,-16.28,6,HIGH RISK,No,Yes,No,No,Yes,No,Yes,Yes,No,No
MIRZAPUR,HALIA,9690209405,GOVT. U.M.V. MATWAR,32.0,29,-9.38,6,HIGH RISK,No,No,No,No,Yes,Yes,Yes,Yes,No,Yes
SHAMLI (PRABUDH NAGAR),KANDHLA [TOWN AREA],9741800155,GOVT GIRLS INTER COLLEGE,1284.0,1084,-15.58,6,HIGH RISK,Yes,Yes,No,No,No,No,Yes,No,No,No
BALLIA,REVATI,9631002204,RAJKIYA U M V RAJULI,69.0,56,-18.84,6,HIGH RISK,No,Yes,No,No,Yes,No,Yes,Yes,No,No
BALLIA,REVATI,9631001603,RAJKIYA U.M.V. CHOUBEY CHAPARA REWATI,43.0,47,9.3,6,HIGH RISK,No,No,No,No,Yes,Yes,Yes,Yes,No,Yes
MIRZAPUR,HALIA,9690208503,GOVT. U.MV. KOTA SHIV PRATAP,81.0,67,-17.28,6,HIGH RISK,No,Yes,No,No,Yes,No,Yes,Yes,No,No
BULANDSHAHR,SHIKARPUR,9110200115,G.G.I.C.,279.0,221,-20.79,6,HIGH RISK,Yes,Yes,No,No,No,No,Yes,No,No,No
MIRZAPUR,NARAYANPUR,9690913502,G.G.I.C. CHUNAR,1233.0,1005,-18.49,6,HIGH RISK,Yes,Yes,No,No,No,No,Yes,No,No,No
VARANASI,ARAJILINES,9670514201,GOVT. INTER COLLAGE JAKKHINI,588.0,489,-16.84,6,HIGH RISK,Yes,Yes,No,No,No,No,No,Yes,No,No
AMBEDKAR NAGAR,RAMNAGAR,9480814201,SMT SUMITRA DEVI SHUKLA GOVT GIRLS INTER COLLEGE ALAPUR,226.0,168,-25.66,6,HIGH RISK,Yes,Yes,No,No,No,No,Yes,No,No,No
VARANASI,NAGAR NIGAM,9670900603,GOVT. GIRLS INTER COLLEGE MALDAHIYA,1139.0,899,-21.07,6,HIGH RISK,Yes,Yes,No,No,No,No,Yes,No,No,No
VARANASI,NAGAR NIGAM,9670900605,GOVT. QUEENCE INTER COLLEGE LAHURABEER,2437.0,2019,-17.15,6,HIGH RISK,Yes,Yes,No,No,No,No,No,Yes,No,No
KAUSHAMBI,NEWADA,9440407004,RAJKIYA HIGH SCHOOL SHERGARH NEWADA KAUSHAMBI,34.0,43,26.47,6,HIGH RISK,No,No,No,No,Yes,Yes,Yes,Yes,No,Yes
UNNAO,CITI AREA,9261702950,GOVT INTER COLLEGE UNNAO,783.0,602,-23.12,6,HIGH RISK,Yes,Yes,No,No,No,No,No,Yes,No,No
UNNAO,HASANGANJ,9260704603,GOVT HIGH SCHOOL JAGDISH PUR UNNAO,29.0,38,31.03,6,HIGH RISK,No,No,No,No,Yes,Yes,Yes,Yes,No,Yes
BALLIA,NAGARA,9630205004,RAJKIY U M V TURKI,84.0,60,-28.57,6,HIGH RISK,No,Yes,No,No,Yes,No,Yes,Yes,No,No
MEERUT,KHARKHODA,9070303902,GOVT. HIGH SCH. PIPLI KHEDA,156.0,121,-22.44,6,HIGH RISK,Yes,Yes,No,No,No,No,No,Yes,No,No
MEERUT,KHARKHODA,9070300121,Pt DEEN DAYAL UPADAYAY RAJKIYA MODEL INTER COLLEGE KHARKHODA,206.0,161,-21.84,6,HIGH RISK,Yes,Yes,No,No,No,No,No,Yes,No,No
CHITRAKOOT,CHITRAKOOT,9410103404,GOVT. HIGH SCHOOL SEMARIYA CHARANDASI,97.0,79,-18.56,6,HIGH RISK,No,Yes,No,No,Yes,No,Yes,Yes,No,No
CHITRAKOOT,MAU,9410304803,GOVT. HIGH SCHOOL MURKA,71.0,53,-25.35,6,HIGH RISK,No,Yes,No,No,Yes,No,Yes,Yes,No,No
KAUSHAMBI,SIRATHU,9440303407,RAJKIYA GIGH SCHOOL RAMPUR DHAMANWA SIRATHU,37.0,45,21.62,6,HIGH RISK,No,No,No,No,Yes,Yes,Yes,Yes,No,Yes
HAMIRPUR (U.P.),NP HAMIRPUR,9380802001,GGIC HAMIRPUR,1276.0,1029,-19.36,6,HIGH RISK,Yes,Yes,No,No,No,No,Yes,No,No,No
GORAKHPUR,KHAJNI,9580702902,SMT CHAMPA DEVI RAJKIY  I C HARNHIE,876.0,694,-20.78,6,HIGH RISK,Yes,Yes,No,No,No,No,Yes,No,No,No
BANDA,BADOKHAR KHURD,9400101407,GOVT HIGH SCHOOL CHAHITARA,116.0,93,-19.83,6,HIGH RISK,No,Yes,No,No,Yes,Yes,No,Yes,No,No
SHAMLI (PRABUDH NAGAR),KAIRANA,9740800113,CH. MANSINGH GOVT INTER COLLEGE KANDELA,241.0,196,-18.67,6,HIGH RISK,Yes,Yes,No,No,No,No,Yes,No,No,No
BULANDSHAHR,ARNIA,9110408204,PT DEENDAYAL UPADHYAY GOVT MODEL INTER COLLEGE DHAKPURA,43.0,91,111.63,6,HIGH RISK,No,No,No,Yes,Yes,Yes,No,Yes,No,No
BULANDSHAHR,ARNIA,9110406002,RAJKIYA INTER COLLEGE THAGAURA,30.0,81,170.0,6,HIGH RISK,No,No,No,Yes,Yes,Yes,No,Yes,No,No
MORADABAD,BILARI,9040318003,RAJKIYA ABHINAV VIDHYALYA NARAYANPUR DEVA,63.0,92,46.03,6,HIGH RISK,No,No,No,Yes,Yes,Yes,No,Yes,No,No
MORADABAD,CHAJLET,9042002902,GOVERNMENT KANYA INTER COLLEGE MUDAKHERI,219.0,165,-24.66,6,HIGH RISK,Yes,Yes,No,No,No,No,Yes,No,No,No
BUDAUN,UJHANI,9190201511,"GOVT. HS SCHOOL,SIKANDRABAD",71.0,51,-28.17,6,HIGH RISK,No,Yes,No,No,Yes,Yes,No,Yes,No,No
BIJNOR,NAJIBABAD(NAGAR),9031602431,GOVT INTER COLLEGE,1146.0,890,-22.34,6,HIGH RISK,Yes,Yes,No,No,No,No,No,Yes,No,No
ETAH,JALESAR,9170605204,GOVERNMENT HIGHSCHOOL MAHANMAI,106.0,81,-23.58,6,HIGH RISK,No,Yes,No,No,Yes,No,Yes,Yes,No,No
DEORIA,LAR,9601404204,RAJKIY U.M.V.KUNDAULI,24.0,23,-4.17,6,HIGH RISK,No,No,No,No,Yes,Yes,Yes,Yes,No,Yes
BALLIA,CHILKAHAR,9630400410,RAJKIY U M VIDYALAY HAJAULI,50.0,40,-20.0,6,HIGH RISK,No,Yes,No,No,Yes,No,No,Yes,No,Yes
GORAKHPUR,NAGAR KSHETRA,9580203302,A.D. GOVT. GIRLS I. C. PURDILPUR BANK ROAD,2752.0,2114,-23.18,6,HIGH RISK,Yes,Yes,No,No,No,No,Yes,No,No,No
KHERI,KUMBHI-GOLA,9230503403,GOVT HS MOHAMMADBAD,110.0,93,-15.45,6,HIGH RISK,No,Yes,No,No,Yes,No,Yes,Yes,No,No
KHERI,LAKHIMPUR,9230600213,GOVT.GIRLS I.C.KHIRI TOWN,611.0,444,-27.33,6,HIGH RISK,Yes,Yes,No,No,No,No,Yes,No,No,No
KHERI,MITAULI,9230811906,GOVT.H.S. KAKARHA,96.0,81,-15.62,6,HIGH RISK,No,Yes,No,No,Yes,Yes,No,Yes,No,No
BANDA,NAGAR KSHETRA,9400902302,GOVT GILS INT COLLEGE BANDA,2526.0,1838,-27.24,6,HIGH RISK,Yes,Yes,No,No,No,No,Yes,No,No,No
SANT KABIR NAGAR,SEMARINYAVA,9561702605,GOVT. HIGH SCHOOL UMILA,121.0,89,-26.45,6,HIGH RISK,No,Yes,No,No,Yes,No,Yes,Yes,No,No
SANT KABIR NAGAR,SEMARINYAVA,9561704403,GOVT.UMVIDYALAY KARMAKHAN,80.0,67,-16.25,6,HIGH RISK,No,Yes,No,No,Yes,No,Yes,Yes,No,No
SHAHJAHANPUR,DADRAUL,9220101206,G.H.S. DHANAURA,78.0,66,-15.38,6,HIGH RISK,No,Yes,No,No,Yes,No,Yes,Yes,No,No
JYOTIBA PHULE NAGAR (AMROHA),HASANPUR,9064100090,GOVT. MODEL INTER COLLEGE GALSUA,,89,,6,HIGH RISK,No,No,No,Yes,Yes,Yes,No,Yes,No,No
KANPUR DEHAT,RASULABAD,9330907717,GOVT.G.I.C.RASULABAD,111.0,70,-36.94,6,HIGH RISK,No,Yes,No,No,Yes,Yes,Yes,No,No,No
KANPUR DEHAT,SARVANKHERA,9331009804,GOVT.H.S.SCHOOL KERSA,110.0,90,-18.18,6,HIGH RISK,No,Yes,No,No,Yes,No,Yes,Yes,No,No
KANPUR NAGAR,GHATAMPUR,9340912902,GOVT HIGH SCHOOL KASIMPUR,82.0,62,-24.39,6,HIGH RISK,No,Yes,No,No,Yes,No,Yes,Yes,No,No
KANPUR NAGAR,KALYANPUR,9340300618,IC GGIC SINGHPUR,458.0,369,-19.43,6,HIGH RISK,Yes,Yes,No,No,No,No,Yes,No,No,No
GONDA,JHANJHRI,9530910502,G.H.S. JAMDARA,72.0,55,-23.61,6,HIGH RISK,No,Yes,No,No,Yes,No,Yes,Yes,No,No
MATHURA,CHAUMUHAN,9140503608,GOVT HIGH SCHOOL SENVA,37.0,66,78.38,6,HIGH RISK,No,No,No,Yes,Yes,Yes,No,Yes,No,No
FAIZABAD,AYODHYA TOWN AREA,9471502405,"GGIC, FAIZABAD",1084.0,894,-17.53,6,HIGH RISK,Yes,Yes,No,No,No,No,Yes,No,No,No
MATHURA,FARAH,9140204703,GOVT HIGH SCHOOL BHADAYA GANGADHER,30.0,74,146.67,6,HIGH RISK,No,No,No,Yes,Yes,Yes,No,Yes,No,No
MATHURA,MANT,9140713301,RAJ.K.INT.COLL. SIRI.KI.NAGARIYA,37.0,46,24.32,6,HIGH RISK,No,No,No,Yes,Yes,Yes,No,No,No,Yes
ETAWAH,BARHPURA,9310500108,GOVT GIRLS INTER COLLEGE UDDI,342.0,287,-16.08,6,HIGH RISK,Yes,Yes,No,No,No,No,Yes,No,No,No
ETAWAH,CHAKARNAGAR,9310800120,GOVT UPS JAUNANI,63.0,53,-15.87,6,HIGH RISK,No,Yes,No,No,Yes,Yes,No,Yes,No,No
KANPUR NAGAR,SHASTRI NAGAR,9341500180,GOVT. GIRLS INTER COLLEGE VIJAY NAGAR,325.0,245,-24.62,6,HIGH RISK,Yes,Yes,No,No,No,No,Yes,No,No,No
HAMIRPUR (U.P.),NP RATH,9381002002,GOVT. GIRL IC RATH,533.0,380,-28.71,6,HIGH RISK,Yes,Yes,No,No,No,No,Yes,No,No,No
BIJNOR,JALILPUR,9030604402,GOVT GRILS INTER COLLEGE LUHARPURA,484.0,380,-21.49,6,HIGH RISK,Yes,Yes,No,No,No,No,Yes,No,No,No
BANDA,NARAINI,9400402408,GOVT. HIGH SCHOOL JABARA PUR,104.0,83,-20.19,6,HIGH RISK,No,Yes,No,No,Yes,No,Yes,Yes,No,No
BANDA,TINDWARI,9400210110,G.G.I.C.TINDWARI,702.0,557,-20.66,6,HIGH RISK,Yes,Yes,No,No,No,No,Yes,No,No,No
SAMBHAL (BHIM NAGAR),SAMBHAL CITY,9681303933,GOVERNMENT INTER COLLEGE TAKHTGOSAI,33.0,57,72.73,6,HIGH RISK,No,No,No,Yes,Yes,Yes,No,Yes,No,No
BANDA,KAMASIN,9400700113,GGIC KAMASIN,793.0,591,-25.47,6,HIGH RISK,Yes,Yes,No,No,No,No,Yes,No,No,No
BIJNOR,KOTWALI,9030801307,GOV. HIGH SCHOOL MUNAWWARPUR SAID,60.0,50,-16.67,6,HIGH RISK,No,Yes,No,No,Yes,Yes,No,Yes,No,No
KANNAUJ,HASERAN,9300600110,RAJKIYA H.S.S. JOGNIPUR HASERAN,21.0,24,14.29,6,HIGH RISK,No,No,No,No,Yes,Yes,Yes,Yes,No,Yes
KANNAUJ,KANNAUJ,9300100204,RAJKIYA H.S.S. MURAIYA BUJURG KANNAUJ,42.0,42,0.0,6,HIGH RISK,No,No,No,No,Yes,Yes,Yes,Yes,No,Yes
ALIGARH,NAGAR ATRAULI,9121403616,RAJKEYA KANYA INTER COLLEGE ATRAULI,918.0,678,-26.14,6,HIGH RISK,Yes,Yes,No,No,No,No,Yes,No,No,No
AMBEDKAR NAGAR,AKBARPUR,9480110905,G G I C AKBARPUR,123.0,68,-44.72,6,HIGH RISK,No,Yes,No,No,Yes,Yes,Yes,No,No,No
KANNAUJ,UMARDA,9300200105,RAJKIYA H.S.S FULWARI UMARDA,23.0,23,0.0,6,HIGH RISK,No,No,No,No,Yes,Yes,Yes,Yes,No,Yes
MUZAFFARNAGAR,PURKAJI,9020400704,GOV. HIGH SCHOOL KASAMPUR,34.0,38,11.76,6,HIGH RISK,No,No,No,No,Yes,Yes,Yes,Yes,No,Yes
BIJNOR,AFZALGRAH,9030103004,.RAJKIYA SANT .RAVIDAS AVAM A.HIG.SEC. HAREWALI,67.0,83,23.88,6,HIGH RISK,No,No,No,Yes,Yes,Yes,No,Yes,No,No
SAHARANPUR,NAKUR,9010105208,GOVT. INTER COLLEGE KAPURI,205.0,157,-23.41,6,HIGH RISK,Yes,Yes,No,No,No,No,No,Yes,No,No
SAHARANPUR,NAKUR,9010106752,LALA INDARSEN GOVT GIRLS INTER COLLEGE,202.0,166,-17.82,6,HIGH RISK,Yes,Yes,No,No,No,No,Yes,No,No,No
FARRUKHABAD,NAG. KSH.FAR.BAD,9290703803,RAJKEY BALIKA INTER COLLEGE FATEHGARH,1584.0,1262,-20.33,6,HIGH RISK,Yes,Yes,No,No,No,No,Yes,No,No,No
MAINPURI,GHIROR,9180208103,RAJKIIYA HIGH SCHOOL DHAURASI GHIROR,73.0,60,-17.81,6,HIGH RISK,No,Yes,No,No,Yes,Yes,No,Yes,No,No
MAINPURI,GHIROR,9180207308,RAJKIYA HIGH SCHOOL MADHAILA  GHIROR,81.0,68,-16.05,6,HIGH RISK,No,Yes,No,No,Yes,No,Yes,Yes,No,No
MAINPURI,KARHAL,9180811515,G.G.I.C KARHAL MAINPURI,513.0,388,-24.37,6,HIGH RISK,Yes,Yes,No,No,No,No,Yes,No,No,No
SITAPUR,N.K.BISWAN,9242000315,RAJKIYA BALIKA INTER COLLEGE BISWAN,782.0,607,-22.38,6,HIGH RISK,Yes,Yes,No,No,No,No,Yes,No,No,No
FAIZABAD,AYODHYA TOWN AREA,9471300102,TULSI G.G.I.C. AYODHYA,479.0,372,-22.34,6,HIGH RISK,Yes,Yes,No,No,No,No,Yes,No,No,No
FAIZABAD,MASAUDHA,9470401503,GGIC GAUHANIYA,413.0,305,-26.15,6,HIGH RISK,Yes,Yes,No,No,No,No,Yes,No,No,No
FAIZABAD,MAYA,9471400204,RAJKIYA BALIKA INTER COLLEGE,115.0,74,-35.65,6,HIGH RISK,No,Yes,No,No,Yes,Yes,Yes,No,No,No
FAIZABAD,PURA,9470810609,GOVERNMENT HIGH SCHOOL BHADAULI,30.0,40,33.33,6,HIGH RISK,No,No,No,No,Yes,Yes,Yes,Yes,No,Yes
MAINPURI,MAINPURI-CITY,9181002917,RAJKIY KANYA INTER COLLEGE DEVI ROAD MAINPURI,873.0,694,-20.5,6,HIGH RISK,Yes,Yes,No,No,No,No,Yes,No,No,No
AMETHI - CSM NAGAR,TILOI,9732202304,RAJKIY HIGH SCHOOL CHITRA BUZURG,43.0,43,0.0,6,HIGH RISK,No,No,No,No,Yes,Yes,Yes,Yes,No,Yes
SULTANPUR,KURWAR,9491609205,GHS JUDUPUR,141.0,113,-19.86,6,HIGH RISK,Yes,Yes,No,No,No,No,No,Yes,No,No
UNNAO,BICHHIYA,9261003410, GOVT GIRLS INTER COLLEGE PADRI KHURD UNNAO,247.0,209,-15.38,6,HIGH RISK,Yes,Yes,No,No,No,No,Yes,No,No,No
LALITPUR,LALITPUR,9370700109,GOVT GIRLS INTER COLLEGE LALITPUR,4476.0,3355,-25.04,6,HIGH RISK,Yes,Yes,No,No,No,No,Yes,No,No,No
FATEHPUR,MALAWAN,9420410514,GOVT. H.S SCHOOL DEEGH,75.0,56,-25.33,6,HIGH RISK,No,Yes,No,No,Yes,No,Yes,Yes,No,No
MAHOBA,CHARKHARI URBAN,9390108524,G.IC. CHARKHARI,1189.0,959,-19.34,6,HIGH RISK,Yes,Yes,No,No,No,No,No,Yes,No,No
MAHOBA,JAITPUR,9390208303,GOVT HIGH SCHOOL RAWATPURA,61.0,51,-16.39,6,HIGH RISK,No,Yes,No,No,Yes,No,Yes,Yes,No,No
BAHRAICH,CHITTAURA,9500801802,R H SCHOOL KISHUNPURMAFI CHITTAURA,104.0,61,-41.35,6,HIGH RISK,No,Yes,No,No,Yes,Yes,No,Yes,No,No
BAHRAICH,HUJUR PUR,9500600107,GOVERNMENT G.H.S. SCHOOL,74.0,61,-17.57,6,HIGH RISK,No,Yes,No,No,Yes,Yes,Yes,No,No,No
BAHRAICH,HUJUR PUR,9500608704,R H S JIGANIYA CHHATER PAL,53.0,40,-24.53,6,HIGH RISK,No,Yes,No,No,Yes,No,No,Yes,No,Yes
SAMBHAL (BHIM NAGAR),ASMOLI,9680102306,GOVT.HIGHER SECONDARY SCHOOL MADALA FATEHPUR,67.0,54,-19.4,6,HIGH RISK,No,Yes,No,No,Yes,No,Yes,Yes,No,No
BIJNOR,BIJNOR(NAGAR),9031203905,RAJKIYA INTER COLLEGE BIJNOR,1798.0,1299,-27.75,6,HIGH RISK,Yes,Yes,No,No,No,No,No,Yes,No,No
BIJNOR,HALDAUR,9030501608,RAJKEEYA GIRLS INTER COLLEGE JHALU,897.0,726,-19.06,6,HIGH RISK,Yes,Yes,No,No,No,No,Yes,No,No,No
RAMPUR,TOWN AREA RAMPUR,9050700515,GOVT ZULFEQAR  IC RAMPUR,388.0,316,-18.56,6,HIGH RISK,Yes,Yes,No,No,No,No,No,Yes,No,No
SAHARANPUR,GANGOH,9010305905,GOVT. HIGH SCHOOL,67.0,51,-23.88,6,HIGH RISK,No,Yes,No,No,Yes,No,Yes,Yes,No,No
PILIBHIT,BARKHERA,9210204408,"GOVERNMENT GIRLS  INTER COLLAGE, BARKHERA",613.0,486,-20.72,6,HIGH RISK,Yes,Yes,No,No,No,No,Yes,No,No,No
FIROZABAD,ARAWN,9160702904,GOVT. HIGH SCHOOL SOTHARA,125.0,99,-20.8,6,HIGH RISK,No,Yes,No,No,Yes,No,Yes,Yes,No,No
AZAMGARH,PAWAE,9610705504,RAJKIYA U.M.V. SARAIPUL,110.0,71,-35.45,6,HIGH RISK,No,Yes,No,No,Yes,Yes,No,Yes,No,No
SONBHADRA,NAGWA,9700605205,GOVT. GIRLS HIGH SCHOOL CHERUI,81.0,61,-24.69,6,HIGH RISK,No,Yes,No,No,Yes,Yes,No,Yes,No,No
SONBHADRA,NAGWA,9700605304,GOVT. H.S.S. MARKUDI,79.0,61,-22.78,6,HIGH RISK,No,Yes,No,No,Yes,No,Yes,Yes,No,No
SONBHADRA,NAGWA,9700600502,GOVT. HIGH SCHOOL KANHAURA,75.0,55,-26.67,6,HIGH RISK,No,Yes,No,No,Yes,Yes,No,Yes,No,No
FIROZABAD,EKA,9160911107,GOVT. HIGH SCHOOL NAGLA KHEDA,32.0,43,34.38,6,HIGH RISK,No,No,No,No,Yes,Yes,Yes,Yes,No,Yes
MAHARAJGANJ,DHANI,9570901106,GOVT HS BARDAD,116.0,77,-33.62,6,HIGH RISK,No,Yes,No,No,Yes,Yes,No,Yes,No,No
BAGHPAT,KHEKRA,9080602704,G.H.S GONA,109.0,87,-20.18,6,HIGH RISK,No,Yes,No,No,Yes,No,Yes,Yes,No,No
AZAMGARH,MAHARAJ GANJ,9610104507,"GOVT ABHINAV SCHOOL, TERAHI",37.0,50,35.14,6,HIGH RISK,No,No,No,Yes,Yes,Yes,No,Yes,No,No
MAHARAJGANJ,MAHRAJGANJ,9570100303,GOVT HS PARASKHAND,119.0,95,-20.17,6,HIGH RISK,No,Yes,No,No,Yes,No,Yes,Yes,No,No
BHADOI,DEEGH,9710510103,GOVT. HIGH SCHOOL CHANDAPUR,38.0,41,7.89,6,HIGH RISK,No,No,No,No,Yes,Yes,Yes,Yes,No,Yes
BHADOI,DEEGH,9710511303,GOVT. HIGH SCHOOL DASHARAMPATTI,64.0,52,-18.75,6,HIGH RISK,No,Yes,No,No,Yes,No,Yes,Yes,No,No
BAREILLY,BAHERI,9201410803,GOVT. HIGH SCHOOL TANDA CHHANGA,32.0,28,-12.5,6,HIGH RISK,No,No,No,No,Yes,Yes,Yes,Yes,No,Yes
RAMPUR,SHAHBAD,9050125507,GOVT INTER COLLEGE SHAHBAD,1710.0,1337,-21.81,6,HIGH RISK,Yes,Yes,No,No,No,No,No,Yes,No,No
RAMPUR,TOWN AREA RAMPUR,9050704510,GOVT HAMID IC RAMPUR,121.0,97,-19.83,6,HIGH RISK,No,Yes,No,No,Yes,Yes,No,Yes,No,No
BASTI,TOWN AREA,9551404605,GOVT INTER COLLEGE BASTI,415.0,292,-29.64,6,HIGH RISK,Yes,Yes,No,No,No,No,No,Yes,No,No
JHANSI,BANGRA,9360305533,RAJKIYA GIRLS INTER COLLEGE-RANIPUR,431.0,314,-27.15,6,HIGH RISK,Yes,Yes,No,No,No,No,Yes,No,No,No
JHANSI,GURSARAI,9360608318,RAJKIYA BALIKA INTER COLLEGE - GURSARAI,294.0,215,-26.87,6,HIGH RISK,Yes,Yes,No,No,No,No,Yes,No,No,No
PRATAPGARH,SHIVGARH,9431707903,GOVT. HIGHER SECONDRY SCHOOL HARNAHPUR,48.0,42,-12.5,6,HIGH RISK,No,No,No,No,Yes,Yes,Yes,Yes,No,Yes
JHANSI,BABINA,9360102005,RAJKIYA BALIKA INTER COLL.-RASOI,457.0,364,-20.35,6,HIGH RISK,Yes,Yes,No,No,No,No,Yes,No,No,No
JHANSI,BABINA,9360100904,GOVT.HIGH SCHOOL BUDPURA,75.0,63,-16.0,6,HIGH RISK,No,Yes,No,No,Yes,No,Yes,Yes,No,No
JAUNPUR,SIRKONI,9640113804,GOVT. H.S. PARIYAWAN,33.0,47,42.42,6,HIGH RISK,No,No,No,No,Yes,Yes,Yes,Yes,No,Yes
JAUNPUR,SIKRARA,9640205204,GOVT H.S SCHOOL RAMNAGAR,25.0,33,32.0,6,HIGH RISK,No,No,No,No,Yes,Yes,Yes,Yes,No,Yes
AGRA,JAITPUR  KALAN,9150909801,GOVERNMENT  INTER COLLEGE KACHHPURA AGRA,66.0,58,-12.12,6,HIGH RISK,No,No,No,Yes,Yes,Yes,No,Yes,No,No
ALIGARH,DHANIPUR,9120103509,RAJKEYA KANYA INTER COLLEGE KALAI,231.0,184,-20.35,6,HIGH RISK,Yes,Yes,No,No,No,No,Yes,No,No,No
