District,Block,School_ID,School_Name,Total_2223,Total_2526,Overall_Growth_pct,YoY_Latest,Block_Zone,Girls_Ratio_Improving,Upper_Class_Growing,Bright_Spot_Flag,Potential_Score,Potential_Tag,Investment_Worthy
FATEHPUR,TELIYANI,9420500305,Pt Deendayal Upadhyay Govt Model Inter College Aladatpur,201,287,42.79,22.13,YELLOW,True,True,False,4,High Potential,True
BAREILLY,NAWABGANJ,9200403708,GOVT. INTER COLLEGE BARAUR NAWABGANJ,81,239,195.06,26.46,YELLOW,True,True,False,4,High Potential,True
BAREILLY,NAWABGANJ,9200400413,GOVT. INTER COLLEGE HAFIZGANJ NAWABGANJ,55,199,261.82,20.61,YELLOW,True,True,False,4,High Potential,True
BALLIA,RASARA,9630306503,PT Deendayal Upadhyay Rajkiya Model Inter College Motira Rasra ballia,70,135,92.86,6.3,YELLOW,True,True,False,4,High Potential,True
ETAWAH,CHAKARNAGAR,9310805804,GOVT.  INTER COLLEGE SINDAUS,154,171,11.04,8.23,YELLOW,True,True,False,4,High Potential,True
BAREILLY,RICHHA(DAMKHODA),9200500206,GOVT. INTER COLLEGE MUNDIA JAGIR DAMKHODA,45,178,295.56,42.4,YELLOW,True,True,False,4,High Potential,True
ETAH,AWAGARH,9170305106,PANDIT DEEN DAYAL UPADHYAY GOVT MODEL INTER COLLEGE ISAULI ETAH,174,241,38.51,9.05,YELLOW,True,True,False,4,High Potential,True
ALIGARH,CHANDAUS,9120703804,Pt Deendayal Upadhyay Govt Model Inter College,199,259,30.15,10.68,YELLOW,True,True,False,4,High Potential,True
ETAH,JAITHARA,9170509104,GOVT INTER COLLEGE AMRATPUR RAGHUPUR JAITHRA,35,184,425.71,29.58,YELLOW,True,True,False,4,High Potential,True
HAMIRPUR (U.P.),KURARA,9380108646,PT DEENDYAL UPADHAYA GOVT MODEL INTER COLLEGE KURARA,119,180,51.26,56.52,YELLOW,True,True,False,4,High Potential,True
CHITRAKOOT,PAHADI,9410207501,GOVT. HIGH SCHOOL ASHOH,138,141,2.17,21.55,YELLOW,True,True,False,4,High Potential,True
AMETHI - CSM NAGAR,GAURIGANJ,9731906204,PANDIT DEENDAYAL UPADHYAY RAJKEEYA  MODAL INTER COLLEGE ,67,70,4.48,29.63,ORANGE,True,True,False,4,High Potential,True
SITAPUR,RAMPURMATHURA,9241600502,Pt Deen Dayal Upadhyay Rajkiya Model Inter College Sahranankari,220,287,30.45,22.13,YELLOW,True,True,False,4,High Potential,True
JAUNPUR,SIRKONI,9640120505,G.G.I.C.,83,112,34.94,12.0,YELLOW,True,True,False,4,High Potential,True
BUDAUN,QADARCHOWK,9190107202,PT.  DEENDAYAL UPADHYAY GOVT MODEL INTER COLLEGE CHAUDERA,144,278,93.06,6.51,YELLOW,True,True,False,4,High Potential,True
AMETHI - CSM NAGAR,MUSAFIRKHANA,9730306605,PANDIT DEENDAYAL U RAJKIYE MODAL INTER COLLEGE,33,194,487.88,45.86,ORANGE,True,True,False,4,High Potential,True
BHADOI,GYANPUR,9710222719,SHRI KASHIRAJ RAJAKIYA SANSKRIT MAHAVIDHYALAY GYANPUR BHADOHI ,15,61,306.67,90.62,YELLOW,True,True,False,4,High Potential,True
HARDOI,KOTHAWAN,9251503305,PT DEEN DAYAL UPADHAYAY RAJKIYA MODEL INTER COLLEGE JARAUA,90,202,124.44,10.38,YELLOW,True,True,False,4,High Potential,True
AURAIYA,AURAIYA,9320100103,GOVT INTER COLLEGE AYANA  AURAIYA,149,179,20.13,13.29,YELLOW,True,True,False,4,High Potential,True
JYOTIBA PHULE NAGAR (AMROHA),JOYA,9062123704,Govt Inter College Dhanora urf Murad Nagar,119,214,79.83,16.94,YELLOW,True,True,False,4,High Potential,True
HATHRAS,SADABAD,9130610805,PT DEEN DAYAL RAJKIYE MODEL INTER COLLEGE SINSTA,121,252,108.26,22.33,YELLOW,True,True,False,4,High Potential,True
FAIZABAD,MAWAI,9470607608,GOVT INTER COLLEGE SUNBA MAWAI AYODHYA,51,272,433.33,41.67,YELLOW,True,True,False,4,High Potential,True
KANNAUJ,KANNAUJ,9300101406, ABHINAV VIDYALAYA,114,129,13.16,6.61,YELLOW,True,True,False,4,High Potential,True
KANPUR DEHAT,RASULABAD,9330908805,GOVT.GIRLS I.C.SIMRAMAU,63,129,104.76,20.56,YELLOW,True,True,False,4,High Potential,True
KANSHIRAM NAGAR,PATIYALI,9721009433,PT DEENDAYAL UPADHYAY GOVT MODEL INTER COLLEGE BHARGAIN ,109,246,125.69,8.37,YELLOW,True,True,False,4,High Potential,True
KAUSHAMBI,KADA,9440801803,PANDIT DEEN DAYAL UPADHAYAY RAJKIY MADAL INTER COLLEGE KESARI,40,143,257.5,28.83,GREEN,True,True,False,4,High Potential,True
KUSHINAGAR,KHADDA,9590305003,PT DEENDAYAL UPADHYAY GOVT MODEL IC MISRAULI,119,222,86.55,57.45,YELLOW,True,True,False,4,High Potential,True
LALITPUR,JAKHORA,9370301404,GHS MAINWARA,113,176,55.75,109.52,YELLOW,True,True,False,4,High Potential,True
LUCKNOW,CHINHAT,9270108701,GOVT INTER COLLEGE SAIRPUR,84,195,132.14,93.07,ORANGE,True,True,False,4,High Potential,True
MAHARAJGANJ,NICHLOUL,9570607909,RAJKIY INTER COLLEGE NAUNIYA,33,218,560.61,51.39,YELLOW,True,True,False,4,High Potential,True
MAHARAJGANJ,PANIYARA,9570400305,PANDIT DEEN DAYAL UPADHYAY GOVT MODEL INTER COLLEAGE KUWANCHAF,54,125,131.48,7.76,YELLOW,True,True,False,4,High Potential,True
MAHOBA,CHARKHARI,9390105912,PANDIT DEEN DYAL IC RIWAI CHARKHARI,141,259,83.69,30.15,YELLOW,True,True,False,4,High Potential,True
MAINPURI,GHIROR,9180210215,Pt Deendayal Upadhyay Govt Model Inter College Shahjahanpur,72,169,134.72,9.03,YELLOW,True,True,False,4,High Potential,True
MEERUT,MACHRA,9071001709,G.I.C JARODA ,16,50,212.5,28.21,YELLOW,True,True,False,4,High Potential,True
MEERUT,SARDHANA,9070603907,RAJKIYA INTER COLLEGE KAPSADH,47,76,61.7,20.63,YELLOW,True,True,False,4,High Potential,True
MORADABAD,BILARI,9040301511,GOVERNMENT INTER COLLEGE THANWLA BILARI MORADABAD,61,88,44.26,51.72,YELLOW,True,True,False,4,High Potential,True
MORADABAD,CHAJLET,9042002405,GOVT INTER COLLEGE MANPUR MUJJAFARPUR MORADABAD,179,243,35.75,11.98,RED,True,True,False,4,High Potential,True
MORADABAD,DILARI,9040601918,GOVERNMENT INTER COLLEGE SIHALI KHADDAR,58,174,200.0,5.45,YELLOW,True,True,False,4,High Potential,True
MUZAFFARNAGAR,BAGHRA,9020202904,GOVT INTER COLLEGE BUDHINA KHURD   MUZAFFARNAGAR,98,119,21.43,29.35,ORANGE,True,True,False,4,High Potential,True
MUZAFFARNAGAR,BUDHANA,9020605701,GOVT INTER COLLEGE BIRAL  MUZAFFARNAGAR,81,126,55.56,103.23,YELLOW,True,True,False,4,High Potential,True
PILIBHIT,BILSANDA,9210407904,PANDIT DEEN DAYAL UPADHYAY GOVERNMENT MODEL INTER COLLEGE MARORIKHASH BILSANDA PILIBIHT,137,143,4.38,20.17,ORANGE,True,True,False,4,High Potential,True
PILIBHIT,N. P. PILIBHIT,9210901104,GOVERNMENT INTER COLLEGE SHER MOHAMMAD PILIBHIT,24,105,337.5,40.0,YELLOW,True,True,False,4,High Potential,True
PRATAPGARH,SHIVGARH,9431708707,Pt Deendayal Upadhyay Govt Model Inter College Kuradeeh Shivgarh,82,155,89.02,34.78,YELLOW,True,True,False,4,High Potential,True
SAHARANPUR,SADHOLI KADIM,9010404507,GOVT INTER COLLEGE DABKAURA,110,182,65.45,7.69,YELLOW,True,True,False,4,High Potential,True
SAMBHAL (BHIM NAGAR),PAWANSA,9681000106,GOVERNMENT INTER COLLEGE,45,129,186.67,35.79,GREEN,True,True,False,4,High Potential,True
SHAMLI (PRABUDH NAGAR),OON,9740910723,PANDIT DEEN DAYAL UPADHYAY RAJKIYA MODEL INTER COLLEGE OON SHAMLI,45,59,31.11,55.26,YELLOW,True,True,False,4,High Potential,True
SITAPUR,MAHMOODABAD,9241012202,GOVT INTER COLLEGE LAILKHURD MAHMUDABAD,28,166,492.86,43.1,GREEN,True,True,False,4,High Potential,True
AMBEDKAR NAGAR,RAMNAGAR,9480811703,GOVT HIGHER SEC SCH CHANDANPUR,80,84,5.0,23.53,YELLOW,True,False,False,3,Medium Potential,True
AMBEDKAR NAGAR,RAMNAGAR,9480802223,PT. D.D.U. GOVT. MODAL INTER COLLEGE RAMNAGAR,60,557,828.33,66.27,YELLOW,True,True,False,3,Medium Potential,True
AMBEDKAR NAGAR,TANDA TOWN AREA,9481002001,GOVT. GIRLS INTER COLLEGE NAGARPALIKA PARISHAD TANDA,37,160,332.43,21.21,GREEN,False,True,False,3,Medium Potential,True
ALIGARH,JAWAN,9120611803,GHS PIPLAUTH,94,103,9.57,8.42,YELLOW,True,False,False,3,Medium Potential,True
AMETHI - CSM NAGAR,BHETUA,9732303305,RAJKIY INTER COLLEGE,57,224,292.98,12.0,GREEN,False,True,False,3,Medium Potential,True
AMETHI - CSM NAGAR,JAGDISHPUR,9730100401,GGIC JAGDISHPUR,223,298,33.63,8.76,RED,False,True,False,3,Medium Potential,True
AMETHI - CSM NAGAR,JAMO,9732100115,UMA RAMAN INTER COLLEGE,196,313,59.69,12.59,YELLOW,True,True,False,3,Medium Potential,True
AMETHI - CSM NAGAR,SANGRAMPUR,9730400406,GGIC SANGRAMPUR,28,34,21.43,17.24,YELLOW,False,True,False,3,Medium Potential,True
AMETHI - CSM NAGAR,TILOI,9732201003,RAJKIY HIGH SCHOOL SAVITAPUR,60,124,106.67,18.1,ORANGE,True,False,False,3,Medium Potential,True
AURAIYA,BIDHUNA,9320500105,GOVT.  GIRLS INTER COLLEGE  BIDHURA,165,293,77.58,13.13,YELLOW,False,True,False,3,Medium Potential,True
AURAIYA,BIDHUNA,9320500271,GOVT. U.M.V. BHATAULI,38,71,86.84,73.17,YELLOW,True,False,False,3,Medium Potential,True
AURAIYA,SAHAR,9320805603,GOVT. U.M.V. BIJHAI SAHAR,82,141,71.95,11.02,GREEN,True,False,False,3,Medium Potential,True
AZAMGARH,LALGANJ,9610401511,G.G.I.C. DEVGAON,136,160,17.65,13.48,YELLOW,True,False,False,3,Medium Potential,True
AZAMGARH,MOHAMMADPUR,9611800313,G G I C NANDAV,25,77,208.0,37.5,GREEN,False,True,False,3,Medium Potential,True
AZAMGARH,MOHAMMADPUR,9611801105,GOVT H S S SURJANPUR,87,88,1.15,41.94,GREEN,True,False,False,3,Medium Potential,True
BAGHPAT,BAGPAT,9080103703,GIC JAHANGARH DAUJHA,231,240,3.9,-7.34,YELLOW,True,True,False,3,Medium Potential,True
BAGHPAT,CHHAPROLI,9080502304,G.H.S BADARKHA,32,57,78.12,29.55,YELLOW,True,False,False,3,Medium Potential,True
BAGHPAT,KHEKRA,9080601605,G.H.S MUBARIKPUR,54,61,12.96,5.17,YELLOW,True,False,False,3,Medium Potential,True
BAGHPAT,KHEKRA,9080602802,G.H.S SUBHANPR,40,48,20.0,14.29,YELLOW,True,False,False,3,Medium Potential,True
BAGHPAT,PILANA,9080700903,G.H.S TIPANI,59,74,25.42,42.31,YELLOW,True,False,False,3,Medium Potential,True
BAHRAICH,BALHA,9501001805,R H S SCHOOL RAJAPUR KALAN,130,200,53.85,26.58,YELLOW,True,False,False,3,Medium Potential,True
BAHRAICH,HUJUR PUR,9500607203,R H SCHOOL CHAKUJOT,122,184,50.82,16.46,YELLOW,True,False,False,3,Medium Potential,True
BAHRAICH,KAISER GANJ,9500204705,RH SCHOOL PARSENDI,94,95,1.06,46.15,YELLOW,True,False,False,3,Medium Potential,True
BAHRAICH,NAWAB GANJ,9501207210,GOVT.G. INTER COLEGE,154,197,27.92,5.91,YELLOW,False,True,False,3,Medium Potential,True
BAHRAICH,VISHESHWAR  GANJ,9501508302,R H SCHOOL BASANT TEPRA VISHESHWARGANJ,82,126,53.66,17.76,YELLOW,True,False,False,3,Medium Potential,True
BAHRAICH,VISHESHWAR  GANJ,9501508303,R H SCHOOL GANGA JAMUNI VISHESHWARGANJ,200,337,68.5,47.81,YELLOW,True,True,False,3,Medium Potential,True
BAHRAICH,VISHESHWAR  GANJ,9501508301,R H SCHOOL VISHESHWARGANJ VISHESHWARGANJ,70,92,31.43,13.58,YELLOW,True,False,False,3,Medium Potential,True
BALLIA,BAIRIA,9631601818,G.G.I.C. BAIRIA,122,125,2.46,5.93,YELLOW,False,True,False,3,Medium Potential,True
BALLIA,BELAHARI,9631502003,RAJKIYA UCHHTAR J H S DUDHAILA,107,118,10.28,53.25,YELLOW,True,False,False,3,Medium Potential,True
BALLIA,DUBAHAR,9631400502,GOV. G J H S RAMPUR BASARIKAPU,101,122,20.79,18.45,YELLOW,False,True,False,3,Medium Potential,True
BALLIA,GARWAR,9631102904,RAJKIYA UPS BISUKIA,58,78,34.48,6.85,YELLOW,True,False,False,3,Medium Potential,True
BALLIA,GARWAR,9631100203,Rajkiya umv Savarupur,39,71,82.05,7.58,YELLOW,True,False,False,3,Medium Potential,True
BALLIA,SEAR,9630102205,RAJKIYA U M V SHAHPUR AFAGA,52,68,30.77,30.77,YELLOW,True,False,False,3,Medium Potential,True
BALRAMPUR,BALRAMPUR,9522409704,"GOVT. UCCATAR MADHYAMIC VIDYALAYA, VIRAHIMPUR, BALRAMPUR",57,90,57.89,23.29,YELLOW,True,False,False,3,Medium Potential,True
BALRAMPUR,GAINSARI,9522300109,GOVT. INTER COLLEGE GAINSARI,581,701,20.65,10.22,YELLOW,True,True,False,3,Medium Potential,True
BALRAMPUR,HARAIYA SATGHARWA,9522103806,GOVT HR SEC BAHADURGANJ,67,75,11.94,7.14,GREEN,True,False,False,3,Medium Potential,True
BALRAMPUR,SHRIDUTTGANJ,9521601002,GOVT. INTER COLLEGE DARICHAURA,290,381,31.38,13.06,ORANGE,True,True,False,3,Medium Potential,True
BALRAMPUR,TULSIPUR,9522003609,GOVT SEC SCHOOL MAHARJGANJ TARAI,235,283,20.43,16.94,YELLOW,True,False,False,3,Medium Potential,True
BANDA,BABERU,9400509404,GOVT BALIKA I C BABERU,194,226,16.49,8.13,YELLOW,False,True,False,3,Medium Potential,True
BANDA,BADOKHAR KHURD,9400105103,GOVT HIGH SCHOOL KARAHIA,189,190,0.53,21.79,ORANGE,True,False,False,3,Medium Potential,True
BANDA,BISANDA,9400603507,GOVT HIGH SCHOOL BHADEHDU,93,104,11.83,26.83,YELLOW,True,False,False,3,Medium Potential,True
BANDA,KAMASIN,9400701510,GOV INTER COLLEGE BEERA ,77,253,228.57,10.0,YELLOW,False,True,False,3,Medium Potential,True
BANDA,KAMASIN,9400705005,GOVT HIGH SCHOOL  CHARKA,65,111,70.77,21.98,YELLOW,True,False,False,3,Medium Potential,True
BANDA,MAHUWA,9400301707,GIVT. INTER COLLEGE BILGAW,518,637,22.97,22.03,YELLOW,True,True,False,3,Medium Potential,True
BANDA,MAHUWA,9400300703,GOVT HIGH SCH. JAKHANI,51,79,54.9,25.4,YELLOW,True,False,False,3,Medium Potential,True
BANDA,NARAINI,9400407204,G.I.C. KALINGER,660,832,26.06,19.2,ORANGE,True,True,False,3,Medium Potential,True
BANDA,NARAINI,9400402717,G.I.C.FATEH GANJ,607,619,1.98,5.99,ORANGE,True,True,False,3,Medium Potential,True
BANDA,TINDWARI,9400203608,G.I.C.PAILANI,1353,1463,8.13,9.59,YELLOW,True,True,False,3,Medium Potential,True
BARABANKI,BANI KODAR,9460500109,RAJKIYA INTER COLLEGE AHAMADPUR (MSDP),284,287,1.06,-3.37,YELLOW,True,True,False,3,Medium Potential,True
BARABANKI,BANKI,9461011101,RAJKIYA INTER COLLEGE SHABPUR (MSDP),469,541,15.35,13.42,ORANGE,True,True,False,3,Medium Potential,True
BARABANKI,BANKI,9460407105,RAJKIYA U.M.V RASOOLPUR HOUSE,156,223,42.95,13.2,ORANGE,True,False,False,3,Medium Potential,True
BARABANKI,NINDURA,9461408503,GOVT HIGH SCHOOL GHUGHTAIR,349,396,13.47,22.98,RED,True,True,False,3,Medium Potential,True
BARABANKI,PURE DALAI,9460704103,RAJKEEY U.M.V PUREDALAI,99,119,20.2,45.12,YELLOW,True,False,False,3,Medium Potential,True
BAREILLY,BAHERI,9201403206,GOVT. HIGH SCHOOL RATANGARH,49,58,18.37,5.45,YELLOW,True,False,False,3,Medium Potential,True
BAREILLY,BHUTA,9200310603,GOVT. HIGH SCHOOL INAYATPUR,110,135,22.73,17.39,YELLOW,True,False,False,3,Medium Potential,True
BAREILLY,BHUTA,9200301003,GOVT. SEC. SCHOOL SIMARA KESHOPUR,127,131,3.15,20.18,YELLOW,True,False,False,3,Medium Potential,True
BAREILLY,FATEHGANJ,9200700603,GOVT. INTER COLLEGE TURSA PATTI FATEHGANJ W,28,191,582.14,17.18,YELLOW,False,True,False,3,Medium Potential,True
BAREILLY,KYARA,9200808702,GOVT. HIGH SCHOOL NANDGAON,68,78,14.71,13.04,YELLOW,True,False,False,3,Medium Potential,True
BAREILLY,KYARA,9200809003,GOVT. HIGH SCHOOL TAL GAUTIA,173,205,18.5,7.89,YELLOW,True,False,False,3,Medium Potential,True
BAREILLY,MAJHGAWAN,9201007604,GOVT. HIGH SCHOOL BALEI BHAGWANTPUR,105,117,11.43,10.38,YELLOW,True,False,False,3,Medium Potential,True
BAREILLY,NAWABGANJ,9200400505,GOVT HIGH SCHOOL TANDA SADAT,29,32,10.34,88.24,YELLOW,True,False,False,3,Medium Potential,True
BAREILLY,NAWABGANJ,9200403103,GOVT. HIGH SCHOOL PAROTHI,60,75,25.0,19.05,YELLOW,True,False,False,3,Medium Potential,True
BAREILLY,RICHHA(DAMKHODA),9200500905,GOVT. GIRLS INTER COLLEGE PAIGA DAMKHODA,18,55,205.56,30.95,YELLOW,False,True,False,3,Medium Potential,True
BAREILLY,RICHHA(DAMKHODA),9200503004,PT DEENDYAL UPADHYAY RAJKIYA MODEL INTER COLLEGE KACHNERA RICHHA BAREILLY,131,279,112.98,14.34,YELLOW,False,True,False,3,Medium Potential,True
BAREILLY,SHERGARH,9200907808,GOVT. HIGH SCHOOL BALLI,36,52,44.44,85.71,YELLOW,True,False,False,3,Medium Potential,True
BAREILLY,SHERGARH,9200909424,GOVT. INTER COLLEGE SHERGARH,162,350,116.05,68.27,YELLOW,True,True,False,3,Medium Potential,True
BAREILLY,VITHARI CHAINPUR,9201804403,GOVT. INTER COLLEGE BALIPUR AHMADPUR VITHRI CHAINPUR,115,376,226.96,34.29,YELLOW,True,True,False,3,Medium Potential,True
BASTI,BAHADURPUR,9550103003,GOVT HR SEC KALWARI EHATMALI,125,187,49.6,11.31,YELLOW,True,False,False,3,Medium Potential,True
BASTI,DUBAULIA,9551500106,GOVT GIRLS HR SEC MAHULANI,72,104,44.44,10.64,YELLOW,True,False,False,3,Medium Potential,True
BASTI,DUBAULIA,9551500107,GOVT HR SEC RAMVAPUR RAJA,46,68,47.83,47.83,YELLOW,True,False,False,3,Medium Potential,True
BASTI,GAUR,9550518731,ABHINAV VIDYALAYA BABHNAN,92,170,84.78,30.77,ORANGE,False,True,False,3,Medium Potential,True
BASTI,HARRIYA,9551313204,GOVT HR SEC VIDYALY BARAHPUR,68,103,51.47,68.85,YELLOW,True,False,False,3,Medium Potential,True
BASTI,PARSHURAMPUR,9551207605,GOVT HIGH SEC SIKANDERPUR,224,248,10.71,6.44,YELLOW,True,False,False,3,Medium Potential,True
BHADOI,ABHOLI,9710703203,GOVT. HIGH SCHOOL SADAUPUR,94,153,62.77,30.77,YELLOW,True,False,False,3,Medium Potential,True
BHADOI,AURAI,9710403802,GOVT. HIGH SCHOOL CHAKJURAVAN,109,274,151.38,10.93,YELLOW,True,False,False,3,Medium Potential,True
BHADOI,AURAI,9710401504,GOVT. HIGH SCHOOL LALANAGAR,146,282,93.15,18.99,YELLOW,True,False,False,3,Medium Potential,True
BHADOI,AURAI,9710405904,GOVT. HIGH SCHOOL SAMDHA,117,177,51.28,13.46,YELLOW,True,False,False,3,Medium Potential,True
BHADOI,AURAI,9710410107,Pt Deendayal Upadhyay Govt Model Inter College girdbadganv bhadohi,237,645,172.15,17.7,YELLOW,True,True,False,3,Medium Potential,True
BHADOI,BHADOHI,9710114304,GOVT. HIGH SCHOOL BHAGWANPUR KANEHARI,77,108,40.26,16.13,YELLOW,True,False,False,3,Medium Potential,True
BHADOI,DEEGH,9710519205,KASTURBA GANDHI GOVT. HIGH SCHOOL VAHIDANAGAR,42,53,26.19,15.22,YELLOW,True,False,False,3,Medium Potential,True
BHADOI,GYANPUR,9710207607,GOVT. HIGH SCHOOL KASIDAHA,108,125,15.74,17.92,YELLOW,True,False,False,3,Medium Potential,True
BHADOI,GYANPUR,9710208906,GOVT. HIGH SCHOOL PALI,172,202,17.44,7.45,YELLOW,True,False,False,3,Medium Potential,True
BHADOI,SURIYAVAN,9710309603,GOVT. HIGH SCHOOL HARIHARPUR,129,155,20.16,30.25,YELLOW,True,False,False,3,Medium Potential,True
BHADOI,SURIYAVAN,9710316203,GOVT. HIGH SCHOOL LALIPUR,110,162,47.27,26.56,YELLOW,True,False,False,3,Medium Potential,True
BIJNOR,AFZALGRAH,9030105703,RAJKIYA HIGHI SCHOOL JAFARABAD,44,52,18.18,23.81,ORANGE,True,False,False,3,Medium Potential,True
BIJNOR,DHAMPUR(NAGAR),9031401720,GOVT GIRLS INTER COLLEGE FATEHULLA PUR KHAS DHAMPUR,61,215,252.46,10.82,YELLOW,False,True,False,3,Medium Potential,True
BIJNOR,HALDAUR,9030501903,RAJKIYA HIGH SCHOOL BISAT,41,56,36.59,69.7,ORANGE,True,False,False,3,Medium Potential,True
BUDAUN,BISAULI,9191606505,"GOVT. HS SCHOOL,PAPGAOAN",54,80,48.15,12.68,RED,True,False,False,3,Medium Potential,True
BUDAUN,DEHGANWAN,9191806301,"GOVT. HS SCHOOL,DAANPUR",34,74,117.65,48.0,YELLOW,True,False,False,3,Medium Potential,True
BUDAUN,DEHGANWAN,9191802012,"GOVT. INTER COLLEGE, NADHA BHOOR",169,354,109.47,8.26,YELLOW,True,True,False,3,Medium Potential,True
BUDAUN,QADARCHOWK,9190107203,GOVT INTER COLLEGE CHAUDERA QADARCHOWK,28,89,217.86,36.92,YELLOW,False,True,False,3,Medium Potential,True
BUDAUN,QADARCHOWK,9190102503,"GOVT. HIGH SCHOOL, KADER BARI",107,109,1.87,7.92,YELLOW,True,False,False,3,Medium Potential,True
BUDAUN,QADARCHOWK,9190104602,"GOVT. INTER COLLEGE,NIZAMPUR",311,388,24.76,9.92,YELLOW,True,True,False,3,Medium Potential,True
BUDAUN,SAHASWAN CITY,9191900151,"GOVT. GIRLS INTER COLLEGE, SAHASWAN",40,85,112.5,14.86,GREEN,False,True,False,3,Medium Potential,True
BUDAUN,SAMRER,9191103104,"GOVT. HS SCHOOL,SEERJAYLAL",96,98,2.08,28.95,RED,True,False,False,3,Medium Potential,True
BUDAUN,WAZEERGANJ,9191203129,"GOVT. GIRLS INTER COLLEGE,SAIDPUR",71,78,9.86,25.81,YELLOW,False,True,False,3,Medium Potential,True
BULANDSHAHR,JAHAGIRABAD,9111206006,PT DEENDAYAL UPADHYAY GOVT MODEL INTER COLLEGE KOTHARA KURAINA,90,178,97.78,14.84,YELLOW,False,True,False,3,Medium Potential,True
BULANDSHAHR,JAHAGIRABAD,9111200903,RAJKIYA HIGH SCH KOTHERA,25,44,76.0,37.5,YELLOW,True,False,False,3,Medium Potential,True
BULANDSHAHR,KHURJA,9111105304,RAJKIYA UMV NAGLA ROOMI,56,72,28.57,18.03,GREEN,True,False,False,3,Medium Potential,True
BULANDSHAHR,PAHASU,9111400503,GOVT. HIGHER SEC. SCH,63,107,69.84,7.0,YELLOW,True,False,False,3,Medium Potential,True
BULANDSHAHR,PAHASU,9111402903,PT DEENDAYAL UPADHYAY GOVT MODEL INTER COLLEGE RASOOLGARH,50,242,384.0,38.29,YELLOW,False,True,False,3,Medium Potential,True
BULANDSHAHR,SHIKARPUR,9110201603,PT DEENDAYAL UPADHYAY GOVT MODEL INTER COLLEGE JAKHAITA,38,94,147.37,16.05,ORANGE,False,True,False,3,Medium Potential,True
BULANDSHAHR,SIKANDRABAD,9111500107,GOVT. GIRLS INTER COLLEGE,55,90,63.64,23.29,YELLOW,False,True,False,3,Medium Potential,True
BULANDSHAHR,SYNA,9110601106,RAJKIYA UMV MAKADI,25,51,104.0,54.55,YELLOW,True,False,False,3,Medium Potential,True
BULANDSHAHR,UCHAGAON,9110507203,PT DEENDAYAL UPADHYAY GOVT MODEL INTER COLLEGE TIMARPUR,134,208,55.22,18.18,YELLOW,False,True,False,3,Medium Potential,True
CHANDAULI,CHAKIYA,9660211203,GHS BITHAWAL KALA,59,135,128.81,5.47,YELLOW,True,False,False,3,Medium Potential,True
CHANDAULI,NAUGARH,9660904504,GHS SONWAR,92,128,39.13,17.43,YELLOW,True,False,False,3,Medium Potential,True
CHANDAULI,NAUGARH,9660902603,GHS UDITPUR SURRA,52,102,96.15,21.43,YELLOW,True,False,False,3,Medium Potential,True
CHITRAKOOT,CHITRAKOOT,9410105809,GOVT. HIGH SCHOOL BHARATKOOP,138,146,5.8,22.69,YELLOW,True,False,False,3,Medium Potential,True
CHITRAKOOT,MANIKPUR,9410504704,GOVT. HIGH SCHOOL DADARI MAFI,59,80,35.59,33.33,YELLOW,True,False,False,3,Medium Potential,True
CHITRAKOOT,MANIKPUR,9410506109,GOVT. HIGH SCHOOL ELHA,19,35,84.21,12.9,YELLOW,True,False,False,3,Medium Potential,True
CHITRAKOOT,MAU,9410300503,GOVT. HIGH SCHOOL MANDAUR,116,147,26.72,20.49,YELLOW,True,False,False,3,Medium Potential,True
CHITRAKOOT,MAU,9410302604,GOVT. HIGH SCHOOL TIKARA,60,97,61.67,70.18,YELLOW,True,False,False,3,Medium Potential,True
CHITRAKOOT,PAHADI,9410200304,GOVT. HIGH SCHOOL CHANDI,104,169,62.5,9.74,YELLOW,True,False,False,3,Medium Potential,True
CHITRAKOOT,PAHADI,9410205101,GOVT. HIGH SCHOOL GAUHANI,51,52,1.96,13.04,YELLOW,True,False,False,3,Medium Potential,True
CHITRAKOOT,PAHADI,9410206505,GOVT. HIGH SCHOOL NONAR,41,66,60.98,15.79,YELLOW,True,False,False,3,Medium Potential,True
DEORIA,DEORIA NAGAR KSHETRA,9601502902,GOVERMENT INTER COLLEGE DEORIA,1642,2110,28.5,19.21,YELLOW,True,True,False,3,Medium Potential,True
DEORIA,DESAHI DEORIA,9601802206,PT DEEN DAYAL UPADHYAY I C TILA TALI DESAHI DEORIA DEORIA,49,252,414.29,9.09,GREEN,False,True,False,3,Medium Potential,True
ETAH,ALIGANJ,9170102704,GOVERNMENT HIGH SCHOOL M.NAGAR BAJHERA,37,49,32.43,113.04,YELLOW,True,False,False,3,Medium Potential,True
ETAH,ALIGANJ,9170102705,PANDIT DEEN DAYAL UPADHYAY GOVT MODEL INTER COLLEGE M NAGAR BAJHERA ETAH,29,75,158.62,29.31,YELLOW,False,True,False,3,Medium Potential,True
ETAH,JAITHARA,9170503009,PANDIT DEEN DAYAL UPADHYAY GOVT MODEL INTER COLLEGE MUIUDDINPUR ETAH,63,87,38.1,-16.35,YELLOW,True,True,False,3,Medium Potential,True
ETAH,MARHARA,9170807903,GOVT H.S NAGLA MANDHATI (SARNU),47,53,12.77,29.27,YELLOW,True,False,False,3,Medium Potential,True
ETAH,NIDHAULI KALAN,9170907404,GOVERNMENT HSS SHAH BAJPUR,25,51,104.0,70.0,YELLOW,True,False,False,3,Medium Potential,True
ETAH,NIDHAULI KALAN,9170907704,PANDIT DEEN DAYAL UPADHYAY GOVT MODEL INTER COLLEGE GAHARANA ETAH,139,236,69.78,7.27,YELLOW,False,True,False,3,Medium Potential,True
ETAH,SAKEET,9171203106,"GOVT. HIGH SCHOOL, RIJOR",60,66,10.0,29.41,YELLOW,True,False,False,3,Medium Potential,True
ETAH,SHEETAL PUR,9171314101,GOV.GIRLS INTER COLLEGE,91,122,34.07,41.86,YELLOW,False,True,False,3,Medium Potential,True
ETAWAH,CHAKARNAGAR,9310800130,GOVT UMV IMLIA,57,60,5.26,17.65,YELLOW,True,False,False,3,Medium Potential,True
ETAWAH,JASWANT NAGAR,9310410925,GOVT UPS BAUTH,55,65,18.18,30.0,YELLOW,True,False,False,3,Medium Potential,True
ETAWAH,SAIFAI,9310601708,GOVT UPS HARCHANDERPUR,67,111,65.67,11.0,YELLOW,True,False,False,3,Medium Potential,True
ETAWAH,SAIFAI,9310601707,GOVT UPS NAGARIYA KUKPUR,48,59,22.92,37.21,YELLOW,True,False,False,3,Medium Potential,True
FAIZABAD,AMANIGANJ,9470103101,"GOVERNMENT BALIKA INTER COLLEGE, GAHNAG",45,100,122.22,42.86,YELLOW,False,True,False,3,Medium Potential,True
FAIZABAD,MAWAI,9470609301,GOVERENMENT HIGHER SECONDARY SCHOOL,63,82,30.16,26.15,YELLOW,True,False,False,3,Medium Potential,True
FAIZABAD,MAYA,9470713301,"GOVERNMENT HIGHER SECONDARY SCHOOL, HARDI",32,47,46.88,113.64,YELLOW,True,False,False,3,Medium Potential,True
FAIZABAD,MILKIPUR,9471201503,GOVERNMENT  SECONDARY SCHOOL KAHUA,69,76,10.14,49.02,GREEN,True,False,False,3,Medium Potential,True
FAIZABAD,MILKIPUR,9471207202,GOVERNMENT SECONDARY SCHOOL GARHA,55,132,140.0,30.69,GREEN,True,False,False,3,Medium Potential,True
FARRUKHABAD,MOHAMDABAD,9290807807,RAJKEY UCHHTTAR MADHYAMIK VID VIHAR,85,99,16.47,35.62,YELLOW,True,False,False,3,Medium Potential,True
FARRUKHABAD,RAJE PUR,9290510305,RAJKIYA UCHHTAR MADHYAMIK VIDYALYA KUMHRAUR RAJEPUR FARRUKHABAD,86,96,11.63,12.94,GREEN,True,False,False,3,Medium Potential,True
FATEHPUR,AMAULI,9420201905,RAJKIYE H.S.BAMTHARA,24,50,108.33,66.67,YELLOW,True,False,False,3,Medium Potential,True
FATEHPUR,BAHUA,9420706802,RAJKIYE U M V CHAK QUAZIPUR,61,129,111.48,18.35,YELLOW,True,False,False,3,Medium Potential,True
FATEHPUR,BHITAURA,9420603924,RAJKIYE BALIKA I.C.HUSAINGANJ,191,267,39.79,8.54,GREEN,False,True,False,3,Medium Potential,True
FATEHPUR,DHATA,9421304906,RAJKIYE U.M.VIDAYALAYA KOAT,65,76,16.92,20.63,YELLOW,True,False,False,3,Medium Potential,True
FATEHPUR,HASAWA,9420802509,RAJKIYE U M V KUSUMBHI,54,62,14.81,29.17,YELLOW,True,False,False,3,Medium Potential,True
FATEHPUR,HATHGAOM,9421200704,RAJKIYE U.M.VIDAYALAYE AKBARPUR CHAURAI,238,273,14.71,26.98,YELLOW,True,False,False,3,Medium Potential,True
FATEHPUR,MALAWAN,9420413105,GOV. HIGHER SECOUNDRY SCHOOL LAHANGI,34,55,61.76,61.76,YELLOW,True,False,False,3,Medium Potential,True
FATEHPUR,VIJAIPUR,9421110905,RAJKIYE I.C.ARJUNPUR GADHA,508,872,71.65,14.59,YELLOW,True,True,False,3,Medium Potential,True
FIROZABAD,EKA,9160908206,GOVT. HIGH SCHOOL KONDRA,48,75,56.25,97.37,YELLOW,True,False,False,3,Medium Potential,True
FIROZABAD,JASRANA,9160801403,GOVT. HIGH SCHOOL NAGLA PATTI 1522,71,79,11.27,51.92,YELLOW,True,False,False,3,Medium Potential,True
FIROZABAD,NARKHI,9161200106,GOVT. HIGH SCHOOL NARKHI 1396,87,110,26.44,42.86,YELLOW,True,False,False,3,Medium Potential,True
GAUTAM BUDDHA NAGAR,DANKAUR,9100309607,GOVT HIGHER SEC. SCH. SALEMPUR GURJAR,140,174,24.29,37.01,YELLOW,True,False,False,3,Medium Potential,True
GHAZIABAD,BHOJPUR,9090406112,GOVT INTER COLLEGE TYODI,236,276,16.95,-11.82,YELLOW,True,True,False,3,Medium Potential,True
GHAZIABAD,BHOJPUR,9090404504,GOVT. INTER COLLEGE MACHRI,30,107,256.67,22.99,YELLOW,False,True,False,3,Medium Potential,True
GHAZIPUR,BHADAURA,9650102009,GOVT.G.I.C.DILDARNAGAR,36,215,497.22,100.93,GREEN,False,True,False,3,Medium Potential,True
GHAZIPUR,BHADAURA,9650102414,GOVT.G.I.C.GAHMAR,30,85,183.33,107.32,GREEN,False,True,False,3,Medium Potential,True
GHAZIPUR,DEOKALI,9650800212,GOVERNMENT GIRLS INTER COLLEGE,83,88,6.02,7.32,YELLOW,False,True,False,3,Medium Potential,True
GHAZIPUR,DEOKALI,9650804204,GOVT. U.M.V. BHIKKHEPUR,28,45,60.71,275.0,YELLOW,True,False,False,3,Medium Potential,True
GHAZIPUR,DEOKALI,9650808506,RAJKIYA ASHRAM PADDHATI BALIKA VIDYALAYA,135,164,21.48,6.49,YELLOW,False,True,False,3,Medium Potential,True
GHAZIPUR,KASIMABAD,9651201409,GOVT. GIRLS I.C. MUBARAKPUR GANGAULI,21,61,190.48,32.61,YELLOW,False,True,False,3,Medium Potential,True
GHAZIPUR,REOTIPUR,9651000130,GOVT. U.M.V. REOTIPUR,43,114,165.12,26.67,GREEN,True,False,False,3,Medium Potential,True
GHAZIPUR,SADAT,9651605105,GOVT. U.M.V. MAKHDUMPUR,182,207,13.74,31.01,YELLOW,True,False,False,3,Medium Potential,True
GHAZIPUR,SAIDPUR,9650707603,G.G.I.C. RAMPUR,28,94,235.71,370.0,YELLOW,False,True,False,3,Medium Potential,True
GHAZIPUR,SAIDPUR,9650705321,GOVT. GIRLS U.M.V. KHANPUR,185,250,35.14,31.58,YELLOW,True,False,False,3,Medium Potential,True
GONDA,BELSAR,9531204020,G.H.S. SONAULI MOHAMMADPUR DEEH,75,143,90.67,11.72,YELLOW,True,False,False,3,Medium Potential,True
GONDA,MANKAPUR,9530810204,G.H.S. MAHEVA GOPAL,68,72,5.88,26.32,YELLOW,True,False,False,3,Medium Potential,True
GONDA,MUJEHNA,9530300603,G.H.S. KOLHUA,55,65,18.18,14.04,YELLOW,True,False,False,3,Medium Potential,True
GONDA,MUJEHNA,9530305903,G.H.S. PEDARAN,60,62,3.33,26.53,YELLOW,True,False,False,3,Medium Potential,True
GONDA,NAWAB GANJ,9532700904,G.H.S. MADHAVAPUR TIKRI,69,85,23.19,46.55,YELLOW,True,False,False,3,Medium Potential,True
GONDA,PANDRI KRIPAL,9530703607,G.H.S. GILAULI,165,172,4.24,20.28,YELLOW,True,False,False,3,Medium Potential,True
GONDA,PANDRI KRIPAL,9530701803,G.H.S. SISAI TIKARIYA,104,130,25.0,13.04,YELLOW,True,False,False,3,Medium Potential,True
GORAKHPUR,GOLA,9580903909,GOVT HIGH SCHOOL GOPALPUR GOLA,105,142,35.24,17.36,YELLOW,True,False,False,3,Medium Potential,True
GORAKHPUR,KAUDIRAM,9581500304,SHAHEED SHRI SAHAB SHUKLA GOVERNMENT INTER COLLEGE RUDAIN URF MAJHGAWA,48,187,289.58,23.84,YELLOW,False,True,False,3,Medium Potential,True
HAMIRPUR (U.P.),GOHAND,9380607616,GGIC GOHAND,35,89,154.29,7.23,GREEN,False,True,False,3,Medium Potential,True
HAMIRPUR (U.P.),MAUDHA,9380306803,GOVT HS RIVAN,111,162,45.95,13.29,GREEN,True,False,False,3,Medium Potential,True
HAMIRPUR (U.P.),MUSKARA,9380400416,GIC MUSKARA,750,998,33.07,24.59,YELLOW,True,True,False,3,Medium Potential,True
HAMIRPUR (U.P.),SARILA,9380701008,GOVT HIGH SCHOOL BHERI DANDA,49,283,477.55,293.06,YELLOW,True,False,False,3,Medium Potential,True
HAPUR (PANCHSHEEL NAGAR),GARH MUKTESWAR,9750806505,RAJKIYA INTER COLLEGE,66,76,15.15,52.0,RED,False,True,False,3,Medium Potential,True
HAPUR (PANCHSHEEL NAGAR),HAPUR,9750504905,GOVT KANYA INTER COOL NOORPUR MADIYA,36,102,183.33,43.66,YELLOW,False,True,False,3,Medium Potential,True
HAPUR (PANCHSHEEL NAGAR),SIMBHAWALI,9750706105,BABA MOHAN RAM BHARAT SINGH KISHAN JHS,25,103,312.0,22.62,YELLOW,True,False,False,3,Medium Potential,True
HARDOI,AHIRORI,9250606504,"GOVT. HIGH SCHOOL, BHEETHA MAHA SINGH",93,180,93.55,34.33,YELLOW,True,False,False,3,Medium Potential,True
HARDOI,AHIRORI,9250610104,"GOVT. HIGH SCHOOL, LODHI",40,87,117.5,24.29,YELLOW,True,False,False,3,Medium Potential,True
HARDOI,BAWAN,9250707205,RAJKEEYA HIGH SCHOOL BARWAN,159,189,18.87,7.39,YELLOW,True,False,False,3,Medium Potential,True
HARDOI,BAWAN,9250708405,RAJKEEYA U.M. VIDYALAYA SAHIJAN,51,75,47.06,41.51,YELLOW,True,False,False,3,Medium Potential,True
HARDOI,BHARAWAN,9251803913,GOVT. HIGHER SECONDERY SCHOOL BAHUTI KALAN PIN-241203,37,128,245.95,128.57,YELLOW,True,False,False,3,Medium Potential,True
HARDOI,BHARAWAN,9251802705,PT DEEN DAYAL UPADHAYAY RAJKIYA MODEL INTER COLLEGE KHASRAUL,453,929,105.08,20.03,YELLOW,True,True,False,3,Medium Potential,True
HARDOI,BILGRAM,9251707023,GOVT  GIRLS  INTER  COLLEGE,53,98,84.91,22.5,ORANGE,False,True,False,3,Medium Potential,True
HARDOI,HARIYAWAN,9250108007,GOVT. H.S.S. SUMAI HARIYAWAN,135,146,8.15,10.61,YELLOW,True,False,False,3,Medium Potential,True
HARDOI,HARIYAWAN,9250101812,"GOVT. HIGHER SECONDARY SCHOOL, GOPAMAU",74,99,33.78,47.76,YELLOW,True,False,False,3,Medium Potential,True
HARDOI,KACHAUNA,9251602306,GOVT. HIGHER SECONDRY SCHOOL KHAJOHNA HARDOI,32,49,53.12,53.12,YELLOW,True,False,False,3,Medium Potential,True
HARDOI,MADHOGANJ,9251903411,GOVT. U.M.V. MATIYAMAU MADHOGANJ HARDOI,25,58,132.0,93.33,YELLOW,True,False,False,3,Medium Potential,True
HARDOI,PIHANI,9250204504,GOVT. H.S.S. MANIKPUR,92,134,45.65,16.52,GREEN,True,False,False,3,Medium Potential,True
HARDOI,SANDI,9251302603,"GOVT. HIGH SCHOOL, RAURA",75,84,12.0,12.0,YELLOW,True,False,False,3,Medium Potential,True
HARDOI,SANDI,9251301905,RAJKIYA SANGAICHAMAU SANDI HARDOI,80,88,10.0,8.64,YELLOW,True,False,False,3,Medium Potential,True
HARDOI,SANDILA,9250505905,GOVT. U.M.V. JAMU,101,168,66.34,7.69,GREEN,True,False,False,3,Medium Potential,True
HARDOI,TANDIYAWA,9250903507,RAJKIYA U.M.VIDHYALAYA BHAINSARI,60,87,45.0,35.94,YELLOW,True,False,False,3,Medium Potential,True
HARDOI,TONDARPUR,9251011902,GHSS ANJHI,48,51,6.25,24.39,ORANGE,True,False,False,3,Medium Potential,True
HATHRAS,HASAYAN,9130310904,GOV HIGH SCHOOL AMOUSI,47,51,8.51,70.0,YELLOW,True,False,False,3,Medium Potential,True
HATHRAS,MURSAN,9130400703,GOV. HIGH SCHOOL BAMOLI,37,63,70.27,26.0,GREEN,True,False,False,3,Medium Potential,True
HATHRAS,MURSAN,9130405102,PT Deen Dyal Upadhyay rajkiye model inter college tuksan,141,342,142.55,15.93,GREEN,True,True,False,3,Medium Potential,True
HATHRAS,SADABAD,9130609707,GOV HIGH SCHOOL MITHAVALI,38,65,71.05,12.07,YELLOW,True,False,False,3,Medium Potential,True
HATHRAS,SADABAD,9130602312,Govement Gigh School Bedai,39,81,107.69,37.29,YELLOW,True,False,False,3,Medium Potential,True
HATHRAS,SAHPAU,9130704403,GOV HIGH SCHOOL RASGAVAN,55,66,20.0,11.86,YELLOW,True,False,False,3,Medium Potential,True
HATHRAS,SAHPAU,9130701914,GOVERNMENT INTER COLLEGE GUTHERA ,44,71,61.36,20.34,YELLOW,False,True,False,3,Medium Potential,True
JALAUN,DAKOR,9350101205,GOVT. HSS KHARKA,47,60,27.66,13.21,YELLOW,True,False,False,3,Medium Potential,True
JALAUN,DAKOR,9350102306,PT DIN DAYAL UPDHAYAY GOVT MODEL I.C. KHAROOSA,139,196,41.01,9.5,YELLOW,False,True,False,3,Medium Potential,True
JALAUN,KONCH,9350400703,GOVT. HSS JAMROHI KHURD,33,47,42.42,17.5,YELLOW,True,False,False,3,Medium Potential,True
JALAUN,KUTHAUND,9350509207,GOVT. HSS AJEETAPUR,56,60,7.14,15.38,YELLOW,True,False,False,3,Medium Potential,True
JALAUN,KUTHAUND,9350509806,GOVT. HSS ENTON,60,61,1.67,8.93,YELLOW,True,False,False,3,Medium Potential,True
JALAUN,RAMPURA,9350901003,GOVT. GIRLS I.C. JAGAMMANPUR,24,59,145.83,40.48,GREEN,False,True,False,3,Medium Potential,True
JAUNPUR,DOBHI,9641701703,GOVT. H.S. BALRAMPUR,85,86,1.18,22.86,YELLOW,True,False,False,3,Medium Potential,True
JAUNPUR,KARANJA KALA,9640407106,GOVT.H.S. BHAKURA,61,81,32.79,37.29,ORANGE,True,False,False,3,Medium Potential,True
JAUNPUR,KERAKAT,9641300121,GOVT. H.S CHAKRA RAIT NARHAN,49,82,67.35,41.38,YELLOW,True,False,False,3,Medium Potential,True
JAUNPUR,MACHHALI SHAHAR,9641217214,GOVT. GIRLS INTER COLLEGE MACHHALI SHAHAR,183,273,49.18,11.89,YELLOW,False,True,False,3,Medium Potential,True
JAUNPUR,MUGRA BADSHAH PUR,9641503610,GOVT. H.S. TARAHTI,50,63,26.0,40.0,YELLOW,True,False,False,3,Medium Potential,True
JAUNPUR,RAM PUR,9641910701,GOVT. H.S. KASERU,92,124,34.78,40.91,YELLOW,True,False,False,3,Medium Potential,True
JAUNPUR,SHAH GANJ,9640807103,GIC MAWAI SONDHI SHAHGANJ JAUNPUR,104,208,100.0,6.12,YELLOW,False,True,False,3,Medium Potential,True
JAUNPUR,SIRKONI,9640123704,GOVT. HIGH SCHOOL SURHURPUR,26,28,7.69,33.33,YELLOW,True,False,False,3,Medium Potential,True
JHANSI,BABINA,9360103006,GOVT. HIGH COLLEGE SARVA BABINA,149,152,2.01,16.92,YELLOW,True,False,False,3,Medium Potential,True
JHANSI,BABINA,9360105903,GOVT. HIGH SCHOOL PATHARI,44,81,84.09,50.0,YELLOW,True,False,False,3,Medium Potential,True
JHANSI,BAMORE,9360207503,GOVT. HIGH SCHOOL-AHARAURA,41,53,29.27,60.61,RED,True,False,False,3,Medium Potential,True
JHANSI,JHANSI NAGARCHETRA,9361103861,RAJKIYA INTER COLL-GWALIOR ROAD,1199,1308,9.09,20.78,YELLOW,True,True,False,3,Medium Potential,True
JHANSI,MOTH,9360708404,PT DEEN DAYAL UPADDHYAY GOVT MODEL INTER COLLEGE KUMHRAR MOTH JHANSI,102,132,29.41,-3.65,YELLOW,True,True,False,3,Medium Potential,True
JYOTIBA PHULE NAGAR (AMROHA),AMROHA,9061812309,GOVT. INTER COLLEGE MITTHE PUR KALAN,83,142,71.08,-14.46,YELLOW,True,True,False,3,Medium Potential,True
JYOTIBA PHULE NAGAR (AMROHA),AMROHA,9061802809,PANDIT DEEN DAYAL UPADHYAY RAJIKYA INTER COLLEGE GAJSTHAL,211,258,22.27,-8.19,YELLOW,True,True,False,3,Medium Potential,True
JYOTIBA PHULE NAGAR (AMROHA),DHANORA,9061910413,GOVT HIGH SCHOOL PATTI KHADAR,61,81,32.79,15.71,YELLOW,True,False,False,3,Medium Potential,True
JYOTIBA PHULE NAGAR (AMROHA),DHANORA,9061908602,RAJKIYA H.S. CHANDRA,19,78,310.53,110.81,YELLOW,True,False,False,3,Medium Potential,True
GONDA,MANKAPUR,9530809904,G.H.S. MACHCHLI GAON,138,143,3.62,11.72,YELLOW,True,False,False,3,Medium Potential,True
KANNAUJ,CHHIBRAMAU,9300401103,RAJKIYA H.S.S BHOJPUR NIGHOH CHHIBRAMAU,45,68,51.11,51.11,YELLOW,True,False,False,3,Medium Potential,True
KANNAUJ,CHHIBRAMAU,9300401603,RAJKIYA H.S.S. RAMKHDA CHHIBRAMAU,9,27,200.0,50.0,YELLOW,True,False,False,3,Medium Potential,True
AGRA,BAH,9150301240,GOVT. ABHINAV VIDHYALAYA BIJOLI BAH,132,157,18.94,10.56,RED,False,True,False,3,Medium Potential,True
KANNAUJ,KANNAUJ,9300102803,RAJKIYA H.S.S. MITRASENPUR KANNAUJ,64,155,142.19,47.62,YELLOW,True,False,False,3,Medium Potential,True
KANNAUJ,TAL GRAM,9300301304,PT DEEN DAYAL UPADHYAY GOVT MODEL INTER COLLEGE VIRAULI TALGRAM KANNAUJ,234,363,55.13,7.08,YELLOW,True,True,False,3,Medium Potential,True
KANNAUJ,TAL GRAM,9300308554,RAJKIYA INTER COLLEGE SAMDHAN,131,328,150.38,14.69,YELLOW,True,True,False,3,Medium Potential,True
KANPUR DEHAT,AMARAUDHA,9330203303,GOVT.H.S.BARAULI,28,39,39.29,44.44,YELLOW,True,False,False,3,Medium Potential,True
KANPUR DEHAT,AMARAUDHA,9330216106,GOVT.H.S.SCHOOL DEVRAHAT,40,67,67.5,19.64,YELLOW,True,False,False,3,Medium Potential,True
KANPUR DEHAT,DERAPUR,9330301703,GOVT. H.S. SCHOOL DILAULIY KD.,48,69,43.75,11.29,GREEN,True,False,False,3,Medium Potential,True
KANPUR DEHAT,JHINJHAK,9330405910,GOVT.H.S.SCHOOL MANGALPUR K.D.,109,132,21.1,26.92,GREEN,True,False,False,3,Medium Potential,True
KANPUR DEHAT,MALASA,9330608004,GOVT.H.S.S. PULANDER,29,34,17.24,21.43,YELLOW,True,False,False,3,Medium Potential,True
AGRA,BAROLI AHEER,9150405004,PT.DEENDAYAL UPADHYAY GOVT. I.C BIJHAMAI,132,173,31.06,-4.95,ORANGE,True,True,False,3,Medium Potential,True
KANPUR NAGAR,BILHAUR,9340602306,"RAJKIYA HIGH SCHOOL, RADHAN BILHAUR",48,53,10.42,51.43,YELLOW,True,False,False,3,Medium Potential,True
KANPUR NAGAR,KALYANPUR,9340302810,GOVT. HIGH SCHOOL BHAUTI,792,904,14.14,5.73,ORANGE,True,True,False,3,Medium Potential,True
KANPUR NAGAR,SHIVRAJPUR,9340500805,GOVT HIGH SCHOOL BEERA MAU,96,105,9.38,38.16,YELLOW,True,False,False,3,Medium Potential,True
KANSHIRAM NAGAR,AMAPUR,9720210607,Pt Deendayal Upadhyay Govt Model Inter College Tharachitra,367,542,47.68,15.32,GREEN,True,True,False,3,Medium Potential,True
KANSHIRAM NAGAR,GANJ DUNDWARA,9720406208,GOVERNMENT HIGHSCHOOL KADARGANJ KHAM,5,64,1180.0,56.1,GREEN,True,False,False,3,Medium Potential,True
KANSHIRAM NAGAR,GANJ DUNDWARA,9720406703,GOVERNMENT HIGHSCHOOL RASOOLPUR ARAURA,18,59,227.78,20.41,GREEN,True,False,False,3,Medium Potential,True
AGRA,BAROLI AHEER,9150400904,RAJKIYA HIGH SCHOOL DIGNER,129,145,12.4,5.84,ORANGE,True,False,False,3,Medium Potential,True
KANSHIRAM NAGAR,SORON,9721509904,GOVERNMENT INTER COLLEGE KASGANJ,164,308,87.8,11.59,GREEN,True,True,False,3,Medium Potential,True
KAUSHAMBI,CHAYAL,9440702303,RAJKIYA HIGH SCHOOL MAHARAJ KA PURA CHAYAL KAUSHAMBI,26,40,53.85,25.0,GREEN,True,False,False,3,Medium Potential,True
KAUSHAMBI,KADA,9440802705,GOVT. GIRLS HIGH SCHOOL,117,170,45.3,17.24,GREEN,False,True,False,3,Medium Potential,True
AGRA,ETMADPUR,9150607005,GOVT. HIGH SCHOOL KHUSHAPUR,97,106,9.28,13.98,YELLOW,True,False,False,3,Medium Potential,True
KAUSHAMBI,KAUSHAMBI,9440200104,RAJKIY HS ARKAMAHAVEERPUR,110,140,27.27,20.69,YELLOW,True,False,False,3,Medium Potential,True
KAUSHAMBI,MANJHANPUR,9440100219,RAJKIYA INTER COLLEGE  OSA MANJHANPUR KAUSHAMBI,109,268,145.87,12.61,GREEN,False,True,False,3,Medium Potential,True
KAUSHAMBI,MURATGANJ,9440602403,RAJKIYA HIGH SCHOOL PANSAUR MURATGANJ KAUSHAMBI,47,67,42.55,28.85,YELLOW,True,False,False,3,Medium Potential,True
KAUSHAMBI,NEWADA,9440405504,RAJKIY HS MISHRAPU DAHIYA,122,198,62.3,11.86,YELLOW,True,False,False,3,Medium Potential,True
KAUSHAMBI,SARSAWAN,9440500105,R.HIGH SCHOOL LOUDHNA SARSWANA KAUSHAMBI,50,52,4.0,116.67,YELLOW,True,False,False,3,Medium Potential,True
KAUSHAMBI,SARSAWAN,9440512601,RAJKIYA H.S. LODHAN KA PURA,33,65,96.97,6.56,YELLOW,True,False,False,3,Medium Potential,True
KAUSHAMBI,SIRATHU,9440309823,GOVT. GIRLS HIGH SCHOOL,134,187,39.55,16.15,YELLOW,False,True,False,3,Medium Potential,True
KAUSHAMBI,SIRATHU,9440305205,PANDIT DEEN DAYAL UPADHAYAY RAJKIY MADAL INTER COLLEGE DEVKHARPUR,85,579,581.18,25.05,YELLOW,True,True,False,3,Medium Potential,True
KAUSHAMBI,SIRATHU,9440302204,R.HIGH SCHOOL AFJALPURWARI,19,29,52.63,7.41,YELLOW,True,False,False,3,Medium Potential,True
KAUSHAMBI,SIRATHU,9440309304,RAJKIY HIGH SCHOOL BAMAHROULI,62,101,62.9,29.49,YELLOW,True,False,False,3,Medium Potential,True
KHERI,BANKEGANJ,9231508806,GOV GIRLS INTER COLLEGE KUKRA,42,193,359.52,38.85,GREEN,False,True,False,3,Medium Potential,True
KHERI,BIJUA,9230111602,GOVT. H S MAJHAURA,73,84,15.07,12.0,YELLOW,True,False,False,3,Medium Potential,True
KHERI,BIJUA,9230113301,GOVT. H.S. FAIAJAL NAGAR GARNT,73,151,106.85,38.53,YELLOW,True,False,False,3,Medium Potential,True
KHERI,DHAURAHARA,9230300309,GOVT HS WALI,163,254,55.83,24.51,YELLOW,True,False,False,3,Medium Potential,True
KHERI,DHAURAHARA,9230305601,Govt. Girls.H.S.ADLISHPUR,160,219,36.88,38.61,YELLOW,True,False,False,3,Medium Potential,True
KHERI,ISANAGAR,9230402403,GOVT.H.S. JETHARA,106,129,21.7,13.16,YELLOW,True,False,False,3,Medium Potential,True
KHERI,KUMBHI-GOLA,9230510410,GOVT HS AJAN,168,197,17.26,20.12,YELLOW,True,False,False,3,Medium Potential,True
KHERI,KUMBHI-GOLA,9230513702,GOVT HS GANESH PUR,104,140,34.62,6.06,YELLOW,True,False,False,3,Medium Potential,True
KHERI,NIGHASAN,9230900505,GOVT. H.S. NAURANGABAD FARM,37,56,51.35,36.59,YELLOW,True,False,False,3,Medium Potential,True
KHERI,PASGAWAN,9231408205,GOVT.H.S.UCHAULIYA,88,91,3.41,7.06,YELLOW,True,False,False,3,Medium Potential,True
KHERI,PHOOL BEHAR,9231203816,GOV GIRLS INTER COLLEGE PHOOLBEHAR,50,266,432.0,26.07,YELLOW,False,True,False,3,Medium Potential,True
KHERI,RAMIYA BEHAR,9231305304,GOVT HS KRISHNA NAGAR COLONY,226,240,6.19,19.4,YELLOW,True,False,False,3,Medium Potential,True
KHERI,RAMIYA BEHAR,9231307002,GOVT HS PRATAP PUR,142,179,26.06,79.0,YELLOW,True,False,False,3,Medium Potential,True
KHERI,RAMIYA BEHAR,9231305506,GOVT HS TELIYAR,86,94,9.3,28.77,YELLOW,True,False,False,3,Medium Potential,True
AGRA,SAIYAN,9151405312,GOVT. HIGH SCHOOL TEHRA SAIYAN,56,58,3.57,9.43,YELLOW,True,False,False,3,Medium Potential,True
KUSHINAGAR,MOTICHAK,9590702809,GOVT. H.S.S. NARAYANPUR,46,72,56.52,7.46,GREEN,True,False,False,3,Medium Potential,True
KUSHINAGAR,NAURANGIYA,9591403311,PT DEENDAYAL UPADHYAY GOVT MODEL IC MANDAR VINDWALIYA,106,122,15.09,25.77,YELLOW,True,False,False,3,Medium Potential,True
KUSHINAGAR,PADARAUNA,9590104703,RAJKIYA U.M.V. MOTILALHA,62,112,80.65,24.44,YELLOW,True,False,False,3,Medium Potential,True
KUSHINAGAR,PADRAUNA (URBAN),9591501031,RAJKIYA BALIKA INTERMEDIATE COLLEGE PADRAUNA,227,258,13.66,12.17,YELLOW,False,True,False,3,Medium Potential,True
KUSHINAGAR,SEORAHI,9591102105,PT DEENDAYAL UPADHYAY GOVT MODEL IC MATHIYA SHRIRAM,146,307,110.27,32.9,YELLOW,True,True,False,3,Medium Potential,True
KUSHINAGAR,TAMKUHI,9591002104,RAJKIYA U.M.V. BASDILA PANDEY,161,248,54.04,15.89,YELLOW,True,False,False,3,Medium Potential,True
KUSHINAGAR,VISHUNPURA,9591307307,RAJKIYA INTERMEDIATE COLLEGE MANIKAURA VISHUNPURA,43,93,116.28,4.49,YELLOW,True,True,False,3,Medium Potential,True
ALIGARH,BIJAULI,9120502307,Pt Deendayal Upadhyay Govt Model Inter College Badesara,120,148,23.33,2.07,RED,True,True,False,3,Medium Potential,True
LALITPUR,MADAWRA,9370602903,GHS DIDAUNIYA,153,175,14.38,8.02,YELLOW,True,False,False,3,Medium Potential,True
ALIGARH,CHANDAUS,9120708307,KIRAN DEVI RAJKEYA INTER COLLEGE BAMOTI,169,177,4.73,-8.29,YELLOW,True,True,False,3,Medium Potential,True
LUCKNOW,GOSHAI GANJ,9270603703,RAJKIYE HS DHAURAHRA,139,186,33.81,20.0,YELLOW,True,False,False,3,Medium Potential,True
LUCKNOW,MAAL,9270407310,GOVT. HIGH SCHOOL SASPAN MALL,68,80,17.65,11.11,YELLOW,True,False,False,3,Medium Potential,True
LUCKNOW,MAAL,9270408009,GOVT. HIGH SCHOOL THARI,49,73,48.98,121.21,YELLOW,True,False,False,3,Medium Potential,True
LUCKNOW,"NAGAR SHAITRA, LUCKNOW",9270911872,RAJKIYA BALIKA INTER COLLEGE CHOTI JUBLEE,175,261,49.14,27.32,YELLOW,False,True,False,3,Medium Potential,True
LUCKNOW,"NAGAR SHAITRA, LUCKNOW",9270916508,RAJKIYA KANYA I.C.NARHI,125,193,54.4,16.97,YELLOW,False,True,False,3,Medium Potential,True
LUCKNOW,SAROJNI NAGAR,9270705304,RAJKIYA VIDYALAYA HIGH SCHOOL KURAUNI,189,214,13.23,16.94,YELLOW,True,False,False,3,Medium Potential,True
MAHARAJGANJ,GHUGHLI,9570200802,GOVT HS MIRJAPUR,36,70,94.44,6.06,YELLOW,True,False,False,3,Medium Potential,True
MAHARAJGANJ,MAHRAJGANJ,9570103903,GOVT HR SEC ARAJIJAGPUR MAHARAJGANJ,113,174,53.98,16.78,YELLOW,True,False,False,3,Medium Potential,True
MAHARAJGANJ,MITHOURA,9571702012,GOVT HS BARWARAJA,118,136,15.25,25.93,YELLOW,True,False,False,3,Medium Potential,True
MAHARAJGANJ,MITHOURA,9570106004,GOVT HS SINGHPUR,36,83,130.56,76.6,YELLOW,True,False,False,3,Medium Potential,True
MAHARAJGANJ,NICHLOUL,9570108809,GOVT HS AHIROULI,42,53,26.19,43.24,YELLOW,True,False,False,3,Medium Potential,True
ALIGARH,CHANDAUS,9120708603,RAJKEYA HIGH SCHOOL PORAI CHANDAUS,49,51,4.08,13.33,YELLOW,True,False,False,3,Medium Potential,True
ALIGARH,DHANIPUR,9120101303,RAJKEYA HIGH SCHOOL RAHSUPUR DHANIPUR,62,94,51.61,16.05,ORANGE,True,False,False,3,Medium Potential,True
MAHOBA,CHARKHARI,9390106604,GOVT. HIGH SCHOOL PUNNIYA,45,90,100.0,28.57,YELLOW,True,False,False,3,Medium Potential,True
ALIGARH,GANGIRI,9120409603,RAJKEY HIGH SCHOOL NAVIPUR,13,19,46.15,18.75,YELLOW,True,False,False,3,Medium Potential,True
MAHOBA,JAITPUR,9390205602,GOVT HIGH SCHOOL MAJHGAWA KHURD,45,81,80.0,28.57,YELLOW,True,False,False,3,Medium Potential,True
MAHOBA,JAITPUR,9390209206,GOVT. INTER COLLEGE SUGIRA JAITPUR ,97,372,283.51,11.38,YELLOW,True,True,False,3,Medium Potential,True
MAHOBA,PANWARI,9390401803,GOVT HIGH SCHOOL NAIPURA,65,66,1.54,50.0,RED,True,False,False,3,Medium Potential,True
MAINPURI,GHIROR,9180206802,Late S.R.V.S.YADAV GOVERMENT INTER COLLEGE NAGLA HAAR,84,124,47.62,1.64,YELLOW,True,True,False,3,Medium Potential,True
ALIGARH,IGLAS,9121207805,GOVT. HIGH SCHOOL JAWAR,115,145,26.09,35.51,YELLOW,True,False,False,3,Medium Potential,True
MAINPURI,JAGIR,9180703005,RAJKIYA HIGH SCHOOL RATANPUR BARA,52,69,32.69,76.92,YELLOW,True,False,False,3,Medium Potential,True
MAINPURI,KARHAL,9180808904,GOVERMENT GIRLS INTER COLLEGE KHERA,50,145,190.0,9.85,YELLOW,False,True,False,3,Medium Potential,True
MAINPURI,SULTANGANJ,9180400203,GOVT.HIGH SCHOOL LEHRA,56,80,42.86,25.0,YELLOW,True,False,False,3,Medium Potential,True
MATHURA,BALDEO,9141004321,GOVERMENT GIRLS INTER COLLEGE  BALDEO,58,73,25.86,14.06,YELLOW,False,True,False,3,Medium Potential,True
MATHURA,BALDEO,9141003708,PT DEENDAYAL UPADHYAY GOV MODEL INTER COLLEGE BAROLI,123,189,53.66,8.0,YELLOW,False,True,False,3,Medium Potential,True
MATHURA,CHAUMUHAN,9140504205,PT DEENDAYAL UPADHYAY GOV MODEL INTER COLLEGE SIHANA,93,225,141.94,14.21,YELLOW,False,True,False,3,Medium Potential,True
MATHURA,CHHATA,9140402604,GOVT HIGH SCHOOL HUSAINI,52,65,25.0,20.37,YELLOW,True,False,False,3,Medium Potential,True
MATHURA,FARAH,9140201706,GOVT  GIRLS  INTER  COLLEGE PARKHAM,151,208,37.75,20.23,GREEN,False,True,False,3,Medium Potential,True
MATHURA,GOVERDHAN,9140303404,GOVT. HIGH SCHOOL BACHGAON,54,72,33.33,26.32,YELLOW,True,False,False,3,Medium Potential,True
MATHURA,GOVERDHAN,9140303304,PT DEENDAYAL UPADHYAY GOV MODEL INTER COLLEGE PADAL,75,102,36.0,12.09,YELLOW,False,True,False,3,Medium Potential,True
MATHURA,MANT,9140700311,PT.DEENDAYAL UPADHYAY GOVT. MODEL I.C KARAHARI MANT,144,152,5.56,-4.4,YELLOW,True,True,False,3,Medium Potential,True
MATHURA,MANT,9140704602,govt high school nagala dani,48,69,43.75,35.29,YELLOW,True,False,False,3,Medium Potential,True
MATHURA,MATHURA,9140109105,GOVT HIGH SCHOOL BHAINSA,79,100,26.58,12.36,GREEN,True,False,False,3,Medium Potential,True
MATHURA,MATHURA,9140103403,GOVT HIGH SCHOOL FAINCHARI,39,92,135.9,37.31,GREEN,True,False,False,3,Medium Potential,True
MATHURA,MATHURA,9140104518,PT DEEN DAYAL UPADHYAY GOVT MODEL INTER COLLEGE JAIT,173,258,49.13,12.17,GREEN,False,True,False,3,Medium Potential,True
MATHURA,NANDGAON,9140602510,PT DEENDAYAL UPADHYAY GOV MODEL INTER COLLEGE KAMAR,51,113,121.57,32.94,YELLOW,False,True,False,3,Medium Potential,True
MAU,GHOSI,9620504303,GOVT HIGH SCHOOL CHAK KUCHAI MAU,21,68,223.81,36.0,YELLOW,True,False,False,3,Medium Potential,True
MAU,RANIPUR,9620603604,GOVT HSS SULTANIPUR RANIPUR,57,134,135.09,52.27,GREEN,True,False,False,3,Medium Potential,True
MAU,RATANPURA,9620101608,Pt Deendayal Upadhyay Rajkiy Model Inter College Ailakh Mau,136,154,13.24,-21.03,YELLOW,True,True,False,3,Medium Potential,True
MEERUT,DAURALA,9070800123,GOVERNMENT HIGH SCHOOL KHIRWA NAUABAAD,63,84,33.33,18.31,YELLOW,True,False,False,3,Medium Potential,True
MEERUT,KHARKHODA,9070302104,GOVT INTER COLLEGE JASORA,52,258,396.15,7.5,YELLOW,False,True,False,3,Medium Potential,True
MEERUT,KHARKHODA,9070301402,GOVT. HIGH SCH. FAKHARPUR KABTTA,35,38,8.57,31.03,YELLOW,True,False,False,3,Medium Potential,True
MEERUT,KHARKHODA,9070301202,GOVT. HIGH SCH. ULDHAN,51,53,3.92,51.43,YELLOW,True,False,False,3,Medium Potential,True
AMETHI - CSM NAGAR,BHADAR,9732702403,RAJKIYA HIGH SCHOOL,31,56,80.65,64.71,YELLOW,True,False,False,3,Medium Potential,True
MEERUT,MEERUT,9070104802,GOVT. HIGH SCH. SOLANA,30,55,83.33,22.22,YELLOW,True,False,False,3,Medium Potential,True
MEERUT,RAJPURA,9070200208,GOVERNMENT GIRLS INTER COLLEGE,32,162,406.25,48.62,YELLOW,False,True,False,3,Medium Potential,True
MEERUT,SARDHANA,9070603107,GOVT. INTER COLLEGE MAHADEV,126,141,11.9,14.63,YELLOW,False,True,False,3,Medium Potential,True
SULTANPUR,BALDIRAI,9492601004,GHS ISAULI,66,88,33.33,66.04,YELLOW,True,False,False,3,Medium Potential,True
MIRZAPUR,CHHANBEY,9690510506,GOVT. HIGH SCHOOL BABURA,88,102,15.91,6.25,YELLOW,True,False,False,3,Medium Potential,True
MIRZAPUR,CHHANBEY,9690511205,GOVT. HIGH SCHOOL BIROHI,92,156,69.57,19.08,YELLOW,True,False,False,3,Medium Potential,True
MIRZAPUR,CHHANBEY,9690503904,GOVT. HIGH SCHOOL JASA BAGHAURA,35,58,65.71,48.72,YELLOW,True,False,False,3,Medium Potential,True
MIRZAPUR,CHHANBEY,9690509703,GOVT. HIGH SCHOOL NADINI,25,61,144.0,64.86,YELLOW,True,False,False,3,Medium Potential,True
MIRZAPUR,HALIA,9690211917,GOVT. HIGH SCHOOL HALIA,56,122,117.86,23.23,YELLOW,True,False,False,3,Medium Potential,True
MIRZAPUR,HALIA,9690203008,GOVT. HIGH SCHOOL PATEHRA,20,31,55.0,40.91,YELLOW,True,False,False,3,Medium Potential,True
MIRZAPUR,HALIA,9690201403,GOVT. U.M.V. PIPRA,166,175,5.42,8.02,YELLOW,True,False,False,3,Medium Potential,True
MIRZAPUR,KONE,9690700109,GOVT. HIGH SCHOOL CHILH,153,170,11.11,26.87,GREEN,True,False,False,3,Medium Potential,True
MIRZAPUR,LALGANJ,9690305504,GOVT. U.M.V. RAMPUR VASID ALI,90,117,30.0,15.84,YELLOW,True,False,False,3,Medium Potential,True
MIRZAPUR,PAHARI,9690400704,GOVT. HIGH SCHOOL DADHIRAM,43,50,16.28,28.21,ORANGE,True,False,False,3,Medium Potential,True
MIRZAPUR,PAHARI,9690403003,GOVT. HIGH SCHOOL KATHANAI,122,135,10.66,31.07,ORANGE,True,False,False,3,Medium Potential,True
MIRZAPUR,PAHARI,9690404704,GOVT. HIGH SCHOOL TOSAWAN,171,236,38.01,14.56,ORANGE,True,False,False,3,Medium Potential,True
MORADABAD,BHAGATPUR TANDA,9040209802,GOVT.HIGH SCHOOL SEHAL,104,125,20.19,9.65,YELLOW,True,False,False,3,Medium Potential,True
AGRA,ACCHNERA,9150203110,RAJKIYA HIGH SCHOOL RAIBHA,150,151,0.67,22.76,YELLOW,True,False,False,3,Medium Potential,True
ALIGARH,JAWAN,9120601315,GOVERNTMENT INTER COLLEGE BARAULI,55,85,54.55,25.0,YELLOW,False,True,False,3,Medium Potential,True
ALIGARH,TAPPAL,9120906504,RAJKEYA HIGH SCHOOL SIMROTHI TAPPAL,57,84,47.37,55.56,YELLOW,True,False,False,3,Medium Potential,True
MORADABAD,DILARI,9040606625,Pt Deendayal Upadhyay Govt Model Inter College Jatpura,149,195,30.87,-8.02,YELLOW,True,True,False,3,Medium Potential,True
MORADABAD,MUNDAPANDAY,9040909708,GOVERNMENT INTER COLLEGE SARKARA KHAS,137,346,152.55,8.12,YELLOW,True,True,False,3,Medium Potential,True
MORADABAD,THAKURDWARA,9041209504,GOVERNMENT INTER COLLEGE SAHBAJPUR KALA,41,163,297.56,7.95,YELLOW,False,True,False,3,Medium Potential,True
MORADABAD,THAKURDWARA,9041208304,GOVT. KANYA INTER COLLEGE,75,78,4.0,21.88,YELLOW,False,True,False,3,Medium Potential,True
AMBEDKAR NAGAR,AKBARPUR,9480106311,GOVT HIGHER SEC SCH RAMPUR SAKARWARI,34,35,2.94,75.0,YELLOW,True,False,False,3,Medium Potential,True
MUZAFFARNAGAR,BUDHANA,9020601003,GOVT HIGH SCHOOL ATALI,61,88,44.26,12.82,YELLOW,True,False,False,3,Medium Potential,True
AMBEDKAR NAGAR,AKBARPUR,9480101909,Pt Deendayal Upadhyay Govt Model Inter College Jafarganj,64,199,210.94,61.79,YELLOW,False,True,False,3,Medium Potential,True
MUZAFFARNAGAR,BUDHANA,9020603506,GOVT INTER COLLEGE GARHI SHEKHAWATPUR BUDHANA MUZAFFARNAGAR,567,607,7.05,9.57,YELLOW,True,True,False,3,Medium Potential,True
MUZAFFARNAGAR,BUDHANA,9020603404,GOVT. HIGH SCHOOL LOI,26,55,111.54,12.24,YELLOW,True,False,False,3,Medium Potential,True
MUZAFFARNAGAR,JANSATH,9021200814,GOVERNMENT INTER COLLEGE KAWAL,184,344,86.96,5.2,YELLOW,True,True,False,3,Medium Potential,True
MUZAFFARNAGAR,JANSATH,9021201906,GOVT INTER COLLEGE MEHALKI   MUZAFFARNAGAR,121,174,43.8,21.68,YELLOW,False,True,False,3,Medium Potential,True
MUZAFFARNAGAR,JANSATH,9021203406,PANDIT DEEN DAYAL UPADHYAY RAJKIYA INTER COLLEGE KASAMPUR KHOLA MZN,58,142,144.83,23.48,YELLOW,False,True,False,3,Medium Potential,True
MUZAFFARNAGAR,PURKAJI,9020404613,PANDIT DEEN DAYAL UPADHYAY RAJKIYA INTER COLLEGE KHAI KHERI MZN,52,79,51.92,16.18,ORANGE,False,True,False,3,Medium Potential,True
MUZAFFARNAGAR,SADAR,9020104012,GOVT INTER COLLEGE BAHADARPUR,31,199,541.94,33.56,YELLOW,False,True,False,3,Medium Potential,True
MUZAFFARNAGAR,SHAHPUR,9020503915,GOVT INTER COLLEGE PURBALIYA,73,75,2.74,0.0,YELLOW,True,True,False,3,Medium Potential,True
AMBEDKAR NAGAR,BASKHARI,9480210203,RAJKIYA HIGHER SEC SCH00L TARAULI MUBARAKPUR,43,50,16.28,127.27,ORANGE,True,False,False,3,Medium Potential,True
PILIBHIT,MARORI,9210603605,GOVERNMENT HIGH SCHOOL JAMUNIA MARORI PILIBHIT,87,99,13.79,35.62,RED,True,False,False,3,Medium Potential,True
AMBEDKAR NAGAR,BHIYAON,9480404812,KASTURABA GANDHI G HIGHER SEC SCH RATNA,76,129,69.74,81.69,YELLOW,True,False,False,3,Medium Potential,True
PILIBHIT,PURANPUR,9210721503,GOVERNMENT HIGH SCHOOL MURAINA GAURI PURANPUR,38,50,31.58,108.33,ORANGE,True,False,False,3,Medium Potential,True
PRATAPGARH,AASPUR-DEOSARA,9430103805,G H S S DHARAHARA,69,103,49.28,18.39,YELLOW,True,False,False,3,Medium Potential,True
PRATAPGARH,AASPUR-DEOSARA,9430100103,"GOVT. H.S.S, ATRAURA",29,48,65.52,118.18,YELLOW,True,False,False,3,Medium Potential,True
PRATAPGARH,AASPUR-DEOSARA,9430107403,GOVT. HIGHER SECONDARY SCHOOL,72,96,33.33,18.52,YELLOW,True,False,False,3,Medium Potential,True
PRATAPGARH,AASPUR-DEOSARA,9430106703,Pt Deendayal Upadhyay Govt Model Inter College Mahuli Aspur Devsara,65,143,120.0,26.55,YELLOW,False,True,False,3,Medium Potential,True
PRATAPGARH,AASPUR-DEOSARA,9430100605,S.C.B.S.J.M.G.G.I.C.,166,174,4.82,5.45,YELLOW,False,True,False,3,Medium Potential,True
PRATAPGARH,GAURA,9431805403,GOVT. GIRLS INTER COLLEGE,80,176,120.0,37.5,YELLOW,False,True,False,3,Medium Potential,True
PRATAPGARH,GAURA,9431803304,"GOVT. H.S. SCHOOL, DAMDAM, PRATAPGARH",88,100,13.64,13.64,YELLOW,True,False,False,3,Medium Potential,True
PRATAPGARH,GAURA,9431808606,GOVT. HIGHER SECONDRY SCHOOL SULTANPUR,164,194,18.29,13.45,YELLOW,True,False,False,3,Medium Potential,True
PRATAPGARH,KALAKANKER,9430607106,GOVT. H.S. SCHOOL VAZIDPUR KALAKANKAR PRATAPGARH,47,48,2.13,37.14,YELLOW,True,False,False,3,Medium Potential,True
PRATAPGARH,KALAKANKER,9430604504,Pt Deendayal Upadhyay Govt Model Inter College Murassapur Kalakankar,83,121,45.78,19.8,YELLOW,False,True,False,3,Medium Potential,True
PRATAPGARH,LAXMANPUR,9430906504,GOVT. HIGHER SEC. SCHOOL SHEETAL PATTI,60,93,55.0,116.28,YELLOW,True,False,False,3,Medium Potential,True
PRATAPGARH,PATTI,9431203636,RAM AZOR CHAURSIYA  R.B. I.C. PATTI PRATAPGARH,117,121,3.42,6.14,YELLOW,False,True,False,3,Medium Potential,True
PRATAPGARH,SADWA-CHANDRIKA,9431505603,GOVT. H.S.S. LOHANG PATTI  PRATAPGARH,86,129,50.0,12.17,YELLOW,True,False,False,3,Medium Potential,True
PRATAPGARH,SANGIPUR,9431401003,GOVERNMENT HIGHER SECONDARY SCHOOL,24,48,100.0,17.07,YELLOW,True,False,False,3,Medium Potential,True
AMBEDKAR NAGAR,BHIYAON,9480403803,PT. D.D.U GOVT. MODAL INTER COLLEGE INDHANA,193,513,165.8,8.69,YELLOW,True,True,False,3,Medium Potential,True
PRAYAGRAJ,BAHARIYA,9451904506,PT D.D.U.G.M.INTER COLLEGE,307,429,39.74,36.62,YELLOW,True,True,False,3,Medium Potential,True
PRAYAGRAJ,DHANUPUR,9451501409,GOVERNMENT GIRLS INTER COLLEGE,100,164,64.0,23.31,GREEN,False,True,False,3,Medium Potential,True
PRAYAGRAJ,NAGAR CHHETRA,9452200413,G.G.I.C. OLD KATARA,170,218,28.24,6.86,ORANGE,False,True,False,3,Medium Potential,True
PRAYAGRAJ,PRATAP PUR,9450403504,RAJKIYA U M VIDHAYALAYA CHANETHU PRATAPPUR,75,99,32.0,25.32,YELLOW,True,False,False,3,Medium Potential,True
PRAYAGRAJ,URUWA,9452100117,GOVERNMENT GIRLS HIGH SCHOOL SIRSA,52,59,13.46,25.53,ORANGE,True,False,False,3,Medium Potential,True
RAE BARELI,GAURA,9281002306,"GOVT. HIGHER SECONDARY SCHOOL, JALAL PUR DHAI",101,135,33.66,10.66,ORANGE,True,False,False,3,Medium Potential,True
RAE BARELI,JAGATPUR,9281100109,"GOVT. HIGHER SECONDARY SCHOOL, JAGATPUR",59,85,44.07,30.77,YELLOW,True,False,False,3,Medium Potential,True
RAE BARELI,KHIRON,9280802702,PT DEEN DAYAL UPADHYAY MODEL INTER COLLEGE HARIPUR NIHASTHA,85,88,3.53,-12.0,YELLOW,True,True,False,3,Medium Potential,True
RAE BARELI,MAHRAJGANJ,9280601705,PT. DEEN DAYAL UPADDHYAY  RAJKIYA MODEL INTER COLLEGE,263,403,53.23,22.12,YELLOW,True,True,False,3,Medium Potential,True
RAE BARELI,NAGAR SHETRA (RBL),9282208603,GOVT. INTER COLLEGE,882,961,8.96,9.7,RED,True,True,False,3,Medium Potential,True
RAE BARELI,RAHI,9280103704, GOVT. HIGH SCHOOL SANAHI,105,152,44.76,24.59,YELLOW,True,False,False,3,Medium Potential,True
RAE BARELI,ROHANIYA,9281200803,PT DEEN DAYAL UPADHYAY MODEL INTER COLLEGE,71,169,138.03,15.75,YELLOW,False,True,False,3,Medium Potential,True
RAE BARELI,SARENI,9282100106,GOVERNMENT HIGH SCHOOL PURE TRIVEDI,83,98,18.07,36.11,YELLOW,True,False,False,3,Medium Potential,True
RAMPUR,CHAMRAUVA,9050402710,GOVT HSS CHAMRAUVA,57,141,147.37,29.36,YELLOW,True,False,False,3,Medium Potential,True
RAMPUR,CHAMRAUVA,9050410802,"GOVT INTER COLLEGE, MANKARA, BLOCK CHAMRAUVA SADAR RAMPUR",137,439,220.44,12.56,YELLOW,True,True,False,3,Medium Potential,True
RAMPUR,CHAMRAUVA,9050409918,PT.DEEN DYAL UPADHYAY GOVT. MODEL IC KAKRAUVA,577,675,16.98,19.26,YELLOW,True,True,False,3,Medium Potential,True
RAMPUR,SAID NAGAR,9050613601,GOVT INTER COLLEGE MOHAMMADPUR SHUMALI,14,109,678.57,53.52,YELLOW,False,True,False,3,Medium Potential,True
RAMPUR,SHAHBAD,9050111403,GOVT HSS SHAHPUR DEV,49,81,65.31,12.5,YELLOW,True,False,False,3,Medium Potential,True
SAHARANPUR,DEOBAND,9010504805,GOVT. HIGH SCHOOL JAHKWALA,68,83,22.06,56.6,YELLOW,True,False,False,3,Medium Potential,True
SAHARANPUR,DEOBAND,9010505604,GOVT. INTER COLLEGE TAYYABPUR TAPPALALU PHULAS AKBARPUR,139,142,2.16,15.45,YELLOW,False,True,False,3,Medium Potential,True
SAHARANPUR,MUZAFFARABAD,9011212104,RAJKIYA HIGH SCHOOL TOTA TANDA,231,236,2.16,10.8,YELLOW,True,False,False,3,Medium Potential,True
SAHARANPUR,NAGAL,9011103706,GOVT. HIGH SCHOOL KUTUBPUR LABDOLA,96,132,37.5,29.41,YELLOW,True,False,False,3,Medium Potential,True
SAHARANPUR,NAGAL,9011106403,GOVT. HIGH SCHOOL SHIVPUR,31,35,12.9,25.0,YELLOW,True,False,False,3,Medium Potential,True
SAHARANPUR,NAGAL,9011101410,RAJKIYE INTER COLLEGE BANHERA KHAS,67,125,86.57,-31.69,YELLOW,True,True,False,3,Medium Potential,True
SAHARANPUR,PUNWARKA,9011001203,GOVT. HIGH SCHOOL SONA,101,123,21.78,11.82,YELLOW,True,False,False,3,Medium Potential,True
SAHARANPUR,PUNWARKA,9011009401,PDDUGICCHAURADEV,240,273,13.75,-6.51,YELLOW,True,True,False,3,Medium Potential,True
AMBEDKAR NAGAR,JAHANGIRGANJ,9480704404,GOVT HIGHER SEC SCHOOL KAMHARIA,61,80,31.15,26.98,YELLOW,True,False,False,3,Medium Potential,True
SAHARANPUR,SADHOLI KADIM,9010406103,GOVT INTER COLLEGE HABIBPUR TAPOVAN,69,94,36.23,25.33,YELLOW,False,True,False,3,Medium Potential,True
SAHARANPUR,SADHOLI KADIM,9010401006,GOVT. HIGH SCHOOL KHERI MADHTI,113,169,49.56,10.46,YELLOW,True,False,False,3,Medium Potential,True
SAHARANPUR,SARSAVA,9010710108,GOVT. HIGH SCHOOL BUDDA KHEDA,92,109,18.48,6.86,YELLOW,True,False,False,3,Medium Potential,True
SAMBHAL (BHIM NAGAR),BEHJOI,9680410105,Pt deendayal govt ic rajpur,279,405,45.16,5.19,YELLOW,True,True,False,3,Medium Potential,True
SAMBHAL (BHIM NAGAR),JUNAVAI,9680700305,Pt deendayal govt ic nadrauli,215,272,26.51,2.64,GREEN,True,True,False,3,Medium Potential,True
AMBEDKAR NAGAR,JALALPUR,9480607607,GOVT HIGHER SEC SCH BAREPUR,61,81,32.79,8.0,YELLOW,True,False,False,3,Medium Potential,True
SANT KABIR NAGAR,BAGHAULI,9561613001,GOVT. INTER COLLEGE BANAULI SANT KABIR NAGAR,106,339,219.81,13.76,YELLOW,True,True,False,3,Medium Potential,True
SANT KABIR NAGAR,NATHNAGAR,9562007409,GOVT. UMV MAHULI,38,68,78.95,38.78,GREEN,True,False,False,3,Medium Potential,True
SHAHJAHANPUR,BHAWALKHERA,9221306403,GOVT. INTER COLLAGE,319,415,30.09,23.51,YELLOW,True,True,False,3,Medium Potential,True
SHAHJAHANPUR,DADRAUL,9220108303,G.H.S. KAPER KATKA,42,83,97.62,45.61,YELLOW,True,False,False,3,Medium Potential,True
SHAHJAHANPUR,JALALABAD,9220304005,RAJKIYE UCHTAR M.V. KHANDHAR,92,211,129.35,27.11,ORANGE,True,False,False,3,Medium Potential,True
SHAHJAHANPUR,KALAN,9221002405,G.H.S.BARA KALAN,80,83,3.75,20.29,YELLOW,True,False,False,3,Medium Potential,True
SHAHJAHANPUR,KALAN,9221002502,G.H.S.HATHINI NAGARIYA,17,34,100.0,100.0,YELLOW,True,False,False,3,Medium Potential,True
SHAHJAHANPUR,KHUTAR,9220701807,RAJKIYE UCHTAR MADMAMIK MALIKA,119,144,21.01,7.46,YELLOW,True,False,False,3,Medium Potential,True
SHAHJAHANPUR,MADNAPUR,9221701903,RAJKIYA UCHCHTAR MADHYAMIK VID KUDAIYA MADNAPUR SPN,84,95,13.1,26.67,YELLOW,True,False,False,3,Medium Potential,True
SHAHJAHANPUR,MADNAPUR,9221713304,RAJKIYA UMV BARUA MADNAPUR SPN,232,237,2.16,15.05,YELLOW,True,False,False,3,Medium Potential,True
SHAHJAHANPUR,PUWAYA,9221406910,G.H.S. NAHIL,121,138,14.05,17.95,YELLOW,True,False,False,3,Medium Potential,True
SHAHJAHANPUR,SINDHAULI,9220505207,Pandit Deen Dayal Upadhyay Rajkiya Model Inter College,541,810,49.72,25.19,ORANGE,True,True,False,3,Medium Potential,True
SHAHJAHANPUR,TILHAR,9220807002,"Government Higher Secondary School, Sahampur",86,117,36.05,28.57,YELLOW,True,False,False,3,Medium Potential,True
SHAHJAHANPUR,TILHAR,9220802902,RAJKIYE U.M. VIDHALAYA DHAKIA RAGHA TILHAR,51,70,37.25,14.75,YELLOW,True,False,False,3,Medium Potential,True
SHAMLI (PRABUDH NAGAR),KAIRANA,9740800806,GOVT HIGH SCHOOL PAWATI KALAN SHAMLI,41,55,34.15,52.78,YELLOW,True,False,False,3,Medium Potential,True
SHAMLI (PRABUDH NAGAR),KAIRANA,9740801510,PANDIT DEEN DAYAL UPADHAYAY MODEL INTER COLLEGE TITARWARA,98,183,86.73,15.09,YELLOW,False,True,False,3,Medium Potential,True
SHAMLI (PRABUDH NAGAR),KAIRANA,9740802211,RAJKIY INTER CO KURGAN,101,125,23.76,19.05,YELLOW,False,True,False,3,Medium Potential,True
AMBEDKAR NAGAR,JALALPUR,9480605504,GOVT HIGHER SEC SCH BASIYA,90,97,7.78,5.43,YELLOW,True,False,False,3,Medium Potential,True
SHAMLI (PRABUDH NAGAR),OON,9740905803,RAJKIYA HIGH SCHOOL JAIN PUR,26,51,96.15,82.14,YELLOW,True,False,False,3,Medium Potential,True
SHAMLI (PRABUDH NAGAR),OON,9740904106,RAJKIYA INTER COLLEGE KERTOO,178,210,17.98,8.25,YELLOW,False,True,False,3,Medium Potential,True
SHRAWASTI,GILAULA,9510103104,RAJKIYA HIGH SCHOOL KATAR,47,61,29.79,32.61,YELLOW,True,False,False,3,Medium Potential,True
SHRAWASTI,GILAULA,9510109605,RAJKIYA UCHATTAR MADHYAMIK VIDYALAY DIKAULI,39,49,25.64,22.5,YELLOW,True,False,False,3,Medium Potential,True
SHRAWASTI,HARIHARPUR RANI,9510209816,RAJKIYA BALIKA INTER COLLEGE BHINGA,177,258,45.76,5.74,YELLOW,False,True,False,3,Medium Potential,True
SHRAWASTI,HARIHARPUR RANI,9510208003,RAJKIYA HIGH SCHOOL BAIRAGIJOT,54,73,35.19,35.19,YELLOW,True,False,False,3,Medium Potential,True
SHRAWASTI,HARIHARPUR RANI,9510208303,RAJKIYA HIGH SCHOOL BANSKUDI,26,41,57.69,70.83,YELLOW,True,False,False,3,Medium Potential,True
SHRAWASTI,HARIHARPUR RANI,9510206205,RAJKIYA HIGH SCHOOL GOTHWA,56,180,221.43,102.25,YELLOW,True,False,False,3,Medium Potential,True
SHRAWASTI,HARIHARPUR RANI,9510207403,RAJKIYA HIGH SCHOOL SHIVBALAKPURWA,52,90,73.08,18.42,YELLOW,True,False,False,3,Medium Potential,True
SHRAWASTI,IKAUNA,9510305104,RAJKIYA HIGH SCHOOL VISHUNAPUR,43,52,20.93,8.33,YELLOW,True,False,False,3,Medium Potential,True
SHRAWASTI,SIRSIYA,9510602205,RAJKIYA HIGH SCHOOL PIPRAHWA,48,57,18.75,7.55,YELLOW,True,False,False,3,Medium Potential,True
SHRAWASTI,SIRSIYA,9510603503,RAJKIYA HIGH SCHOOL SEMRA TETIHIRIYA,28,55,96.43,111.54,YELLOW,True,False,False,3,Medium Potential,True
SHRAWASTI,SIRSIYA,9510604803,RAJKIYA HIGH SCHOOL TANGPASRI,84,208,147.62,94.39,YELLOW,True,False,False,3,Medium Potential,True
SHRAWASTI,SIRSIYA,9510603804,"RAJKIYA INTER COLLEGE, GABBAPUR",120,588,390.0,27.0,YELLOW,True,True,False,3,Medium Potential,True
SIDDHARTHNAGAR,BANSI,9540305503,RAJKEEY UMV ATRAMU NANKAR,81,97,19.75,53.97,YELLOW,True,False,False,3,Medium Potential,True
SIDDHARTHNAGAR,KHESARAHA,9540507205,GOVERNMENT INTER COLLEGE PACHMOHANI,364,472,29.67,16.83,YELLOW,True,True,False,3,Medium Potential,True
SIDDHARTHNAGAR,KHESARAHA,9540505103,RAJKIYEE U.M.V MATIYARIYA,47,73,55.32,97.3,YELLOW,True,False,False,3,Medium Potential,True
SIDDHARTHNAGAR,NAUGARH,9541209304,RAJKEEY U.M.V. BASAUNI,137,194,41.61,33.79,YELLOW,True,False,False,3,Medium Potential,True
SIDDHARTHNAGAR,SHOHARATGARH,9541401903,RAJKEEY U.M.V. NIVI MAKDAUR,44,63,43.18,57.5,YELLOW,True,False,False,3,Medium Potential,True
SITAPUR,ALIYA,9240100708,GGIC IMALIYA SULTANPUR,101,270,167.33,47.54,YELLOW,False,True,False,3,Medium Potential,True
SITAPUR,ALIYA,9240106304,GOVT.HIGHER SECONDARY SCHOOL VISHUNPUR,76,116,52.63,6.42,YELLOW,True,False,False,3,Medium Potential,True
SITAPUR,BEHTA,9240209103,GOVT.HIGHER SECONDARY SCHOOL RAIGHATA,34,49,44.12,28.95,YELLOW,True,False,False,3,Medium Potential,True
SITAPUR,BEHTA,9240212801,RAJKIYA U.M.V. BHAVANIPUR,22,54,145.45,25.58,YELLOW,True,False,False,3,Medium Potential,True
SITAPUR,BISWAN,9240301402,RAJKIYA U.M.V. PIPRAKALA,108,117,8.33,10.38,ORANGE,True,False,False,3,Medium Potential,True
AMBEDKAR NAGAR,KATEHARI,9480501904,PT DEENDAYAL UPADHYAY GOVT MODAL IC PAHITIPUR KHAJOORDEEH AMBEDKAR NAGAR,251,325,29.48,47.06,YELLOW,True,True,False,3,Medium Potential,True
SITAPUR,MAHMOODABAD,9241003905,GOVT.HIGHER SECONDARY SCHOOL LALPUR,41,109,165.85,60.29,GREEN,True,False,False,3,Medium Potential,True
SITAPUR,MAHMOODABAD,9241008803,Pt Deen Dayal Upadhyay Rajkiya Model Inter College Judaura Pac hdevra Chaubepur,132,260,96.97,7.0,GREEN,False,True,False,3,Medium Potential,True
SITAPUR,MISRIKH,9241202303,RAJKIYA BALIKA UCCHTAR MADHYAMIK SCH. BADHAIYA,89,114,28.09,11.76,YELLOW,True,False,False,3,Medium Potential,True
SITAPUR,PAHALA,9241300604,GOVT.HIGHER SECONDARY SCHOOL KABRA,51,74,45.1,27.59,YELLOW,True,False,False,3,Medium Potential,True
SITAPUR,PISAWAN,9241500806,RAJKIYA BALIKA INTER COLLEGE MAHMDAPUR PISAWAN,18,108,500.0,44.0,YELLOW,False,True,False,3,Medium Potential,True
SITAPUR,PISAWAN,9241508502,RAJKIYA U.M.V. MOHARNIYA,141,205,45.39,20.59,YELLOW,True,False,False,3,Medium Potential,True
SITAPUR,RAMPURMATHURA,9241606005,GOVT.GIRLS HIGH SCHOOL KODORA,136,151,11.03,18.9,YELLOW,True,False,False,3,Medium Potential,True
SONBHADRA,NAGWA,9700606304,GOVT. HIGH SCHOOL CHAKARIYA,103,107,3.88,12.63,YELLOW,True,False,False,3,Medium Potential,True
SITAPUR,RAMPURMATHURA,9241607002,RAJKIYA U.M.V. BILASPUR,32,51,59.38,15.91,YELLOW,True,False,False,3,Medium Potential,True
SITAPUR,SAKARAN,9241806804,GOVT. GIRLS  HIGHER SECONDARY SCHOOL  MADNAPUR,58,72,24.14,14.29,YELLOW,True,False,False,3,Medium Potential,True
SITAPUR,SIDHAULI,9241911203,GOVT.HIGHER SECONDARY SCHOOL SARAURA,171,226,32.16,20.21,YELLOW,True,False,False,3,Medium Potential,True
SITAPUR,SIDHAULI,9241907402,RAJKIYA U.M.V JALLABAD,107,131,22.43,19.09,YELLOW,True,False,False,3,Medium Potential,True
SONBHADRA,BABHANI,9700700704,G.I.C. CHAPKI,604,777,28.64,8.07,YELLOW,True,True,False,3,Medium Potential,True
SONBHADRA,CHATRA,9700505203,GOVT. GIRLS HIGH SCHOOL BHUSAULIYA,37,54,45.95,5.88,YELLOW,True,False,False,3,Medium Potential,True
SONBHADRA,CHATRA,9700504511,PT DEENDAYAL UPADHYAY GOVT MODEL INTER COLLEGE RAMGARH,10,567,5570.0,20.38,YELLOW,True,True,False,3,Medium Potential,True
SONBHADRA,CHOPAN,9700106103,G. I. C. KON,1348,1655,22.77,7.61,YELLOW,True,True,False,3,Medium Potential,True
SONBHADRA,CHOPAN,9700100503,GOVERNMENT INTER COLLEGE  GURMURA,297,694,133.67,5.47,YELLOW,True,True,False,3,Medium Potential,True
SONBHADRA,CHOPAN,9700101033,GOVT. HIGH SCHOOL PANARI,65,104,60.0,31.65,YELLOW,True,False,False,3,Medium Potential,True
SONBHADRA,GHORAWAL,9700401109,GOVT. INTER C. SIRSIYA THAKURAI KHAIRPUR,460,729,58.48,14.44,YELLOW,True,True,False,3,Medium Potential,True
SONBHADRA,MYORPUR,9700806705,GOVT. H.S.S. CHANGA,62,198,219.35,94.12,YELLOW,True,False,False,3,Medium Potential,True
SONBHADRA,MYORPUR,9700800907,GOVT. U.M.V. SAGOBANDH,94,143,52.13,62.5,YELLOW,True,False,False,3,Medium Potential,True
SONBHADRA,NAGWA,9700607003,GOVT. GIRLS HIGH SCHOOL CHANANI,43,55,27.91,89.66,YELLOW,True,False,False,3,Medium Potential,True
AGRA,ACCHNERA,9150207401,GOVT. GIRLS INTER COLLEGE GARHICHANDMAN ACHHNERA AGRA,127,176,38.58,17.33,YELLOW,False,True,False,3,Medium Potential,True
VARANASI,SEWAPURI,9670404905,GOVT. HIGHSCHOOL LALPUR,78,115,47.44,43.75,YELLOW,True,False,False,3,Medium Potential,True
SULTANPUR,BALDIRAI,9492607907,GHS PIPARI,22,26,18.18,73.33,YELLOW,True,False,False,3,Medium Potential,True
SULTANPUR,BHADAIYAN,9490403118,GHS BHADAIYAN,43,50,16.28,21.95,YELLOW,True,False,False,3,Medium Potential,True
SULTANPUR,BHADAIYAN,9490403121,Samajbadi Abhinav Vidyalay,143,177,23.78,40.48,YELLOW,False,True,False,3,Medium Potential,True
SULTANPUR,KUREBHAR,9491508005,Pandit Deen Dayal Upadhyay IC,219,236,7.76,-2.07,YELLOW,True,True,False,3,Medium Potential,True
SULTANPUR,MOTIGARPUR,9492700303,GHS MAHMOODPUR JUNGAL,35,75,114.29,41.51,YELLOW,True,False,False,3,Medium Potential,True
UNNAO,GANGMURADABAD,9260101203,GOVT HIGH SCHOOL BALLAPUR,79,112,41.77,14.29,YELLOW,True,False,False,3,Medium Potential,True
UNNAO,GANGMURADABAD,9260108328,GOVT. GIRLS INTER COLLAGE GANJMURADABAD,30,36,20.0,12.5,YELLOW,False,True,False,3,Medium Potential,True
UNNAO,MIYAGANJ,9260600310,GOVT HIGH SCHOOL AASIVAN PASHCHIM,79,132,67.09,6.45,YELLOW,True,False,False,3,Medium Potential,True
VARANASI,ARAJILINES,9670510207,GOVT. HIGHSCHOOL JANASA,169,171,1.18,22.14,YELLOW,True,False,False,3,Medium Potential,True
VARANASI,CHIRAIGAON,9670704704,GOVT. HIGHSCHOOL RAMGARHAWA,111,134,20.72,5.51,GREEN,True,False,False,3,Medium Potential,True
VARANASI,CHOLAPUR,9670610302,GOVT. HIGHSCHOOL DHAURAHARA,193,222,15.03,6.73,YELLOW,True,False,False,3,Medium Potential,True
VARANASI,HARHUA,9670304805,GOVT. HIGHSCHOOL BHAITHAULI,45,105,133.33,40.0,YELLOW,True,False,False,3,Medium Potential,True
VARANASI,PINDRA,9670814902,GOVT. HIGH SCHOOL CHITAIEPUR,82,121,47.56,27.37,YELLOW,True,False,False,3,Medium Potential,True
VARANASI,SEWAPURI,9670400403,GOVT. HIGHSCHOOL BESAHUPUR,120,124,3.33,13.76,YELLOW,True,False,False,3,Medium Potential,True
AGRA,AKOLA,9150101103,PT. DEENDAYAL UPADHYAY GOVT. MODEL I.C MANKAIDA,91,159,74.73,8.16,YELLOW,False,True,False,3,Medium Potential,True
