District,Block,School_ID,School_Name,Overall_Growth_pct,Boys_Growth_pct,Girls_Growth_pct,C8_Change_pct,C9_Change_pct,C10_Change_pct,C11_Change_pct,C12_Change_pct,Gender_Driver,Class_Driver,Growth_Pattern_Tag,Model_School_Flag
SONBHADRA,CHATRA,9700504511,PT DEENDAYAL UPADHYAY GOVT MODEL INTER COLLEGE RAMGARH,5570.0,4483.33,7200.0,2833.33,1828.57,,,,Girls-Led,All_Round_Growth,Girls-Led All Round Growth,True
AMBEDKAR NAGAR,RAMNAGAR,9480802223,PT. D.D.U. GOVT. MODAL INTER COLLEGE RAMNAGAR,828.33,720.93,1100.0,,200.0,,,,Girls-Led,All_Round_Growth,Girls-Led All Round Growth,True
BULANDSHAHR,KHURJA,9111101003,PT DEENDAYAL UPADHYAY GOVT MODEL INTER COLLEGE AHIRAULI,788.89,1057.14,618.18,-44.44,,,,,Boys-Led,All_Round_Growth,Boys-Led All Round Growth,True
RAMPUR,SAID NAGAR,9050613601,GOVT INTER COLLEGE MOHAMMADPUR SHUMALI,678.57,985.71,371.43,,30.0,,775.0,,Boys-Led,Upper_Class_Growth,Boys-Led Upper Class Growth,True
HARDOI,TN.AR. SANDILA,9252400106,RAJKIYE INTER COLLEGE BEGAMGANJ SANDILA,614.12,1416.67,398.51,,203.92,,317.65,,Boys-Led,Upper_Class_Growth,Boys-Led Upper Class Growth,True
KAUSHAMBI,SIRATHU,9440305205,PANDIT DEEN DAYAL UPADHAYAY RAJKIY MADAL INTER COLLEGE DEVKHARPUR,581.18,473.91,707.69,1566.67,152.86,1900.0,12300.0,2166.67,Girls-Led,Upper_Class_Growth,Girls-Led Upper Class Growth,True
MAHARAJGANJ,NICHLOUL,9570607909,RAJKIY INTER COLLEGE NAUNIYA,560.61,433.33,633.33,,169.7,,,,Girls-Led,All_Round_Growth,Girls-Led All Round Growth,True
MUZAFFARNAGAR,SADAR,9020104012,GOVT INTER COLLEGE BAHADARPUR,541.94,758.82,278.57,,94.74,,283.33,,Boys-Led,Upper_Class_Growth,Boys-Led Upper Class Growth,True
MAU,BADRAW,9620704305,PT DEENDAYAL UPADHYAY RAJKIY MODEL INTER COLLEGE KATIHARI MAU,511.63,541.18,492.31,,42.11,1680.0,,,Boys-Led,All_Round_Growth,Boys-Led All Round Growth,True
HAMIRPUR (U.P.),SARILA,9380701008,GOVT HIGH SCHOOL BHERI DANDA,477.55,472.73,481.48,,934.78,73.08,,,Girls-Led,All_Round_Growth,Girls-Led All Round Growth,True
FAIZABAD,MAWAI,9470607608,GOVT INTER COLLEGE SUNBA MAWAI AYODHYA,433.33,274.19,680.0,,62.75,,,,Girls-Led,All_Round_Growth,Girls-Led All Round Growth,True
DEORIA,DESAHI DEORIA,9601802206,PT DEEN DAYAL UPADHYAY I C TILA TALI DESAHI DEORIA DEORIA,414.29,481.48,331.82,,760.0,163.16,1366.67,381.82,Boys-Led,Upper_Class_Growth,Boys-Led Upper Class Growth,True
SITAPUR,BISWAN,9240307905,RAJKIYA INTER COLLEGE JANUVA BISWAN,399.2,447.37,358.82,,146.15,,103.33,,Boys-Led,Lower_Class_Growth,Boys-Led Lower Class Growth,True
MEERUT,KHARKHODA,9070302104,GOVT INTER COLLEGE JASORA,396.15,534.78,286.21,,63.89,3700.0,446.67,,Boys-Led,Upper_Class_Growth,Boys-Led Upper Class Growth,True
SHRAWASTI,SIRSIYA,9510603804,"RAJKIYA INTER COLLEGE, GABBAPUR",390.0,324.0,500.0,,472.97,151.56,2333.33,430.77,Girls-Led,Upper_Class_Growth,Girls-Led Upper Class Growth,True
BULANDSHAHR,PAHASU,9111402903,PT DEENDAYAL UPADHYAY GOVT MODEL INTER COLLEGE RASOOLGARH,384.0,536.84,290.32,1233.33,262.5,266.67,720.0,362.5,Boys-Led,Upper_Class_Growth,Boys-Led Upper Class Growth,True
GORAKHPUR,CAMPIARGANJ,9581605212,GOVERNMENT INTER COLLEGE SONAURA BUJURG,356.87,405.15,315.79,56.52,71.52,,,,Boys-Led,All_Round_Growth,Boys-Led All Round Growth,True
PILIBHIT,N. P. PILIBHIT,9210901104,GOVERNMENT INTER COLLEGE SHER MOHAMMAD PILIBHIT,337.5,300.0,347.37,,140.0,,155.56,,Girls-Led,Lower_Class_Growth,Girls-Led Lower Class Growth,True
BANDA,KAMASIN,9400704210,GOVERNMENT INTER COLLEGE LOHRA BLOCK KAMASIN ,307.32,429.41,220.83,,42.65,,392.86,,Boys-Led,Upper_Class_Growth,Boys-Led Upper Class Growth,True
MORADABAD,THAKURDWARA,9041209504,GOVERNMENT INTER COLLEGE SAHBAJPUR KALA,297.56,484.62,210.71,,,21.95,,,Boys-Led,All_Round_Growth,Boys-Led All Round Growth,True
BAREILLY,RICHHA(DAMKHODA),9200500206,GOVT. INTER COLLEGE MUNDIA JAGIR DAMKHODA,295.56,271.43,316.67,,20.0,,,,Girls-Led,All_Round_Growth,Girls-Led All Round Growth,True
AMETHI - CSM NAGAR,BHETUA,9732303305,RAJKIY INTER COLLEGE,292.98,363.33,214.81,,4.88,,137.5,,Boys-Led,Upper_Class_Growth,Boys-Led Upper Class Growth,True
GORAKHPUR,KAUDIRAM,9581500304,SHAHEED SHRI SAHAB SHUKLA GOVERNMENT INTER COLLEGE RUDAIN URF MAJHGAWA,289.58,386.67,245.45,,-43.75,,,,Boys-Led,All_Round_Growth,Boys-Led All Round Growth,True
MAHOBA,JAITPUR,9390209206,GOVT. INTER COLLEGE SUGIRA JAITPUR ,283.51,274.47,292.0,,15.48,,500.0,,Girls-Led,Upper_Class_Growth,Girls-Led Upper Class Growth,True
BIJNOR,ALLHEPUR(DHAMPUR),9030206502,GOVT INTER COLLEGE NANGLA NAINSI DHAMPUR,268.49,448.0,175.0,,58.49,,110.0,,Boys-Led,Upper_Class_Growth,Boys-Led Upper Class Growth,True
MAHARAJGANJ,BRIJMAN GANJ,9571102112,PANDIT DEEN DAYAL UPADHYAY GOVT MODEL INTER COLLEAGE SAHAJANWA BABU,266.67,271.93,260.42,,95.0,82.22,,,Boys-Led,All_Round_Growth,Boys-Led All Round Growth,True
BAREILLY,NAWABGANJ,9200400413,GOVT. INTER COLLEGE HAFIZGANJ NAWABGANJ,261.82,173.68,458.82,,48.57,,165.0,,Girls-Led,Upper_Class_Growth,Girls-Led Upper Class Growth,True
JYOTIBA PHULE NAGAR (AMROHA),GANGESHWARI,9064100029,GOVT INTER COLLEGE BANSKA KALAN,258.82,270.97,245.61,129.03,144.44,,134.88,,Boys-Led,Upper_Class_Growth,Boys-Led Upper Class Growth,True
KAUSHAMBI,KADA,9440801803,PANDIT DEEN DAYAL UPADHAYAY RAJKIY MADAL INTER COLLEGE KESARI,257.5,205.0,310.0,800.0,213.33,105.0,375.0,,Girls-Led,Upper_Class_Growth,Girls-Led Upper Class Growth,True
GHAZIABAD,BHOJPUR,9090404504,GOVT. INTER COLLEGE MACHRI,256.67,309.09,226.32,,-13.33,,,,Boys-Led,All_Round_Growth,Boys-Led All Round Growth,True
SITAPUR,MAHOLI,9241107705,RAJKIYA U.M.V. RAJVAPUR,246.51,276.92,200.0,,327.78,188.0,,,Boys-Led,All_Round_Growth,Boys-Led All Round Growth,True
HARDOI,BHARAWAN,9251803913,GOVT. HIGHER SECONDERY SCHOOL BAHUTI KALAN PIN-241203,245.95,217.39,292.86,,342.86,118.75,,,Girls-Led,All_Round_Growth,Girls-Led All Round Growth,True
BANDA,KAMASIN,9400701510,GOV INTER COLLEGE BEERA ,228.57,246.34,208.33,,-20.9,,370.0,,Boys-Led,Upper_Class_Growth,Boys-Led Upper Class Growth,True
BAREILLY,VITHARI CHAINPUR,9201804403,GOVT. INTER COLLEGE BALIPUR AHMADPUR VITHRI CHAINPUR,226.96,179.27,345.45,4200.0,23.94,,141.86,,Girls-Led,Upper_Class_Growth,Girls-Led Upper Class Growth,True
FAIZABAD,MILKIPUR,9471205909,GOVT INTER COLLEGE TAKSARA MILKIPUR AYODHYA,222.5,241.23,197.67,10.0,34.97,,403.7,,Boys-Led,Upper_Class_Growth,Boys-Led Upper Class Growth,True
SHRAWASTI,HARIHARPUR RANI,9510206205,RAJKIYA HIGH SCHOOL GOTHWA,221.43,176.92,260.0,,334.48,100.0,,,Girls-Led,All_Round_Growth,Girls-Led All Round Growth,True
RAMPUR,CHAMRAUVA,9050410802,"GOVT INTER COLLEGE, MANKARA, BLOCK CHAMRAUVA SADAR RAMPUR",220.44,194.44,249.23,242.11,29.58,,112.77,,Girls-Led,Upper_Class_Growth,Girls-Led Upper Class Growth,True
SANT KABIR NAGAR,BAGHAULI,9561613001,GOVT. INTER COLLEGE BANAULI SANT KABIR NAGAR,219.81,152.27,267.74,37.5,-7.04,3133.33,,,Girls-Led,All_Round_Growth,Girls-Led All Round Growth,True
SONBHADRA,MYORPUR,9700806705,GOVT. H.S.S. CHANGA,219.35,200.0,235.29,,386.67,62.5,,,Girls-Led,All_Round_Growth,Girls-Led All Round Growth,True
AMBEDKAR NAGAR,AKBARPUR,9480101909,Pt Deendayal Upadhyay Govt Model Inter College Jafarganj,210.94,223.33,200.0,600.0,516.67,70.83,377.78,88.89,Boys-Led,Lower_Class_Growth,Boys-Led Lower Class Growth,True
HAPUR (PANCHSHEEL NAGAR),DHAULANA,9750603811,RAJKIYA INTER COLLEGE,203.87,194.59,212.35,-2.38,4.42,,,,Girls-Led,All_Round_Growth,Girls-Led All Round Growth,True
MORADABAD,DILARI,9040601918,GOVERNMENT INTER COLLEGE SIHALI KHADDAR,200.0,193.75,207.69,190.0,35.0,437.5,,,Girls-Led,All_Round_Growth,Girls-Led All Round Growth,True
BAREILLY,NAWABGANJ,9200403708,GOVT. INTER COLLEGE BARAUR NAWABGANJ,195.06,185.0,204.88,,-4.55,,180.0,,Girls-Led,Upper_Class_Growth,Girls-Led Upper Class Growth,True
SAMBHAL (BHIM NAGAR),PAWANSA,9681000106,GOVERNMENT INTER COLLEGE,186.67,137.5,242.86,,11.11,,,,Girls-Led,All_Round_Growth,Girls-Led All Round Growth,True
SANT KABIR NAGAR,BAGHAULI,9561606805,GOVT.HIGH SCHOOL JAMDEEH,186.11,346.67,71.43,,126.32,252.94,,,Boys-Led,All_Round_Growth,Boys-Led All Round Growth,True
BULANDSHAHR,ANOOPSHAHAR,9111300603,PT DEENDAYAL UPADHYAY GOVT MODEL INTER COLLEGE SAURAKH,179.59,196.67,152.63,62.5,68.42,38.89,600.0,,Boys-Led,Upper_Class_Growth,Boys-Led Upper Class Growth,True
SHAHJAHANPUR,KALAN,9221004402,RAJKIYA INTER COLLEGE SANGERI,179.17,183.78,171.74,,0.83,,,,Boys-Led,All_Round_Growth,Boys-Led All Round Growth,True
KANSHIRAM NAGAR,SAHAVAR,9721105502,Pt Deendayal Upadhyay Govt Model Inter College Alauddinpur,177.66,199.3,154.2,267.74,100.0,217.86,220.83,190.0,Boys-Led,Upper_Class_Growth,Boys-Led Upper Class Growth,True
BHADOI,AURAI,9710410107,Pt Deendayal Upadhyay Govt Model Inter College girdbadganv bhadohi,172.15,148.82,199.09,47.06,115.25,174.47,191.8,615.79,Girls-Led,Upper_Class_Growth,Girls-Led Upper Class Growth,True
SITAPUR,MAHMOODABAD,9241003905,GOVT.HIGHER SECONDARY SCHOOL LALPUR,165.85,100.0,212.5,,213.64,110.53,,,Girls-Led,All_Round_Growth,Girls-Led All Round Growth,True
AMBEDKAR NAGAR,BHIYAON,9480403803,PT. D.D.U GOVT. MODAL INTER COLLEGE INDHANA,165.8,118.75,258.46,,50.6,,13.64,,Girls-Led,Lower_Class_Growth,Girls-Led Lower Class Growth,True
GHAZIPUR,REOTIPUR,9651000130,GOVT. U.M.V. REOTIPUR,165.12,35.71,406.67,,272.22,88.0,,,Girls-Led,All_Round_Growth,Girls-Led All Round Growth,True
MIRZAPUR,CHHANBEY,9690504408,GOVT. HIGH SCHOOL KUSHAHA,159.02,192.31,134.29,,200.0,121.88,,,Boys-Led,All_Round_Growth,Boys-Led All Round Growth,True
MORADABAD,MUNDAPANDAY,9040909708,GOVERNMENT INTER COLLEGE SARKARA KHAS,152.55,120.97,178.67,,27.14,-31.34,,,Girls-Led,All_Round_Growth,Girls-Led All Round Growth,True
BHADOI,AURAI,9710403802,GOVT. HIGH SCHOOL CHAKJURAVAN,151.38,92.86,213.21,,167.27,135.19,,,Girls-Led,All_Round_Growth,Girls-Led All Round Growth,True
KANNAUJ,TAL GRAM,9300308554,RAJKIYA INTER COLLEGE SAMDHAN,150.38,122.0,241.94,,13.08,2400.0,,,Girls-Led,All_Round_Growth,Girls-Led All Round Growth,True
BAHRAICH,HUJUR PUR,9500612301,GIC BHAGADWA BAZAR HUJURPUR,148.85,132.8,170.65,35.56,179.66,97.22,365.0,276.19,Girls-Led,Upper_Class_Growth,Girls-Led Upper Class Growth,True
MIRZAPUR,LALGANJ,9690308703,GOVT. HIGH SCHOOL KOTHI,148.15,173.91,129.03,,92.86,341.67,,,Boys-Led,All_Round_Growth,Boys-Led All Round Growth,True
SHRAWASTI,SIRSIYA,9510604803,RAJKIYA HIGH SCHOOL TANGPASRI,147.62,117.31,196.88,,342.11,-13.04,,,Girls-Led,All_Round_Growth,Girls-Led All Round Growth,True
KAUSHAMBI,MANJHANPUR,9440100219,RAJKIYA INTER COLLEGE  OSA MANJHANPUR KAUSHAMBI,145.87,182.61,119.05,350.0,50.0,238.46,242.86,80.0,Boys-Led,Upper_Class_Growth,Boys-Led Upper Class Growth,True
MUZAFFARNAGAR,JANSATH,9021203406,PANDIT DEEN DAYAL UPADHYAY RAJKIYA INTER COLLEGE KASAMPUR KHOLA MZN,144.83,153.12,134.62,2300.0,173.33,-22.22,266.67,283.33,Boys-Led,Upper_Class_Growth,Boys-Led Upper Class Growth,True
BALRAMPUR,GAINDAS BUZURG,9521700805,GOVT. INTER COLLEGE ITAI RAMPUR,144.18,111.83,200.94,58.18,77.67,233.33,228.95,226.67,Girls-Led,Upper_Class_Growth,Girls-Led Upper Class Growth,True
SONBHADRA,GHORAWAL,9700403203,Pt Deendayal Upadhyay Govt Model Inter College Mudiladeeh,142.93,234.81,91.25,165.96,129.81,67.91,179.66,406.45,Boys-Led,Upper_Class_Growth,Boys-Led Upper Class Growth,True
HATHRAS,MURSAN,9130405102,PT Deen Dyal Upadhyay rajkiye model inter college tuksan,142.55,87.21,229.09,-30.0,88.89,160.0,1000.0,400.0,Girls-Led,Upper_Class_Growth,Girls-Led Upper Class Growth,True
KANNAUJ,KANNAUJ,9300102803,RAJKIYA H.S.S. MITRASENPUR KANNAUJ,142.19,116.67,175.0,,214.29,86.11,,,Girls-Led,All_Round_Growth,Girls-Led All Round Growth,True
MATHURA,CHAUMUHAN,9140504205,PT DEENDAYAL UPADHYAY GOV MODEL INTER COLLEGE SIHANA,141.94,200.0,98.11,-21.74,100.0,180.95,308.33,600.0,Boys-Led,Upper_Class_Growth,Boys-Led Upper Class Growth,True
FATEHPUR,TELIYANI,9420506703,RAJKIYE U M V RAWATPUR,141.51,181.48,100.0,,250.0,75.76,,,Boys-Led,All_Round_Growth,Boys-Led All Round Growth,True
FAIZABAD,MILKIPUR,9471207202,GOVERNMENT SECONDARY SCHOOL GARHA,140.0,121.88,165.22,,221.74,81.25,,,Girls-Led,All_Round_Growth,Girls-Led All Round Growth,True
AMETHI - CSM NAGAR,BAHADURPUR,9732500904,Pt Deendayal Upadhayay Govt Model Inter College Udawa,138.85,155.41,124.1,,105.45,170.27,175.0,129.73,Boys-Led,Upper_Class_Growth,Boys-Led Upper Class Growth,True
RAE BARELI,ROHANIYA,9281200803,PT DEEN DAYAL UPADHYAY MODEL INTER COLLEGE,138.03,142.86,134.88,,183.33,73.08,420.0,23.53,Boys-Led,Upper_Class_Growth,Boys-Led Upper Class Growth,True
MAHARAJGANJ,NOUTANWA,9570706805,GOVT HSS VISHANPUR NAOUTANWA MAHARAJGANJ,137.72,85.45,186.44,,80.0,182.81,,,Girls-Led,All_Round_Growth,Girls-Led All Round Growth,True
MAU,RANIPUR,9620603604,GOVT HSS SULTANIPUR RANIPUR,135.09,75.0,212.0,,164.52,100.0,,,Girls-Led,All_Round_Growth,Girls-Led All Round Growth,True
MAINPURI,GHIROR,9180210215,Pt Deendayal Upadhyay Govt Model Inter College Shahjahanpur,134.72,133.33,135.9,,263.64,-47.17,1000.0,980.0,Balanced,Upper_Class_Growth,Balanced Upper Class Growth,True
SONBHADRA,BABHANI,9700701706,GOVT. U.M.V. IKDIRI,134.51,165.0,112.2,,19.44,252.86,,,Boys-Led,All_Round_Growth,Boys-Led All Round Growth,True
SONBHADRA,CHOPAN,9700100503,GOVERNMENT INTER COLLEGE  GURMURA,133.67,117.52,147.5,,-30.71,,197.67,,Girls-Led,Upper_Class_Growth,Girls-Led Upper Class Growth,True
VARANASI,HARHUA,9670304805,GOVT. HIGHSCHOOL BHAITHAULI,133.33,96.3,188.89,,128.57,137.5,,,Girls-Led,All_Round_Growth,Girls-Led All Round Growth,True
AMBEDKAR NAGAR,RAMNAGAR,9480814301,RAJKEEYA HIGHER SEC SCH AMADERVESPUR,132.61,180.0,76.19,,170.83,90.91,,,Boys-Led,All_Round_Growth,Boys-Led All Round Growth,True
MAHARAJGANJ,PANIYARA,9570400305,PANDIT DEEN DAYAL UPADHYAY GOVT MODEL INTER COLLEAGE KUWANCHAF,131.48,70.97,213.04,,164.71,32.43,,,Girls-Led,All_Round_Growth,Girls-Led All Round Growth,True
BULANDSHAHR,GULAOTI,9111000704,RAJKIYA UMV SAINTHA,130.61,200.0,74.07,,86.36,166.67,,,Boys-Led,All_Round_Growth,Boys-Led All Round Growth,True
SHAHJAHANPUR,JALALABAD,9220304005,RAJKIYE UCHTAR M.V. KHANDHAR,129.35,117.86,147.22,,125.53,133.33,,,Girls-Led,All_Round_Growth,Girls-Led All Round Growth,True
BANDA,BABERU,9400502528,GOVT INTER COLLEGE MARKA ,128.83,134.82,122.73,,-19.62,,65.62,,Boys-Led,Upper_Class_Growth,Boys-Led Upper Class Growth,True
CHANDAULI,CHAKIYA,9660211203,GHS BITHAWAL KALA,128.81,128.57,129.03,,136.36,119.23,,,Balanced,All_Round_Growth,Balanced All Round Growth,True
SHAHJAHANPUR,DADRAUL,9220102808,RAJKIYA INTER COLLEGE TIKRI,128.57,133.33,124.18,,-31.43,,,,Boys-Led,All_Round_Growth,Boys-Led All Round Growth,True
AMETHI - CSM NAGAR,BAHADURPUR,9732500609,RAJKIYA HIGH SCHOOL PEEDHI,127.69,243.48,64.29,,94.87,176.92,,,Boys-Led,All_Round_Growth,Boys-Led All Round Growth,True
KANSHIRAM NAGAR,PATIYALI,9721009433,PT DEENDAYAL UPADHYAY GOVT MODEL INTER COLLEGE BHARGAIN ,125.69,100.0,196.55,2500.0,124.0,53.19,140.0,175.0,Girls-Led,Upper_Class_Growth,Girls-Led Upper Class Growth,True
MAINPURI,KURAWALI,9180302903,G.I.C.H.S.ROSINGPUR,125.0,183.33,86.11,,300.0,43.9,,,Boys-Led,All_Round_Growth,Boys-Led All Round Growth,True
BALLIA,MANIAR,9630702404,RAJKIYA U M V BARSARI,123.4,123.33,123.53,,162.96,70.0,,,Balanced,All_Round_Growth,Balanced All Round Growth,True
BANDA,BABERU,9400500605,GOVT HIGH SCHOOL AHAR,122.81,293.33,61.9,,282.61,14.71,,,Boys-Led,All_Round_Growth,Boys-Led All Round Growth,True
MATHURA,NANDGAON,9140602510,PT DEENDAYAL UPADHYAY GOV MODEL INTER COLLEGE KAMAR,121.57,125.0,113.33,,10.0,155.56,400.0,120.0,Boys-Led,Upper_Class_Growth,Boys-Led Upper Class Growth,True
PRATAPGARH,PATTI,9431204804,G H S BASAULI,121.57,192.31,97.37,,97.06,170.59,,,Boys-Led,All_Round_Growth,Boys-Led All Round Growth,True
BHADOI,DEEGH,9710502905,Pt Deendayal Upadhyay Govt Model Inter College Sagarraipur bhadohi,120.25,147.65,90.38,66.67,64.37,106.02,182.09,169.23,Boys-Led,Upper_Class_Growth,Boys-Led Upper Class Growth,True
PRATAPGARH,AASPUR-DEOSARA,9430106703,Pt Deendayal Upadhyay Govt Model Inter College Mahuli Aspur Devsara,120.0,146.88,93.94,157.14,285.71,-2.63,533.33,400.0,Boys-Led,Upper_Class_Growth,Boys-Led Upper Class Growth,True
MIRZAPUR,HALIA,9690211917,GOVT. HIGH SCHOOL HALIA,117.86,89.29,146.43,,39.13,480.0,,,Girls-Led,All_Round_Growth,Girls-Led All Round Growth,True
SHRAWASTI,SIRSIYA,9510601103,RAJKIYA HIGH SCHOOL BHACHKAHI,117.39,331.25,3.33,,147.37,96.3,,,Boys-Led,All_Round_Growth,Boys-Led All Round Growth,True
BAREILLY,SHERGARH,9200909424,GOVT. INTER COLLEGE SHERGARH,116.05,79.12,163.38,-80.0,225.0,119.23,46.27,229.63,Girls-Led,Lower_Class_Growth,Girls-Led Lower Class Growth,True
BAREILLY,RICHHA(DAMKHODA),9200503004,PT DEENDYAL UPADHYAY RAJKIYA MODEL INTER COLLEGE KACHNERA RICHHA BAREILLY,112.98,253.33,39.53,350.0,76.74,94.23,123.53,223.53,Boys-Led,Upper_Class_Growth,Boys-Led Upper Class Growth,True
FATEHPUR,BAHUA,9420706802,RAJKIYE U M V CHAK QUAZIPUR,111.48,65.52,153.12,,91.18,137.04,,,Girls-Led,All_Round_Growth,Girls-Led All Round Growth,True
FAIZABAD,MAYA,9470706504,"GOVERNMENT HIGHER SECONDARY SCHOOL, BENWA",110.42,172.22,73.33,,235.29,41.94,,,Boys-Led,All_Round_Growth,Boys-Led All Round Growth,True
KUSHINAGAR,SEORAHI,9591102105,PT DEENDAYAL UPADHYAY GOVT MODEL IC MATHIYA SHRIRAM,110.27,62.63,210.64,-46.43,825.0,-33.33,118.75,54.84,Girls-Led,Lower_Class_Growth,Girls-Led Lower Class Growth,True
MAU,RATANPURA,9620101007,GOVT HSS GARHA,109.52,205.0,65.12,,57.58,166.67,,,Boys-Led,All_Round_Growth,Boys-Led All Round Growth,True
BUDAUN,DEHGANWAN,9191802012,"GOVT. INTER COLLEGE, NADHA BHOOR",109.47,107.55,112.7,462.5,92.98,168.97,28.26,113.79,Girls-Led,Lower_Class_Growth,Girls-Led Lower Class Growth,True
HATHRAS,SADABAD,9130610805,PT DEEN DAYAL RAJKIYE MODEL INTER COLLEGE SINSTA,108.26,48.44,175.44,,82.98,73.53,314.29,88.46,Girls-Led,Upper_Class_Growth,Girls-Led Upper Class Growth,True
KHERI,BIJUA,9230113301,GOVT. H.S. FAIAJAL NAGAR GARNT,106.85,43.1,353.33,,168.75,58.54,,,Girls-Led,All_Round_Growth,Girls-Led All Round Growth,True
AMETHI - CSM NAGAR,TILOI,9732201003,RAJKIY HIGH SCHOOL SAVITAPUR,106.67,82.86,140.0,,100.0,115.38,,,Girls-Led,All_Round_Growth,Girls-Led All Round Growth,True
BASTI,KAPTANGANJ,9550218502,GOVT HR SEC SCHOOL SIKTA BASTI,105.56,178.26,51.61,,27.78,261.11,,,Boys-Led,All_Round_Growth,Boys-Led All Round Growth,True
HARDOI,BHARAWAN,9251802705,PT DEEN DAYAL UPADHAYAY RAJKIYA MODEL INTER COLLEGE KHASRAUL,105.08,86.52,135.67,113.21,105.22,60.31,134.29,156.92,Girls-Led,Upper_Class_Growth,Girls-Led Upper Class Growth,True
MIRZAPUR,NAGAR,9691410604,GOVT. HIGH SCHOOL SHAHPUR,104.92,67.57,162.5,,77.78,144.0,,,Girls-Led,All_Round_Growth,Girls-Led All Round Growth,True
KANPUR DEHAT,RASULABAD,9330908805,GOVT.GIRLS I.C.SIMRAMAU,104.76,25.0,187.1,,52.38,113.33,105.88,200.0,Girls-Led,Upper_Class_Growth,Girls-Led Upper Class Growth,True
BASTI,HARRIYA,9551306804,GOVT HR SEC INDAULI,98.41,150.0,70.73,,125.0,62.96,,,Boys-Led,All_Round_Growth,Boys-Led All Round Growth,True
BULANDSHAHR,JAHAGIRABAD,9111206006,PT DEENDAYAL UPADHYAY GOVT MODEL INTER COLLEGE KOTHARA KURAINA,97.78,160.0,58.18,,127.27,36.36,90.0,46.67,Boys-Led,Lower_Class_Growth,Boys-Led Lower Class Growth,True
SITAPUR,MAHMOODABAD,9241008803,Pt Deen Dayal Upadhyay Rajkiya Model Inter College Judaura Pac hdevra Chaubepur,96.97,104.35,88.89,175.0,47.83,76.74,173.33,162.5,Boys-Led,Upper_Class_Growth,Boys-Led Upper Class Growth,True
CHANDAULI,NAUGARH,9660902603,GHS UDITPUR SURRA,96.15,70.97,133.33,,70.0,131.82,,,Girls-Led,All_Round_Growth,Girls-Led All Round Growth,True
FIROZABAD,TUNDLA,9160304204,GOVT.HIGH SCHOOL THAR BALDI,95.16,250.0,50.0,,135.71,61.76,,,Boys-Led,All_Round_Growth,Boys-Led All Round Growth,True
AMBEDKAR NAGAR,JAHANGIRGANJ,9480700805,GOVT GIRLS INTER COLLEGE TENDUAI KALA,94.44,248.72,45.53,,120.59,94.74,89.36,79.07,Boys-Led,Lower_Class_Growth,Boys-Led Lower Class Growth,True
SONBHADRA,MYORPUR,9700805803,GOVT. H.S.S. PIPARHAR,93.59,120.0,77.08,,132.56,45.71,,,Boys-Led,All_Round_Growth,Boys-Led All Round Growth,True
HARDOI,AHIRORI,9250606504,"GOVT. HIGH SCHOOL, BHEETHA MAHA SINGH",93.55,76.27,123.53,,95.74,91.3,,,Girls-Led,All_Round_Growth,Girls-Led All Round Growth,True
BHADOI,AURAI,9710401504,GOVT. HIGH SCHOOL LALANAGAR,93.15,83.95,104.62,,52.69,164.15,,,Girls-Led,All_Round_Growth,Girls-Led All Round Growth,True
BUDAUN,QADARCHOWK,9190107202,PT.  DEENDAYAL UPADHYAY GOVT MODEL INTER COLLEGE CHAUDERA,93.06,86.96,103.85,220.0,68.09,19.57,188.89,144.44,Girls-Led,Upper_Class_Growth,Girls-Led Upper Class Growth,True
BALLIA,RASARA,9630306503,PT Deendayal Upadhyay Rajkiya Model Inter College Motira Rasra ballia,92.86,63.41,134.48,366.67,31.58,-9.09,650.0,175.0,Girls-Led,Upper_Class_Growth,Girls-Led Upper Class Growth,True
MIRZAPUR,CHHANBEY,9690506703,GOVT. HIGH SCHOOL SUMATIYA,92.31,120.51,71.15,,40.0,156.1,,,Boys-Led,All_Round_Growth,Boys-Led All Round Growth,True
BAHRAICH,KAISER GANJ,9500204403,GOV. INTER COLLEGE,92.2,138.74,61.99,216.67,17.71,57.78,106.45,450.0,Boys-Led,Upper_Class_Growth,Boys-Led Upper Class Growth,True
GONDA,BELSAR,9531204020,G.H.S. SONAULI MOHAMMADPUR DEEH,90.67,88.57,92.5,,64.71,145.83,,,Balanced,All_Round_Growth,Balanced All Round Growth,True
AURAIYA,AURAIYA,9320103803,GOVT. U.M.V. MAANPUR,90.57,161.11,54.29,,60.61,140.0,,,Boys-Led,All_Round_Growth,Boys-Led All Round Growth,True
PRATAPGARH,SHIVGARH,9431708707,Pt Deendayal Upadhyay Govt Model Inter College Kuradeeh Shivgarh,89.02,71.93,128.0,177.78,75.0,-29.27,1733.33,38.46,Girls-Led,Upper_Class_Growth,Girls-Led Upper Class Growth,True
BHADOI,DEEGH,9710503303,GOVT. HIGH SCHOOL CHAKMANDHATA,88.75,118.75,68.75,,72.34,112.12,,,Boys-Led,All_Round_Growth,Boys-Led All Round Growth,True
SITAPUR,LAHARPUR,9240802503,Pt Deen Dayal Upadhyay Rajkiya Model Inter College Patwara,88.58,95.28,79.35,95.24,146.94,51.85,81.25,94.44,Boys-Led,All_Round_Growth,Boys-Led All Round Growth,True
BUDAUN,WAZEERGANJ,9191202502,"GOVT. HIGH SCHOOL, SOHI",88.52,74.19,103.33,,125.81,50.0,,,Girls-Led,All_Round_Growth,Girls-Led All Round Growth,True
KANSHIRAM NAGAR,SORON,9721509904,GOVERNMENT INTER COLLEGE KASGANJ,87.8,34.83,150.67,,-17.54,,6.0,,Girls-Led,Upper_Class_Growth,Girls-Led Upper Class Growth,True
MUZAFFARNAGAR,JANSATH,9021200814,GOVERNMENT INTER COLLEGE KAWAL,86.96,39.02,125.49,86.21,-21.01,,158.82,,Girls-Led,Upper_Class_Growth,Girls-Led Upper Class Growth,True
SHAMLI (PRABUDH NAGAR),KAIRANA,9740801510,PANDIT DEEN DAYAL UPADHAYAY MODEL INTER COLLEGE TITARWARA,86.73,112.12,34.38,-100.0,113.04,50.0,220.0,65.22,Boys-Led,Upper_Class_Growth,Boys-Led Upper Class Growth,True
SAHARANPUR,NAGAL,9011101410,RAJKIYE INTER COLLEGE BANHERA KHAS,86.57,77.5,100.0,,-40.91,,39.13,,Girls-Led,Upper_Class_Growth,Girls-Led Upper Class Growth,True
KUSHINAGAR,KHADDA,9590305003,PT DEENDAYAL UPADHYAY GOVT MODEL IC MISRAULI,86.55,83.33,88.31,75.0,70.45,8.51,233.33,425.0,Balanced,Upper_Class_Growth,Balanced Upper Class Growth,True
PRAYAGRAJ,SHANKAR GARH,9450101503,RAJKIYA U.M.V. SONVEY,85.96,103.33,66.67,,111.11,63.33,,,Boys-Led,All_Round_Growth,Boys-Led All Round Growth,True
RAMPUR,SAID NAGAR,9050619004,GOVT. INTER COLLEGE MANAKPUR BANJARIYA,85.42,111.98,68.59,187.88,60.0,65.54,42.86,209.57,Boys-Led,Upper_Class_Growth,Boys-Led Upper Class Growth,True
BASTI,GAUR,9550518731,ABHINAV VIDYALAYA BABHNAN,84.78,85.37,84.31,-55.0,87.5,358.33,60.0,69.23,Balanced,Lower_Class_Growth,Balanced Lower Class Growth,True
CHANDAULI,CHANDAULI,9660107602,GHS KHURUHUJA,84.21,146.43,47.92,,97.5,69.44,,,Boys-Led,All_Round_Growth,Boys-Led All Round Growth,True
MAHOBA,CHARKHARI,9390105912,PANDIT DEEN DYAL IC RIWAI CHARKHARI,83.69,77.03,91.04,,182.14,96.15,192.31,-13.11,Girls-Led,Lower_Class_Growth,Girls-Led Lower Class Growth,True
GONDA,ITIYATHOK,9531908903,G.H.S. BASTI  ITIYATHOK,81.08,100.0,64.1,,32.43,129.73,,,Boys-Led,All_Round_Growth,Boys-Led All Round Growth,True
KUSHINAGAR,PADARAUNA,9590104703,RAJKIYA U.M.V. MOTILALHA,80.65,75.0,85.29,,126.09,53.85,,,Girls-Led,All_Round_Growth,Girls-Led All Round Growth,True
JYOTIBA PHULE NAGAR (AMROHA),JOYA,9062123704,Govt Inter College Dhanora urf Murad Nagar,79.83,63.49,98.21,231.25,36.36,-13.21,2900.0,150.0,Girls-Led,Upper_Class_Growth,Girls-Led Upper Class Growth,True
MIRZAPUR,KONE,9690704704,GOVT. HIGH SCHOOL CHETGANJ,79.0,91.43,72.31,,8.0,292.0,,,Boys-Led,All_Round_Growth,Boys-Led All Round Growth,True
SULTANPUR,DHANPATGANJ,9490703703,GHS KANAKPUR SIKVA,77.61,126.09,52.27,,68.57,87.5,,,Boys-Led,All_Round_Growth,Boys-Led All Round Growth,True
MATHURA,RAYA,9140809112,PT DEENDAYAL UPADHYAY GOV MODEL INTER COLLEGE SONAI,77.39,158.97,35.53,,0.0,106.45,152.94,200.0,Boys-Led,Upper_Class_Growth,Boys-Led Upper Class Growth,True
UNNAO,BAGARMAU,9260201204,GOVT. HIGH SCHOOL BERIYA GARAHA UNNAO,77.19,104.76,61.11,,96.15,61.29,,,Boys-Led,All_Round_Growth,Boys-Led All Round Growth,True
AGRA,AKOLA,9150101103,PT. DEENDAYAL UPADHYAY GOVT. MODEL I.C MANKAIDA,74.73,87.88,67.24,55.56,67.74,21.21,525.0,100.0,Boys-Led,Upper_Class_Growth,Boys-Led Upper Class Growth,True
BAHRAICH,SHIV PUR,9500503505,R.H. SCHOOL RAMPUR DHOBIYAHAR,72.63,73.58,71.43,,109.52,43.4,,,Balanced,All_Round_Growth,Balanced All Round Growth,True
VARANASI,BARAGAON,9670206103,GOVT. HIGHSCHOOL BAULIA,72.62,126.47,36.0,,132.35,32.0,,,Boys-Led,All_Round_Growth,Boys-Led All Round Growth,True
AURAIYA,SAHAR,9320805603,GOVT. U.M.V. BIJHAI SAHAR,71.95,69.77,74.36,,62.79,82.05,,,Balanced,All_Round_Growth,Balanced All Round Growth,True
FATEHPUR,VIJAIPUR,9421110905,RAJKIYE I.C.ARJUNPUR GADHA,71.65,67.42,76.35,248.84,18.88,68.97,53.61,157.14,Girls-Led,Upper_Class_Growth,Girls-Led Upper Class Growth,True
KHERI,BANKEGANJ,9231502613,KGBV SEC.,71.19,205.56,12.2,,136.36,32.43,,,Boys-Led,All_Round_Growth,Boys-Led All Round Growth,True
JYOTIBA PHULE NAGAR (AMROHA),AMROHA,9061812309,GOVT. INTER COLLEGE MITTHE PUR KALAN,71.08,60.0,81.4,-5.56,15.62,176.92,287.5,75.0,Girls-Led,Upper_Class_Growth,Girls-Led Upper Class Growth,True
BANDA,KAMASIN,9400705005,GOVT HIGH SCHOOL  CHARKA,70.77,67.44,77.27,,282.35,-4.17,,,Girls-Led,All_Round_Growth,Girls-Led All Round Growth,True
SHRAWASTI,HARIHARPUR RANI,9510209503,RAJKIYA HIGH SCHOOL LAKAHI BENINAGAR,70.31,85.71,51.72,,66.67,74.19,,,Boys-Led,All_Round_Growth,Boys-Led All Round Growth,True
BULANDSHAHR,PAHASU,9111400503,GOVT. HIGHER SEC. SCH,69.84,46.43,88.57,,57.58,83.33,,,Girls-Led,All_Round_Growth,Girls-Led All Round Growth,True
ETAH,NIDHAULI KALAN,9170907704,PANDIT DEEN DAYAL UPADHYAY GOVT MODEL INTER COLLEGE GAHARANA ETAH,69.78,88.41,51.43,-3.33,82.76,-37.1,268.75,2700.0,Boys-Led,Upper_Class_Growth,Boys-Led Upper Class Growth,True
AMBEDKAR NAGAR,BHIYAON,9480404812,KASTURABA GANDHI G HIGHER SEC SCH RATNA,69.74,53.85,78.0,,121.05,18.42,,,Girls-Led,All_Round_Growth,Girls-Led All Round Growth,True
MIRZAPUR,CHHANBEY,9690511205,GOVT. HIGH SCHOOL BIROHI,69.57,45.45,91.67,,58.82,82.93,,,Girls-Led,All_Round_Growth,Girls-Led All Round Growth,True
BAHRAICH,VISHESHWAR  GANJ,9501508303,R H SCHOOL GANGA JAMUNI VISHESHWARGANJ,68.5,52.75,81.65,,30.3,30.69,,,Girls-Led,All_Round_Growth,Girls-Led All Round Growth,True
BHADOI,AURAI,9710424903,GOVT. HIGH SCHOOL BARJI,68.18,84.62,57.5,,96.3,48.72,,,Boys-Led,All_Round_Growth,Boys-Led All Round Growth,True
UNNAO,MIYAGANJ,9260600310,GOVT HIGH SCHOOL AASIVAN PASHCHIM,67.09,61.54,72.5,,55.56,76.74,,,Girls-Led,All_Round_Growth,Girls-Led All Round Growth,True
SANT KABIR NAGAR,HAINSAR BAZAR,9561915401,GOVT. HIGH SCHOOL RAMJANGALA,66.67,95.31,43.75,,65.85,67.74,,,Boys-Led,All_Round_Growth,Boys-Led All Round Growth,True
BHADOI,AURAI,9710411704,GOVT. HIGH SCHOOL JHAUVA,66.67,120.0,34.15,,52.5,88.46,,,Boys-Led,All_Round_Growth,Boys-Led All Round Growth,True
HARDOI,SANDILA,9250505905,GOVT. U.M.V. JAMU,66.34,31.37,102.0,,76.0,56.86,,,Girls-Led,All_Round_Growth,Girls-Led All Round Growth,True
KAUSHAMBI,SARSAWAN,9440504913,PANDIT DEEN DAYAL UPADHAYAY RAJKIY MADAL INTER COLLEGE PURAB SHARIRA,66.27,75.32,58.7,-25.71,-14.52,15.38,1850.0,1660.0,Boys-Led,Upper_Class_Growth,Boys-Led Upper Class Growth,True
SITAPUR,MISRIKH,9241200201,RAJKIYA U.M.V. GULHARIYA,66.15,100.0,31.25,,47.06,87.1,,,Boys-Led,All_Round_Growth,Boys-Led All Round Growth,True
ETAWAH,SAIFAI,9310601708,GOVT UPS HARCHANDERPUR,65.67,17.07,142.31,,94.59,30.0,,,Girls-Led,All_Round_Growth,Girls-Led All Round Growth,True
SAHARANPUR,SADHOLI KADIM,9010404507,GOVT INTER COLLEGE DABKAURA,65.45,19.12,140.48,,23.64,387.5,-6.38,,Girls-Led,Lower_Class_Growth,Girls-Led Lower Class Growth,True
SAHARANPUR,PUNWARKA,9011001825,GOVT INTER COLLEGE KAILASHPUR,64.71,86.46,51.57,,14.85,47.83,-22.35,,Boys-Led,Upper_Class_Growth,Boys-Led Upper Class Growth,True
UNNAO,NAVABGANJ,9260807804,GOVT HIGH SCHOOL SOHARAMAU UNNAO,64.06,118.18,35.71,,117.65,3.33,,,Boys-Led,All_Round_Growth,Boys-Led All Round Growth,True
DEORIA,BARAHAJ,9601701602,R.U.M.V. BADKA GAON,64.0,152.17,25.0,,45.0,85.71,,,Boys-Led,All_Round_Growth,Boys-Led All Round Growth,True
FATEHPUR,HATHGAOM,9421201105,PT.DEENDAYAL UPADHYAY GOVT MODEL INTER COLLEGE AMILIHAPAL,63.91,76.0,53.19,17.46,12.62,104.44,91.18,323.81,Boys-Led,Upper_Class_Growth,Boys-Led Upper Class Growth,True
BHADOI,BHADOHI,9710119703,GOVT. HIGH SCHOOL SANVAIYA,63.5,102.63,39.52,,63.81,63.16,,,Boys-Led,All_Round_Growth,Boys-Led All Round Growth,True
KAUSHAMBI,SIRATHU,9440309304,RAJKIY HIGH SCHOOL BAMAHROULI,62.9,50.0,76.67,,83.78,32.0,,,Girls-Led,All_Round_Growth,Girls-Led All Round Growth,True
BHADOI,ABHOLI,9710703203,GOVT. HIGH SCHOOL SADAUPUR,62.77,52.54,80.0,,72.34,53.19,,,Girls-Led,All_Round_Growth,Girls-Led All Round Growth,True
UNNAO,HILOULI,9261305503,"GOVT.H.SCHOOL BHAWANE GANJ HILOULI,UNNAO.",62.64,72.6,55.96,,72.0,51.22,,,Boys-Led,All_Round_Growth,Boys-Led All Round Growth,True
CHITRAKOOT,PAHADI,9410200304,GOVT. HIGH SCHOOL CHANDI,62.5,25.37,129.73,,80.77,44.23,,,Girls-Led,All_Round_Growth,Girls-Led All Round Growth,True
KAUSHAMBI,NEWADA,9440405504,RAJKIY HS MISHRAPU DAHIYA,62.3,50.88,72.31,,18.75,145.24,,,Girls-Led,All_Round_Growth,Girls-Led All Round Growth,True
SHAHJAHANPUR,KANTH,9221117203,G.H.S.  CHAUHANPUR,61.54,68.42,51.85,,40.0,96.0,,,Boys-Led,All_Round_Growth,Boys-Led All Round Growth,True
BHADOI,BHADOHI,9710111903,GOVT. HIGH SCHOOL HARICHANDANPUR,61.31,110.34,25.32,,64.29,58.21,,,Boys-Led,All_Round_Growth,Boys-Led All Round Growth,True
BHADOI,SURIYAVAN,9710313603,GOVT. HIGH SCHOOL MAHUAPUR,60.61,74.29,45.16,,42.67,84.21,,,Boys-Led,All_Round_Growth,Boys-Led All Round Growth,True
SONBHADRA,CHOPAN,9700101033,GOVT. HIGH SCHOOL PANARI,60.0,15.91,152.38,,86.11,27.59,,,Girls-Led,All_Round_Growth,Girls-Led All Round Growth,True
SAMBHAL (BHIM NAGAR),SAMBHAL,9681112903,GOVT INTER COLLEGE DHIMARKHEDI,59.85,55.91,63.38,1.52,-21.78,140.0,137.14,322.73,Girls-Led,Upper_Class_Growth,Girls-Led Upper Class Growth,True
AMETHI - CSM NAGAR,JAMO,9732100115,UMA RAMAN INTER COLLEGE,59.69,49.41,126.92,,68.75,50.0,70.45,52.27,Girls-Led,All_Round_Growth,Girls-Led All Round Growth,True
HARDOI,BHARAWAN,9251801610,GOVT. H.S.S. BAHERIA BHARAWAN,59.46,71.43,52.17,,105.88,20.0,,,Boys-Led,All_Round_Growth,Boys-Led All Round Growth,True
ETAH,SAKEET,9171207019,PANDIT DEEN DAYAL UPADHYAY GOVT MODEL INTER COLLEGE MALAWAN ETAH,58.59,70.0,46.94,300.0,30.23,-2.33,,254.55,Boys-Led,Upper_Class_Growth,Boys-Led Upper Class Growth,True
SONBHADRA,GHORAWAL,9700401109,GOVT. INTER C. SIRSIYA THAKURAI KHAIRPUR,58.48,27.43,91.48,9.59,30.83,35.77,111.94,194.0,Girls-Led,Upper_Class_Growth,Girls-Led Upper Class Growth,True
KAUSHAMBI,MURATGANJ,9440605503,RAJKIY HIGH SCHOOL PALHANA KACHAR MURATGANJ,57.72,68.25,50.0,,58.54,56.72,,,Boys-Led,All_Round_Growth,Boys-Led All Round Growth,True
LUCKNOW,SAROJNI NAGAR,9270708205,RAJKIYA VIDYALAYA HIGH SCHOOL SADRAUNA,56.6,72.13,35.56,,58.49,54.72,,,Boys-Led,All_Round_Growth,Boys-Led All Round Growth,True
MIRZAPUR,KONE,9690701104,GOVT. U.M.V. BALLI PARWA,56.52,17.07,114.29,,69.44,42.42,,,Girls-Led,All_Round_Growth,Girls-Led All Round Growth,True
PRATAPGARH,MANGRAURA,9431111005,GOVT. INTRE HOGHE SECONDARY SCHOOL,55.95,59.52,52.38,,70.73,41.86,,,Boys-Led,All_Round_Growth,Boys-Led All Round Growth,True
KHERI,DHAURAHARA,9230300309,GOVT HS WALI,55.83,44.44,73.44,,51.58,61.76,,,Girls-Led,All_Round_Growth,Girls-Led All Round Growth,True
LALITPUR,JAKHORA,9370301404,GHS MAINWARA,55.75,28.36,95.65,,83.33,-23.73,,,Girls-Led,All_Round_Growth,Girls-Led All Round Growth,True
MUZAFFARNAGAR,BUDHANA,9020605701,GOVT INTER COLLEGE BIRAL  MUZAFFARNAGAR,55.56,22.22,97.22,-11.11,60.0,-79.17,611.11,20.59,Girls-Led,Upper_Class_Growth,Girls-Led Upper Class Growth,True
BULANDSHAHR,UCHAGAON,9110507203,PT DEENDAYAL UPADHYAY GOVT MODEL INTER COLLEGE TIMARPUR,55.22,65.75,42.62,322.22,311.11,-14.0,65.71,3.23,Boys-Led,Lower_Class_Growth,Boys-Led Lower Class Growth,True
KANNAUJ,TAL GRAM,9300301304,PT DEEN DAYAL UPADHYAY GOVT MODEL INTER COLLEGE VIRAULI TALGRAM KANNAUJ,55.13,23.39,90.91,-21.28,107.14,-9.8,163.33,423.08,Girls-Led,Upper_Class_Growth,Girls-Led Upper Class Growth,True
HAMIRPUR (U.P.),SUMERPUR,9380201610,PT DEENDYAL UPADHAYA GOVT INTER COLLEGE TEDHA,54.33,75.82,36.26,-48.0,35.14,17.43,262.5,89.66,Boys-Led,Upper_Class_Growth,Boys-Led Upper Class Growth,True
FIROZABAD,FIROZABAD,9160100903,GOVT. HIGH SCHOOL BASAI MUHAMMAD PUR,54.17,85.29,26.32,,80.0,29.73,,,Boys-Led,All_Round_Growth,Boys-Led All Round Growth,True
KUSHINAGAR,TAMKUHI,9591002104,RAJKIYA U.M.V. BASDILA PANDEY,54.04,20.0,83.72,,90.0,26.37,,,Girls-Led,All_Round_Growth,Girls-Led All Round Growth,True
MAHARAJGANJ,MAHRAJGANJ,9570103903,GOVT HR SEC ARAJIJAGPUR MAHARAJGANJ,53.98,21.67,90.57,,27.27,111.11,,,Girls-Led,All_Round_Growth,Girls-Led All Round Growth,True
BAHRAICH,BALHA,9501001805,R H S SCHOOL RAJAPUR KALAN,53.85,45.07,64.41,,54.55,52.83,,,Girls-Led,All_Round_Growth,Girls-Led All Round Growth,True
BAHRAICH,VISHESHWAR  GANJ,9501508302,R H SCHOOL BASANT TEPRA VISHESHWARGANJ,53.66,7.69,133.33,,32.69,90.0,,,Girls-Led,All_Round_Growth,Girls-Led All Round Growth,True
MATHURA,BALDEO,9141003708,PT DEENDAYAL UPADHYAY GOV MODEL INTER COLLEGE BAROLI,53.66,54.05,53.06,-42.11,-2.44,10.0,1566.67,120.0,Balanced,Upper_Class_Growth,Balanced Upper Class Growth,True
RAE BARELI,MAHRAJGANJ,9280601705,PT. DEEN DAYAL UPADDHYAY  RAJKIYA MODEL INTER COLLEGE,53.23,36.61,65.56,,91.38,21.35,215.15,-12.05,Girls-Led,All_Round_Growth,Girls-Led All Round Growth,True
SITAPUR,ALIYA,9240106304,GOVT.HIGHER SECONDARY SCHOOL VISHUNPUR,52.63,52.38,52.94,,92.86,29.17,,,Balanced,All_Round_Growth,Balanced All Round Growth,True
BAHRAICH,PAYAGPUR,9501401304,R.H. SEMRIYAWAN,52.15,66.23,39.53,,41.18,64.1,,,Boys-Led,All_Round_Growth,Boys-Led All Round Growth,True
SONBHADRA,MYORPUR,9700800907,GOVT. U.M.V. SAGOBANDH,52.13,31.71,67.92,,75.56,30.61,,,Girls-Led,All_Round_Growth,Girls-Led All Round Growth,True
BASTI,HARRIYA,9551313204,GOVT HR SEC VIDYALY BARAHPUR,51.47,36.84,70.0,,119.23,9.52,,,Girls-Led,All_Round_Growth,Girls-Led All Round Growth,True
BHADOI,AURAI,9710405904,GOVT. HIGH SCHOOL SAMDHA,51.28,48.94,52.86,,58.18,45.16,,,Balanced,All_Round_Growth,Balanced All Round Growth,True
HAMIRPUR (U.P.),KURARA,9380108646,PT DEENDYAL UPADHAYA GOVT MODEL INTER COLLEGE KURARA,51.26,39.47,72.09,200.0,270.0,-51.79,107.69,48.0,Girls-Led,Upper_Class_Growth,Girls-Led Upper Class Growth,True
BAHRAICH,HUJUR PUR,9500607203,R H SCHOOL CHAKUJOT,50.82,9.09,100.0,,81.36,22.22,,,Girls-Led,All_Round_Growth,Girls-Led All Round Growth,True
MEERUT,KHARKHODA,9070304002,GOVT. HIGH SCH. GOVINDPUR,50.0,51.35,48.39,,58.97,37.93,,,Balanced,All_Round_Growth,Balanced All Round Growth,True
PRATAPGARH,SADWA-CHANDRIKA,9431505603,GOVT. H.S.S. LOHANG PATTI  PRATAPGARH,50.0,17.46,139.13,,75.0,23.81,,,Girls-Led,All_Round_Growth,Girls-Led All Round Growth,True
SHAHJAHANPUR,SINDHAULI,9220505207,Pandit Deen Dayal Upadhyay Rajkiya Model Inter College,49.72,36.7,69.63,,90.65,39.35,81.25,2.65,Girls-Led,Lower_Class_Growth,Girls-Led Lower Class Growth,True
FAIZABAD,RUDAULI,9470902310,GOVT HIGH SCHOOL SUJAGANJ RUDAULI FAIZABAD,49.6,226.67,25.45,,34.67,72.0,,,Boys-Led,All_Round_Growth,Boys-Led All Round Growth,True
BASTI,BAHADURPUR,9550103003,GOVT HR SEC KALWARI EHATMALI,49.6,17.74,80.95,,65.0,35.38,,,Girls-Led,All_Round_Growth,Girls-Led All Round Growth,True
SAHARANPUR,SADHOLI KADIM,9010401006,GOVT. HIGH SCHOOL KHERI MADHTI,49.56,27.4,90.0,,27.27,80.85,,,Girls-Led,All_Round_Growth,Girls-Led All Round Growth,True
SHAHJAHANPUR,KATRA KHUDAGANJ,9220910902,RAJKIYE INTER COLLEGE KHERA NAWADA KATRA,49.5,36.26,60.36,,21.43,26.53,100.0,,Girls-Led,Upper_Class_Growth,Girls-Led Upper Class Growth,True
KANSHIRAM NAGAR,AMAPUR,9720208703,GOVERNMENT HIGHSCHOOL NAGLA YADKARAN ANMAPUR KASGANJ,49.46,80.95,23.53,,69.23,35.19,,,Boys-Led,All_Round_Growth,Boys-Led All Round Growth,True
RAE BARELI,MAHRAJGANJ,9280607104,GOVT. HIGHER SECONDARY SCHOOL MAU GARBI,49.35,24.39,77.78,,89.19,12.5,,,Girls-Led,All_Round_Growth,Girls-Led All Round Growth,True
PRATAPGARH,AASPUR-DEOSARA,9430103805,G H S S DHARAHARA,49.28,46.67,51.28,,133.33,12.5,,,Balanced,All_Round_Growth,Balanced All Round Growth,True
MATHURA,MATHURA,9140104518,PT DEEN DAYAL UPADHYAY GOVT MODEL INTER COLLEGE JAIT,49.13,75.86,22.09,-100.0,135.71,-15.56,134.09,2.0,Boys-Led,Upper_Class_Growth,Boys-Led Upper Class Growth,True
BHADOI,AURAI,9710409703,GOVT. HIGH SCHOOL CHAKLALA,48.37,45.33,50.46,,28.18,78.38,,,Girls-Led,All_Round_Growth,Girls-Led All Round Growth,True
CHANDAULI,CHANDAULI,9660109602,GHS TRIBHUVANPUR,48.1,67.39,21.21,,90.62,19.15,,,Boys-Led,All_Round_Growth,Boys-Led All Round Growth,True
KANSHIRAM NAGAR,AMAPUR,9720210607,Pt Deendayal Upadhyay Govt Model Inter College Tharachitra,47.68,29.26,78.26,107.32,26.92,-8.33,157.14,53.85,Girls-Led,Upper_Class_Growth,Girls-Led Upper Class Growth,True
MAINPURI,GHIROR,9180206802,Late S.R.V.S.YADAV GOVERMENT INTER COLLEGE NAGLA HAAR,47.62,25.93,86.67,,31.82,50.0,216.67,-10.0,Girls-Led,Upper_Class_Growth,Girls-Led Upper Class Growth,True
VARANASI,PINDRA,9670814902,GOVT. HIGH SCHOOL CHITAIEPUR,47.56,38.89,54.35,,55.81,38.46,,,Girls-Led,All_Round_Growth,Girls-Led All Round Growth,True
VARANASI,SEWAPURI,9670404905,GOVT. HIGHSCHOOL LALPUR,47.44,30.0,65.79,,72.09,17.14,,,Girls-Led,All_Round_Growth,Girls-Led All Round Growth,True
BASTI,BAHADURPUR,9550108106,GOVT HRSEC KHALIL PATTI,47.37,60.0,39.13,,112.5,0.0,,,Boys-Led,All_Round_Growth,Boys-Led All Round Growth,True
BHADOI,SURIYAVAN,9710316203,GOVT. HIGH SCHOOL LALIPUR,47.27,18.03,83.67,,65.45,29.09,,,Girls-Led,All_Round_Growth,Girls-Led All Round Growth,True
KHERI,ISANAGAR,9230402904,govt.h.s hasan pur katauli,46.75,64.04,27.5,,70.79,20.0,,,Boys-Led,All_Round_Growth,Boys-Led All Round Growth,True
MIRZAPUR,NAGAR,9691406706,GOVT. HIGH SCHOOL JIGNAUREE,46.67,59.26,39.58,,34.78,65.52,,,Boys-Led,All_Round_Growth,Boys-Led All Round Growth,True
CHITRAKOOT,MAU,9410305004,PT DEEN DAYAL UPADHYAY GOVT MODEL I C HARDI KALA CHITRAKOOT,46.67,80.56,15.38,150.0,16.28,14.89,91.3,68.0,Boys-Led,Upper_Class_Growth,Boys-Led Upper Class Growth,True
MIRZAPUR,RAJGARH,9690603203,GOVT. U.M.V. TENDUA KALA,46.2,71.43,28.04,,26.42,73.08,,,Boys-Led,All_Round_Growth,Boys-Led All Round Growth,True
BAHRAICH,TAJWA PUR,9500703604,GOVT INTER COLLEGE RAMPURWA,46.13,36.32,61.04,82.69,30.52,45.45,53.55,48.98,Girls-Led,All_Round_Growth,Girls-Led All Round Growth,True
HAMIRPUR (U.P.),MAUDHA,9380306803,GOVT HS RIVAN,45.95,35.09,57.41,,69.81,24.14,,,Girls-Led,All_Round_Growth,Girls-Led All Round Growth,True
PRATAPGARH,KALAKANKER,9430604504,Pt Deendayal Upadhyay Govt Model Inter College Murassapur Kalakankar,45.78,52.0,36.36,-5.88,73.33,-71.43,360.0,1000.0,Boys-Led,Upper_Class_Growth,Boys-Led Upper Class Growth,True
HARDOI,PIHANI,9250204504,GOVT. H.S.S. MANIKPUR,45.65,33.93,63.89,,56.86,31.71,,,Girls-Led,All_Round_Growth,Girls-Led All Round Growth,True
SITAPUR,PISAWAN,9241508502,RAJKIYA U.M.V. MOHARNIYA,45.39,27.62,97.22,,76.56,19.48,,,Girls-Led,All_Round_Growth,Girls-Led All Round Growth,True
BAREILLY,BHUTA,9200302904,PT DEENDYAL UPADHYAY RAJKIYA MODEL INTER COLLEGE BEBAL BASANTPUR BHUTA BAREILLY,45.39,43.2,48.67,5.13,10.98,28.57,123.26,91.67,Girls-Led,Upper_Class_Growth,Girls-Led Upper Class Growth,True
SAMBHAL (BHIM NAGAR),BEHJOI,9680410105,Pt deendayal govt ic rajpur,45.16,43.83,47.01,25.71,33.71,0.0,230.0,93.18,Balanced,Upper_Class_Growth,Balanced Upper Class Growth,True
BUDAUN,JAGAT,9190601915,"GOVT. HS SCHOOL,GURGAWN,JAGAT",44.86,35.59,56.25,,21.67,74.47,,,Girls-Led,All_Round_Growth,Girls-Led All Round Growth,True
RAE BARELI,RAHI,9280103704, GOVT. HIGH SCHOOL SANAHI,44.76,36.96,50.85,,50.0,37.78,,,Girls-Led,All_Round_Growth,Girls-Led All Round Growth,True
BASTI,DUBAULIA,9551500106,GOVT GIRLS HR SEC MAHULANI,44.44,22.22,66.67,,120.69,-6.98,,,Girls-Led,All_Round_Growth,Girls-Led All Round Growth,True
GORAKHPUR,BELGHAT,9581700504,GOVT HIGH BARIGAON BELGHAT GKP,44.03,75.0,21.79,,34.21,56.9,,,Boys-Led,All_Round_Growth,Boys-Led All Round Growth,True
MUZAFFARNAGAR,JANSATH,9021201906,GOVT INTER COLLEGE MEHALKI   MUZAFFARNAGAR,43.8,72.73,27.27,75.0,32.43,-10.26,210.0,63.16,Boys-Led,Upper_Class_Growth,Boys-Led Upper Class Growth,True
SAHARANPUR,NAKUR,9010106501,GOVT. GIRL INTER COLLEGE NICHI NAKUR,43.04,68.0,31.48,,-15.0,12.0,73.68,133.33,Boys-Led,Upper_Class_Growth,Boys-Led Upper Class Growth,True
BARABANKI,BANKI,9460407105,RAJKIYA U.M.V RASOOLPUR HOUSE,42.95,6.58,77.5,,67.14,23.26,,,Girls-Led,All_Round_Growth,Girls-Led All Round Growth,True
FATEHPUR,TELIYANI,9420500305,Pt Deendayal Upadhyay Govt Model Inter College Aladatpur,42.79,38.27,45.83,,45.59,46.67,34.21,34.29,Girls-Led,Lower_Class_Growth,Girls-Led Lower Class Growth,True
AGRA,KHANDOLI,9151004506,RAJKIYA HIGH SCHOOL SAIMRA,42.64,66.0,27.85,,36.62,50.0,,,Boys-Led,All_Round_Growth,Boys-Led All Round Growth,True
HAMIRPUR (U.P.),MAUDHA,9380305803,GOVT HS PATANPUR,42.35,57.89,29.79,,62.5,24.44,,,Boys-Led,All_Round_Growth,Boys-Led All Round Growth,True
HARDOI,SHAHABAD,9251101211,GOVT. H.S.S. UDHARANPUR HARDOI,42.22,57.5,30.0,,48.08,34.21,,,Boys-Led,All_Round_Growth,Boys-Led All Round Growth,True
RAE BARELI,RAHI,9280103203,PT DEEN DAYAL UPADHYAY MODEL INTER COLLEGE,42.11,52.73,32.2,155.56,33.96,-17.28,125.0,71.7,Boys-Led,Upper_Class_Growth,Boys-Led Upper Class Growth,True
SAHARANPUR,NANAUTA,9010904804,RAJKIYA  HIGH SCHOOL KUWA KHERA,41.86,69.7,24.53,,37.21,46.51,,,Boys-Led,All_Round_Growth,Boys-Led All Round Growth,True
SIDDHARTHNAGAR,NAUGARH,9541209304,RAJKEEY U.M.V. BASAUNI,41.61,25.33,61.29,,55.13,23.73,,,Girls-Led,All_Round_Growth,Girls-Led All Round Growth,True
JALAUN,DAKOR,9350102306,PT DIN DAYAL UPDHAYAY GOVT MODEL I.C. KHAROOSA,41.01,58.18,29.76,-32.35,34.29,22.86,341.67,30.43,Boys-Led,Upper_Class_Growth,Boys-Led Upper Class Growth,True
BALLIA,MURLI CHHAPRA,9631701403,RAJKIYA U.M.V TOLA FATEH RAI BALLIA,40.85,69.44,11.43,,51.43,30.56,,,Boys-Led,All_Round_Growth,Boys-Led All Round Growth,True
ETAH,SHEETAL PUR,9171300114,PANDIT DEEN DAYAL UPADHYAY GOVT MODEL INTER COLLEGE JIRSIMI ETAH,40.82,11.76,80.65,173.91,-2.33,-4.0,90.91,112.2,Girls-Led,Upper_Class_Growth,Girls-Led Upper Class Growth,True
BALLIA,CHILKAHAR,9630404605,RAJKIY U M V BACHAIPUR,40.57,30.0,50.0,,128.12,2.7,,,Girls-Led,All_Round_Growth,Girls-Led All Round Growth,True
SHRAWASTI,SIRSIYA,9510607704,RAJKIYA HIGH SCHOOL BANTIHWA,40.48,63.38,10.91,,18.42,74.0,,,Boys-Led,All_Round_Growth,Boys-Led All Round Growth,True
BHADOI,BHADOHI,9710114304,GOVT. HIGH SCHOOL BHAGWANPUR KANEHARI,40.26,26.67,59.38,,60.61,25.0,,,Girls-Led,All_Round_Growth,Girls-Led All Round Growth,True
MORADABAD,KUNDERKI,9040706403,GOVT.HIGH SCHOOL NAGALIYA MASHKULA,39.81,42.42,38.57,,33.93,46.81,,,Balanced,All_Round_Growth,Balanced All Round Growth,True
PRAYAGRAJ,BAHARIYA,9451904506,PT D.D.U.G.M.INTER COLLEGE,39.74,21.25,46.26,36.36,77.27,9.68,19.3,55.32,Girls-Led,All_Round_Growth,Girls-Led All Round Growth,True
KHERI,ISANAGAR,9230402906,Govt.H.S lakhun,39.61,48.72,30.26,,163.33,-39.36,,,Boys-Led,All_Round_Growth,Boys-Led All Round Growth,True
KAUSHAMBI,SIRATHU,9440307709,RAJKIYA BALIKA HIGH SCHOOL KASIYA,39.44,58.7,30.21,,20.0,64.52,,,Boys-Led,All_Round_Growth,Boys-Led All Round Growth,True
VARANASI,BARAGAON,9670208203,GOVT. HIGH SCHOOL HASANPUR,39.42,45.1,33.96,,83.67,0.0,,,Boys-Led,All_Round_Growth,Boys-Led All Round Growth,True
CHANDAULI,NAUGARH,9660904504,GHS SONWAR,39.13,33.33,43.4,,40.0,37.84,,,Girls-Led,All_Round_Growth,Girls-Led All Round Growth,True
ALIGARH,KHAIR,9120805708,Pt Deendayal Upadhyay Govt Model Inter College kherasattu,38.92,44.44,32.47,-6.67,66.67,-22.97,733.33,76.19,Boys-Led,Upper_Class_Growth,Boys-Led Upper Class Growth,True
KANSHIRAM NAGAR,SORON,9721501608,GOVERNMENT HIGHSCHOOL NAMAINI KASGANJ,38.89,3.7,91.67,,41.86,36.17,,,Girls-Led,All_Round_Growth,Girls-Led All Round Growth,True
KHERI,PALIYA,9231101303,GOVT. H.S. VISHEN PURI,38.81,50.75,26.87,,37.14,40.62,,,Boys-Led,All_Round_Growth,Boys-Led All Round Growth,True
HARDOI,TANDIYAWA,9250904004,PT DEEN DAYAL UPADHAYAY RAJKIYA MODEL INTER COLLEGE SIKROHARI,38.63,31.21,50.0,65.38,49.09,25.97,80.77,10.2,Girls-Led,All_Round_Growth,Girls-Led All Round Growth,True
ETAH,AWAGARH,9170305106,PANDIT DEEN DAYAL UPADHYAY GOVT MODEL INTER COLLEGE ISAULI ETAH,38.51,38.04,39.02,-7.41,28.3,10.0,266.67,72.73,Balanced,Upper_Class_Growth,Balanced Upper Class Growth,True
BAREILLY,BHADPURA,9200605803,PT DEENDYAL UPADHYAY RAJKIYA MODEL INTER COLLEGE ALAHIYA BHADPURA NAWABGANJ BAREILLY,38.3,57.63,18.8,63.16,8.97,32.2,42.22,97.06,Boys-Led,Upper_Class_Growth,Boys-Led Upper Class Growth,True
KHERI,PALIYA,9231106503,GOV.H.S.S TIKONA FORM,38.16,47.17,17.39,,18.37,74.07,,,Boys-Led,All_Round_Growth,Boys-Led All Round Growth,True
BAHRAICH,JARWAL,9500108805,GOVT H S MUSTAFA BAD JARWAL,38.04,38.24,37.93,,41.67,34.09,,,Balanced,All_Round_Growth,Balanced All Round Growth,True
MIRZAPUR,PAHARI,9690404704,GOVT. HIGH SCHOOL TOSAWAN,38.01,18.09,62.34,,43.96,31.25,,,Girls-Led,All_Round_Growth,Girls-Led All Round Growth,True
SAHARANPUR,NAGAL,9011103706,GOVT. HIGH SCHOOL KUTUBPUR LABDOLA,37.5,27.08,47.92,,87.5,1.79,,,Girls-Led,All_Round_Growth,Girls-Led All Round Growth,True
BAHRAICH,NAWAB GANJ,9501204707,GOVT INTER COLLEGE LAKHAIYA KALAN,37.31,39.08,34.62,160.0,35.03,4.8,30.99,153.85,Balanced,Upper_Class_Growth,Balanced Upper Class Growth,True
MAHOBA,PANWARI,9390402307,PANDIT DEEN DAYAL UPADHYAY GOVT MODEL INTER COLLEGE KANKUA,37.05,38.93,35.0,,58.62,9.57,50.0,51.11,Balanced,Upper_Class_Growth,Balanced Upper Class Growth,True
KHERI,DHAURAHARA,9230305601,Govt. Girls.H.S.ADLISHPUR,36.88,26.92,55.36,,96.83,-2.06,,,Girls-Led,All_Round_Growth,Girls-Led All Round Growth,True
HAMIRPUR (U.P.),RATH,9380504004,PT. DEEN DAYAL UPADHYAY GOVT. MODEL SCH KAITHI,36.63,29.59,45.52,12.0,13.79,-27.45,220.69,100.0,Girls-Led,Upper_Class_Growth,Girls-Led Upper Class Growth,True
SHAHJAHANPUR,TILHAR,9220807002,"Government Higher Secondary School, Sahampur",36.05,20.83,55.26,,67.65,15.38,,,Girls-Led,All_Round_Growth,Girls-Led All Round Growth,True
MATHURA,GOVERDHAN,9140303304,PT DEENDAYAL UPADHYAY GOV MODEL INTER COLLEGE PADAL,36.0,38.24,34.15,116.67,55.56,-36.36,150.0,220.0,Balanced,Upper_Class_Growth,Balanced Upper Class Growth,True
MIRZAPUR,RAJGARH,9690604502,GOVT. U.M.V. KHORADEEH,36.0,51.85,23.94,,46.03,25.81,,,Boys-Led,All_Round_Growth,Boys-Led All Round Growth,True
VARANASI,CHIRAIGAON,9670709402,GOVT. HIGHSCHOOL BHOHAR,35.85,42.73,28.43,,36.45,35.24,,,Boys-Led,All_Round_Growth,Boys-Led All Round Growth,True
MORADABAD,CHAJLET,9042002405,GOVT INTER COLLEGE MANPUR MUJJAFARPUR MORADABAD,35.75,29.17,40.19,,22.22,43.14,16.67,15.62,Girls-Led,Lower_Class_Growth,Girls-Led Lower Class Growth,True
JYOTIBA PHULE NAGAR (AMROHA),HASANPUR,9062407908,RAJKIYA H.S. ALLIPUR KHADAR,35.48,60.53,18.18,,87.18,-1.85,,,Boys-Led,All_Round_Growth,Boys-Led All Round Growth,True
GORAKHPUR,GOLA,9580903909,GOVT HIGH SCHOOL GOPALPUR GOLA,35.24,24.53,46.15,,55.56,20.0,,,Girls-Led,All_Round_Growth,Girls-Led All Round Growth,True
GHAZIPUR,SAIDPUR,9650705321,GOVT. GIRLS U.M.V. KHANPUR,35.14,16.28,51.52,,63.16,5.56,,,Girls-Led,All_Round_Growth,Girls-Led All Round Growth,True
SULTANPUR,JAISINGHPUR,9491206905,Pandit Deen Dayal Upadhyay IC,34.8,21.18,53.17,17.24,-14.29,46.77,93.48,75.93,Girls-Led,Upper_Class_Growth,Girls-Led Upper Class Growth,True
JAUNPUR,RAM PUR,9641910701,GOVT. H.S. KASERU,34.78,26.83,41.18,,32.76,38.24,,,Girls-Led,All_Round_Growth,Girls-Led All Round Growth,True
KHERI,KUMBHI-GOLA,9230513702,GOVT HS GANESH PUR,34.62,19.67,55.81,,27.12,44.44,,,Girls-Led,All_Round_Growth,Girls-Led All Round Growth,True
SITAPUR,MACHHAREHTA,9240902713,RAJKIYA INTER COLLEGE - MACHREHTA,34.22,39.78,27.85,-57.14,-42.22,31.25,122.81,175.0,Boys-Led,Upper_Class_Growth,Boys-Led Upper Class Growth,True
LUCKNOW,SAROJNI NAGAR,9270707709,RAJKIYA INTER COLLEGE RAHIM NAGAR SAROJNINAGAR,34.2,41.31,27.01,,19.42,12.62,56.07,46.85,Boys-Led,Upper_Class_Growth,Boys-Led Upper Class Growth,True
KANSHIRAM NAGAR,PATIYALI,9721009103,Govt. High School Bahora,34.15,52.78,19.57,,81.25,4.0,,,Boys-Led,All_Round_Growth,Boys-Led All Round Growth,True
LALITPUR,JAKHORA,9370307504,GHS DAWNI,34.11,60.34,12.68,,34.29,33.9,,,Boys-Led,All_Round_Growth,Boys-Led All Round Growth,True
AZAMGARH,JAHANAGANJ,9612000408,GOVT HSS MITTUPUR,33.87,65.85,18.07,,71.15,6.94,,,Boys-Led,All_Round_Growth,Boys-Led All Round Growth,True
LUCKNOW,GOSHAI GANJ,9270603703,RAJKIYE HS DHAURAHRA,33.81,29.85,37.5,,61.54,9.46,,,Girls-Led,All_Round_Growth,Girls-Led All Round Growth,True
RAE BARELI,GAURA,9281002306,"GOVT. HIGHER SECONDARY SCHOOL, JALAL PUR DHAI",33.66,16.88,87.5,,-3.33,87.8,,,Girls-Led,All_Round_Growth,Girls-Led All Round Growth,True
VARANASI,ARAJILINES,9670517403,GOVT. HIGHSCHOOL BARHAINIKALA,33.33,23.4,44.19,,94.29,-5.45,,,Girls-Led,All_Round_Growth,Girls-Led All Round Growth,True
RAE BARELI,DALMAU,9281905005,PT DEEN DAYAL UPADHYAY MODEL INTER COLLEGE,33.15,41.25,26.53,44.44,34.04,-19.18,462.5,34.78,Boys-Led,Upper_Class_Growth,Boys-Led Upper Class Growth,True
HAMIRPUR (U.P.),MUSKARA,9380400416,GIC MUSKARA,33.07,30.86,35.65,120.0,25.14,26.28,64.41,10.17,Balanced,All_Round_Growth,Balanced All Round Growth,True
VARANASI,ARAJILINES,9670511402,GOVT. HIGHSCHOOL BHIKHARIPUR,32.97,52.38,16.33,,65.91,2.13,,,Boys-Led,All_Round_Growth,Boys-Led All Round Growth,True
FATEHPUR,BHITAURA,9420605504,Pt Deendayal Upadhyay Govt Model Inter College Latifpur,32.76,56.88,11.38,,37.31,50.68,-30.77,72.5,Boys-Led,Lower_Class_Growth,Boys-Led Lower Class Growth,True
SITAPUR,REUSA,9241700119,GOVT. Higher Secondary School THANGAON,32.59,20.55,46.77,,56.9,14.29,,,Girls-Led,All_Round_Growth,Girls-Led All Round Growth,True
MIRZAPUR,MAJHAWA,9691005604,GOVT. HIGH SCHOOL AAHEE,32.52,44.59,22.47,,38.55,26.25,,,Boys-Led,All_Round_Growth,Boys-Led All Round Growth,True
RAE BARELI,RAHI,9280100806,GOVT. HIGH SCHOOL BELA BHELA,32.43,40.38,25.42,,26.23,40.0,,,Boys-Led,All_Round_Growth,Boys-Led All Round Growth,True
SITAPUR,SIDHAULI,9241911203,GOVT.HIGHER SECONDARY SCHOOL SARAURA,32.16,14.77,50.6,,31.03,33.33,,,Girls-Led,All_Round_Growth,Girls-Led All Round Growth,True
MAHARAJGANJ,GHUGHLI,9570205703,GOVT HIGH SCHOOL VISHWANATHPUR GHUGHALI MAHARAJGANJ,31.68,5.66,60.42,,13.11,60.0,,,Girls-Led,All_Round_Growth,Girls-Led All Round Growth,True
MIRZAPUR,SEEKHAR,9690101005,GOVT. HIGH SCHOOL ADALPURA,31.62,45.45,23.29,,41.94,20.0,,,Boys-Led,All_Round_Growth,Boys-Led All Round Growth,True
BALRAMPUR,SHRIDUTTGANJ,9521601002,GOVT. INTER COLLEGE DARICHAURA,31.38,15.27,44.65,,-3.06,21.62,9.68,41.07,Girls-Led,Lower_Class_Growth,Girls-Led Lower Class Growth,True
BUDAUN,AASAFPUR,9191505203,"GOVT. HS SCHOOL,KORERA",31.25,88.0,5.45,,44.19,16.22,,,Boys-Led,All_Round_Growth,Boys-Led All Round Growth,True
AGRA,BAROLI AHEER,9150405004,PT.DEENDAYAL UPADHYAY GOVT. I.C BIJHAMAI,31.06,2.9,61.9,10.34,11.63,67.86,0.0,116.67,Girls-Led,Upper_Class_Growth,Girls-Led Upper Class Growth,True
MORADABAD,DILARI,9040606625,Pt Deendayal Upadhyay Govt Model Inter College Jatpura,30.87,15.48,50.77,130.77,41.94,-15.52,71.43,38.46,Girls-Led,Upper_Class_Growth,Girls-Led Upper Class Growth,True
BAHRAICH,MIHIN PURVA,9501108016,R H S CHALWA,30.63,51.22,18.57,,-6.15,82.61,,,Boys-Led,All_Round_Growth,Boys-Led All Round Growth,True
BULANDSHAHR,BULANDSHAHR,9110109402,RAJKIYA INTER COLLEGE KHETALPUR BHASAULI,30.63,76.32,6.85,,25.0,16.67,58.82,37.5,Boys-Led,Upper_Class_Growth,Boys-Led Upper Class Growth,True
MIRZAPUR,KONE,9690703307,GOVT. HIGH SCHOOL TILTHI,30.51,11.58,108.7,,40.0,18.87,,,Girls-Led,All_Round_Growth,Girls-Led All Round Growth,True
ALIGARH,CHANDAUS,9120703804,Pt Deendayal Upadhyay Govt Model Inter College,30.15,28.89,31.19,60.61,-15.79,-17.86,200.0,175.0,Balanced,Upper_Class_Growth,Balanced Upper Class Growth,True
SHAHJAHANPUR,BHAWALKHERA,9221306403,GOVT. INTER COLLAGE,30.09,24.86,36.62,276.19,-2.04,-36.04,56.14,150.0,Girls-Led,Upper_Class_Growth,Girls-Led Upper Class Growth,True
BANDA,BISANDA,9400604707,GOVT. HIGH SCHOOL RANIPUR,29.76,38.46,22.22,,77.78,-6.25,,,Boys-Led,All_Round_Growth,Boys-Led All Round Growth,True
AMBEDKAR NAGAR,KATEHARI,9480501904,PT DEENDAYAL UPADHYAY GOVT MODAL IC PAHITIPUR KHAJOORDEEH AMBEDKAR NAGAR,29.48,1.48,62.07,-100.0,83.78,-17.57,16.07,61.54,Girls-Led,All_Round_Growth,Girls-Led All Round Growth,True
JHANSI,MOTH,9360708404,PT DEEN DAYAL UPADDHYAY GOVT MODEL INTER COLLEGE KUMHRAR MOTH JHANSI,29.41,25.35,38.71,133.33,16.67,16.67,78.95,9.38,Girls-Led,Upper_Class_Growth,Girls-Led Upper Class Growth,True
HAMIRPUR (U.P.),MUSKARA,9380400112,PT DEENDYAL UPADHAYA GOVT MODEL INTER COLLEGE IMALIYA,29.21,44.35,17.07,175.86,50.78,4.32,40.48,-5.26,Boys-Led,Lower_Class_Growth,Boys-Led Lower Class Growth,True
GAUTAM BUDDHA NAGAR,DADRI,9100203403,RAJKIYA GHS SHADIPUR CHHIDOULI,29.07,11.32,57.58,,10.0,55.56,,,Girls-Led,All_Round_Growth,Girls-Led All Round Growth,True
HARDOI,BHARKHANI,9251200121,R.U.M.V.BHARKHANI,29.07,65.52,10.53,,16.67,44.74,,,Boys-Led,All_Round_Growth,Boys-Led All Round Growth,True
SHAHJAHANPUR,KANTH,9221103207,RAJKIYE UCHCHYTER MADHYMIK VIDHAYLAY JAMUNI DAULAT PUR,28.89,43.66,12.5,,55.22,2.94,,,Boys-Led,All_Round_Growth,Boys-Led All Round Growth,True
FATEHPUR,ASHOTHAR,9420903008,RAJKIYE U M V KORRA KANAK,28.75,62.07,9.8,,133.33,-24.53,,,Boys-Led,All_Round_Growth,Boys-Led All Round Growth,True
JAUNPUR,BARSATHI,9641122501,GOVT. H.S.. BABURI GAWAN,28.75,44.74,14.29,,16.33,48.39,,,Boys-Led,All_Round_Growth,Boys-Led All Round Growth,True
DEORIA,DEORIA NAGAR KSHETRA,9601502902,GOVERMENT INTER COLLEGE DEORIA,28.5,9.41,88.19,29.68,8.02,10.0,41.69,70.98,Girls-Led,Upper_Class_Growth,Girls-Led Upper Class Growth,True
PILIBHIT,LALORIKHERA,9210504211,PANDIT DEEN DAYAL UPADHYAY GOVERNMENT MODEL INTER COLLEGE KHAMARIA PUL LALORIKHER PILIBHIT,28.45,6.93,59.71,100.0,3.67,14.71,55.74,56.9,Girls-Led,Upper_Class_Growth,Girls-Led Upper Class Growth,True
KANSHIRAM NAGAR,GANJ DUNDWARA,9720407303,Pt Deendayal Upadhyay Govt Model Inter College Labhed,28.45,23.35,40.28,173.08,-33.33,-50.0,883.33,93.02,Girls-Led,Upper_Class_Growth,Girls-Led Upper Class Growth,True
PILIBHIT,BISALPUR,9210301503,"GOVERNMENT  HIGH SCHOOL, LUHICHA BISALPUR",28.41,27.69,30.43,,-2.27,59.09,,,Balanced,All_Round_Growth,Balanced All Round Growth,True
SITAPUR,PAHALA,9241300117,Pt Deen Dayal Upadhyay Rajkiya Model Inter College Akbapur,28.2,7.61,67.12,100.0,31.0,-33.52,288.57,18.75,Girls-Led,Upper_Class_Growth,Girls-Led Upper Class Growth,True
RAE BARELI,HARCHANDPUR,9280301504,G.G.H. SCHOOL BALA,28.17,51.61,21.62,,20.0,37.31,,,Boys-Led,All_Round_Growth,Boys-Led All Round Growth,True
SITAPUR,MISRIKH,9241202303,RAJKIYA BALIKA UCCHTAR MADHYAMIK SCH. BADHAIYA,28.09,17.5,36.73,,12.24,47.5,,,Girls-Led,All_Round_Growth,Girls-Led All Round Growth,True
BANDA,BISANDA,9400602708,GOVT HIGH SCHOOL BALLAN,27.71,76.92,5.26,,35.0,20.93,,,Boys-Led,All_Round_Growth,Boys-Led All Round Growth,True
PILIBHIT,BARKHERA,9210203203,PANDIT DEEN DAYAL UPADHYAY GOVERNMENT MODEL INTER COLLEGE RAMNAGAR JAGAT BARKHERA PILIBIHT,27.71,29.93,25.0,-100.0,25.0,-2.91,87.8,73.68,Balanced,Upper_Class_Growth,Balanced Upper Class Growth,True
BAREILLY,RAMNAGAR,9200104907,PT DEENDYAL UPADHYAY RAJKIYA MODEL INTER COLLEGE HARDASPUR RAMNAGAR AONLA BAREILLY,27.56,20.0,34.97,16.67,14.86,-7.45,195.83,44.19,Girls-Led,Upper_Class_Growth,Girls-Led Upper Class Growth,True
CHITRAKOOT,CHITRAKOOT,9410104506,G.I.C. GHURETANPUR,27.14,25.32,28.85,66.67,-6.67,28.67,44.78,100.0,Balanced,Upper_Class_Growth,Balanced Upper Class Growth,True
HAMIRPUR (U.P.),KURARA,9380108620,GIC KURARA,26.96,24.37,30.45,11.11,30.77,39.64,-12.16,69.57,Girls-Led,Lower_Class_Growth,Girls-Led Lower Class Growth,True
PRAYAGRAJ,MEJA,9450504705,RAJKIYA U.M.V. PIPRANWA,26.83,54.55,8.16,,20.0,31.91,,,Boys-Led,All_Round_Growth,Boys-Led All Round Growth,True
CHITRAKOOT,MAU,9410300503,GOVT. HIGH SCHOOL MANDAUR,26.72,19.3,33.9,,200.0,-31.03,,,Girls-Led,All_Round_Growth,Girls-Led All Round Growth,True
MATHURA,MATHURA,9140109105,GOVT HIGH SCHOOL BHAINSA,26.58,26.32,26.83,,13.33,44.12,,,Balanced,All_Round_Growth,Balanced All Round Growth,True
SAMBHAL (BHIM NAGAR),JUNAVAI,9680700305,Pt deendayal govt ic nadrauli,26.51,24.64,29.87,42.11,17.19,-13.04,34.62,166.67,Girls-Led,Upper_Class_Growth,Girls-Led Upper Class Growth,True
FIROZABAD,NARKHI,9161200106,GOVT. HIGH SCHOOL NARKHI 1396,26.44,19.51,32.61,,75.0,-7.84,,,Girls-Led,All_Round_Growth,Girls-Led All Round Growth,True
ALIGARH,IGLAS,9121207805,GOVT. HIGH SCHOOL JAWAR,26.09,17.54,34.48,,-5.26,87.18,,,Girls-Led,All_Round_Growth,Girls-Led All Round Growth,True
KHERI,RAMIYA BEHAR,9231307002,GOVT HS PRATAP PUR,26.06,8.7,58.0,,91.03,-53.12,,,Girls-Led,All_Round_Growth,Girls-Led All Round Growth,True
BANDA,NARAINI,9400407204,G.I.C. KALINGER,26.06,15.17,41.7,128.0,4.7,43.15,12.58,45.19,Girls-Led,All_Round_Growth,Girls-Led All Round Growth,True
GONDA,PARASPUR,9530601106,G.H.S. TYORASI,25.4,20.34,29.85,,14.06,37.1,,,Girls-Led,All_Round_Growth,Girls-Led All Round Growth,True
SIDDHARTHNAGAR,NAUGARH,9541204303,RAJKEEY INTER COLLEGE NAUGARH,25.23,7.87,42.92,-8.99,2.97,24.58,81.03,59.68,Girls-Led,Upper_Class_Growth,Girls-Led Upper Class Growth,True
SONBHADRA,DUDHI,9700201908,Govt. H.S.S. DIGHUL,25.19,13.33,34.67,,12.0,41.67,,,Girls-Led,All_Round_Growth,Girls-Led All Round Growth,True
GONDA,PANDRI KRIPAL,9530701803,G.H.S. SISAI TIKARIYA,25.0,4.0,44.44,,84.21,-9.09,,,Girls-Led,All_Round_Growth,Girls-Led All Round Growth,True
LUCKNOW,MOHAN LAL GANJ,9270508903,RAJKIYA HIGH SCHOOL PAREHTA,24.87,6.25,44.09,,60.0,4.2,,,Girls-Led,All_Round_Growth,Girls-Led All Round Growth,True
BUDAUN,QADARCHOWK,9190104602,"GOVT. INTER COLLEGE,NIZAMPUR",24.76,12.99,58.75,152.0,-14.29,6.45,28.3,63.27,Girls-Led,Upper_Class_Growth,Girls-Led Upper Class Growth,True
RAE BARELI,KHIRON,9280801003,"GOVT. GIRLS INTER COLLAGE, KHIRON",24.38,50.0,10.58,,15.09,19.23,72.0,10.0,Boys-Led,Upper_Class_Growth,Boys-Led Upper Class Growth,True
GAUTAM BUDDHA NAGAR,DANKAUR,9100309607,GOVT HIGHER SEC. SCH. SALEMPUR GURJAR,24.29,15.28,33.82,,64.38,-19.4,,,Girls-Led,All_Round_Growth,Girls-Led All Round Growth,True
SONBHADRA,DUDHI,9700206506,Govt. H.S.S. MEDNIKHAN,24.19,12.22,35.42,,-19.38,122.81,,,Girls-Led,All_Round_Growth,Girls-Led All Round Growth,True
SHAMLI (PRABUDH NAGAR),KAIRANA,9740802211,RAJKIY INTER CO KURGAN,23.76,44.0,3.92,,94.12,-36.96,62.5,30.77,Boys-Led,Upper_Class_Growth,Boys-Led Upper Class Growth,True
KAUSHAMBI,MURATGANJ,9440602503,RAJKIYA HIGH SCHOOL RASOOLPUR BADLEY,23.76,10.91,39.13,,65.91,-8.77,,,Girls-Led,All_Round_Growth,Girls-Led All Round Growth,True
HAMIRPUR (U.P.),SUMERPUR,9380207514,GOVT. HIGH SCHOOL KUCHHECHHA,23.31,15.17,31.13,,43.54,3.36,,,Girls-Led,All_Round_Growth,Girls-Led All Round Growth,True
AMBEDKAR NAGAR,KATEHARI,9480508707,RAJKEY HIGHSCHOOL ASHRAFPUR BARAWAN,23.21,8.93,37.5,,54.72,-5.08,,,Girls-Led,All_Round_Growth,Girls-Led All Round Growth,True
BANDA,MAHUWA,9400301707,GIVT. INTER COLLEGE BILGAW,22.97,21.81,24.55,87.18,12.74,10.0,43.96,12.09,Balanced,All_Round_Growth,Balanced All Round Growth,True
SONBHADRA,CHOPAN,9700106103,G. I. C. KON,22.77,8.14,44.08,77.86,-8.33,20.72,30.67,43.36,Girls-Led,Upper_Class_Growth,Girls-Led Upper Class Growth,True
BAREILLY,BHUTA,9200310603,GOVT. HIGH SCHOOL INAYATPUR,22.73,3.95,64.71,,8.06,41.67,,,Girls-Led,All_Round_Growth,Girls-Led All Round Growth,True
SAHARANPUR,PUNWARKA,9011005113,GOVT. HIGH SCHOOL SADAK DUDLEE,22.55,55.26,3.12,,26.0,19.23,,,Boys-Led,All_Round_Growth,Boys-Led All Round Growth,True
SITAPUR,SIDHAULI,9241907402,RAJKIYA U.M.V JALLABAD,22.43,20.0,25.0,,15.25,31.25,,,Balanced,All_Round_Growth,Balanced All Round Growth,True
VARANASI,CHIRAIGAON,9670700503,GOVT. HIGHSCHOOL CHHAHI,22.29,9.3,34.83,,10.53,36.25,,,Girls-Led,All_Round_Growth,Girls-Led All Round Growth,True
JYOTIBA PHULE NAGAR (AMROHA),AMROHA,9061802809,PANDIT DEEN DAYAL UPADHYAY RAJIKYA INTER COLLEGE GAJSTHAL,22.27,12.5,30.43,-5.88,33.33,-9.86,152.63,26.67,Girls-Led,Upper_Class_Growth,Girls-Led Upper Class Growth,True
BHADOI,DEEGH,9710514105,GOVT. HIGH SCHOOL BARIPUR,22.12,3.28,48.84,,20.75,23.53,,,Girls-Led,All_Round_Growth,Girls-Led All Round Growth,True
SHAHJAHANPUR,BANDA,9220603906,RAJKIYE UCHCHTAR MADHYMIK VIDHYALAY NAVICHI,22.02,31.03,11.76,,-7.27,51.85,,,Boys-Led,All_Round_Growth,Boys-Led All Round Growth,True
KANPUR NAGAR,KALYANPUR,9340301105,GOVT HIGH SCHOOL BAIKUNTHPUR,21.85,22.08,21.62,,32.39,12.5,,,Balanced,All_Round_Growth,Balanced All Round Growth,True
KHERI,ISANAGAR,9230402403,GOVT.H.S. JETHARA,21.7,10.61,40.0,,35.85,7.55,,,Girls-Led,All_Round_Growth,Girls-Led All Round Growth,True
FARRUKHABAD,RAJE PUR,9290505705,"Pt Deendayal Upadhyay Govt Model Inter College, Kankapur",21.51,23.17,20.0,-14.29,0.0,-16.67,140.0,135.29,Balanced,Upper_Class_Growth,Balanced Upper Class Growth,True
SHAHJAHANPUR,KHUTAR,9220701807,RAJKIYE UCHTAR MADMAMIK MALIKA,21.01,3.64,35.94,,26.67,15.25,,,Girls-Led,All_Round_Growth,Girls-Led All Round Growth,True
HAMIRPUR (U.P.),KURARA,9380104202,GOVT HS BILAUTA,20.95,31.82,13.11,,28.81,10.87,,,Boys-Led,All_Round_Growth,Boys-Led All Round Growth,True
SONBHADRA,NAGWA,9700604903,GOVT. HIGH SCHOOL CHICHALIK,20.83,23.26,18.87,,-11.48,77.14,,,Balanced,All_Round_Growth,Balanced All Round Growth,True
BAHRAICH,MIHIN PURVA,9501114002,R.H. SCHOOL RAMPURWA MATEHI,20.48,30.23,13.71,,-12.2,66.67,,,Boys-Led,All_Round_Growth,Boys-Led All Round Growth,True
BAHRAICH,KAISER GANJ,9500207202,R H SCHOOL UMARI KAISARGANJ,20.37,29.63,11.11,,15.52,26.0,,,Boys-Led,All_Round_Growth,Boys-Led All Round Growth,True
PRATAPGARH,BABAGANJ,9430206004,Pt Deendayal Upadhyay Govt Model Inter College Mahewa Malkiya Babaganj,20.3,37.5,3.96,-12.9,4.0,-47.47,1766.67,257.14,Boys-Led,Upper_Class_Growth,Boys-Led Upper Class Growth,True
BARABANKI,PURE DALAI,9460704103,RAJKEEY U.M.V PUREDALAI,20.2,10.2,30.0,,71.05,-11.48,,,Girls-Led,All_Round_Growth,Girls-Led All Round Growth,True
MORADABAD,BHAGATPUR TANDA,9040209802,GOVT.HIGH SCHOOL SEHAL,20.19,12.96,28.0,,34.0,7.41,,,Girls-Led,All_Round_Growth,Girls-Led All Round Growth,True
BHADOI,SURIYAVAN,9710309603,GOVT. HIGH SCHOOL HARIHARPUR,20.16,15.71,25.42,,85.71,-20.0,,,Girls-Led,All_Round_Growth,Girls-Led All Round Growth,True
AURAIYA,AURAIYA,9320100103,GOVT INTER COLLEGE AYANA  AURAIYA,20.13,13.58,27.94,-22.22,176.0,-36.84,104.76,-39.29,Girls-Led,All_Round_Growth,Girls-Led All Round Growth,True
