District,Block,Total_Schools,Growth_Schools,Decline_Schools,Recovery_Schools,Volatile_Schools,Low_Continuity_Schools,Wide_Enroll_Spread_Schools,Girls_Declining_Schools,Avg_Growth_pct,Avg_Continuity_8_9,Avg_Girls_Ratio,Block_Zone,Priority_Action_Flag
AGRA,ACCHNERA,5,1,0,2,1,0,0,0,21.74,570.34,0.624,YELLOW,False
AGRA,AKOLA,2,1,0,0,2,0,0,1,24.34,570.34,0.534,YELLOW,False
AGRA,BAH,2,0,1,0,1,0,0,2,-12.18,570.34,0.436,RED,True
AGRA,BAROLI AHEER,5,1,2,0,0,0,0,2,2.13,570.34,0.753,ORANGE,True
AGRA,BICHPURI,2,0,0,1,0,0,0,1,-1.48,570.34,0.556,YELLOW,False
AGRA,ETMADPUR,3,0,0,1,0,0,0,0,3.12,570.34,0.599,YELLOW,False
AGRA,FATEHABAD,3,0,0,1,2,0,0,1,-17.51,570.34,0.545,RED,True
AGRA,FATEHPUR  SIKRI,2,0,0,0,0,0,0,0,4.57,570.34,0.647,YELLOW,False
AGRA,JAGNER,2,0,0,1,1,0,0,0,26.76,570.34,0.5,YELLOW,False
AGRA,JAITPUR  KALAN,2,0,0,1,1,0,1,1,-10.36,570.34,0.537,RED,True
AGRA,KHANDOLI,5,1,0,1,1,0,0,0,10.31,570.34,0.644,YELLOW,False
AGRA,KHERAGARH,1,0,0,0,0,0,0,1,-6.94,570.34,1.0,ORANGE,True
AGRA,M.C.AGRA CITY,2,0,0,0,0,0,0,1,-0.71,570.34,0.5,YELLOW,False
AGRA,PINAHAT,1,0,0,0,0,0,0,0,0.0,570.34,0.509,YELLOW,False
AGRA,SAIYAN,1,0,0,1,1,0,0,0,3.57,570.34,0.638,YELLOW,False
AGRA,SHAMSHABAD,2,0,0,2,0,0,0,2,9.25,570.34,0.574,YELLOW,False
ALIGARH,AKRABAD,1,0,0,1,1,0,0,1,-26.7,570.34,0.536,RED,True
ALIGARH,ATRAULI,3,0,1,0,1,0,0,2,-27.59,570.34,0.859,RED,True
ALIGARH,BIJAULI,2,1,1,0,1,0,0,1,-17.22,570.34,0.774,RED,True
ALIGARH,CHANDAUS,4,0,0,2,0,0,0,1,6.06,570.34,0.62,YELLOW,False
ALIGARH,DHANIPUR,2,0,1,1,1,0,0,1,15.63,570.34,0.766,ORANGE,True
ALIGARH,GANGIRI,3,1,0,2,3,0,0,0,48.32,570.34,0.876,YELLOW,False
ALIGARH,GONDA,3,0,1,0,1,0,0,3,-25.66,570.34,0.53,RED,True
ALIGARH,IGLAS,3,1,0,2,1,0,0,1,12.73,570.34,0.713,YELLOW,False
ALIGARH,JAWAN,5,0,1,2,3,0,1,1,3.09,570.34,0.633,YELLOW,False
ALIGARH,KHAIR,3,0,1,0,1,0,0,2,-1.2,570.34,0.482,ORANGE,True
ALIGARH,LODHA,2,1,0,0,0,0,0,0,3.6,570.34,0.545,YELLOW,False
ALIGARH,NAGAR ALIGARH,3,0,0,0,1,0,0,1,-2.0,570.34,0.5,YELLOW,False
ALIGARH,NAGAR ATRAULI,1,0,1,0,0,0,0,1,-26.14,570.34,1.0,RED,True
ALIGARH,TAPPAL,2,0,0,2,1,0,0,0,26.22,570.34,0.75,YELLOW,False
AMBEDKAR NAGAR,AKBARPUR,7,2,0,2,4,0,0,3,38.3,570.34,0.723,YELLOW,False
AMBEDKAR NAGAR,BASKHARI,2,0,0,2,2,0,0,1,-8.52,570.34,0.635,ORANGE,True
AMBEDKAR NAGAR,BHEETI,1,1,0,0,1,0,0,0,95.18,570.34,1.0,GREEN,False
AMBEDKAR NAGAR,BHIYAON,3,1,0,2,3,0,0,0,90.59,570.34,0.488,YELLOW,False
AMBEDKAR NAGAR,JAHANGIRGANJ,4,1,0,3,4,0,0,1,30.74,570.34,0.49,YELLOW,False
AMBEDKAR NAGAR,JALALPUR,3,1,0,2,2,0,0,0,29.12,570.34,0.755,YELLOW,False
AMBEDKAR NAGAR,KATEHARI,3,1,0,2,1,0,0,0,18.21,570.34,0.557,YELLOW,False
AMBEDKAR NAGAR,RAMNAGAR,4,2,1,0,2,0,0,1,235.07,570.34,0.547,YELLOW,False
AMBEDKAR NAGAR,TANDA,4,0,0,3,1,0,0,2,-5.7,570.34,0.561,ORANGE,True
AMBEDKAR NAGAR,TANDA TOWN AREA,1,1,0,0,1,0,0,0,332.43,570.34,1.0,GREEN,False
AMETHI - CSM NAGAR,AMETHI,2,0,1,1,2,0,0,2,-37.46,570.34,0.754,RED,True
AMETHI - CSM NAGAR,BAHADURPUR,6,1,1,1,2,0,0,3,34.86,570.34,0.549,YELLOW,False
AMETHI - CSM NAGAR,BHADAR,4,0,0,2,2,0,0,2,12.59,570.34,0.692,YELLOW,False
AMETHI - CSM NAGAR,BHETUA,1,1,0,0,1,0,0,0,292.98,570.34,0.379,GREEN,False
AMETHI - CSM NAGAR,GAURIGANJ,2,0,0,1,0,0,0,1,-7.46,570.34,0.778,ORANGE,True
AMETHI - CSM NAGAR,JAGDISHPUR,4,2,1,1,2,0,0,2,-17.85,570.34,0.741,RED,True
AMETHI - CSM NAGAR,JAMO,3,1,0,0,1,0,0,0,25.12,570.34,0.577,YELLOW,False
AMETHI - CSM NAGAR,MUSAFIRKHANA,3,1,1,1,2,0,1,2,142.15,570.34,0.689,ORANGE,True
AMETHI - CSM NAGAR,SANGRAMPUR,1,0,0,1,1,0,0,0,21.43,570.34,1.0,YELLOW,False
AMETHI - CSM NAGAR,SHAHGARH,3,0,1,1,0,0,0,2,-2.3,570.34,0.698,ORANGE,True
AMETHI - CSM NAGAR,SHUKULBAZAR,1,0,0,1,0,0,0,1,-17.78,570.34,1.0,RED,True
AMETHI - CSM NAGAR,SINGHPUR,4,0,0,0,1,0,0,2,8.21,570.34,0.446,YELLOW,False
AMETHI - CSM NAGAR,TILOI,3,1,1,1,3,0,0,2,18.17,570.34,0.409,ORANGE,True
AURAIYA,ACHHALDA,2,0,0,1,1,0,0,1,-15.82,570.34,0.598,RED,True
AURAIYA,AIRWAKATRA,2,1,0,0,2,0,0,0,66.67,570.34,0.686,YELLOW,False
AURAIYA,AURAIYA,3,1,0,0,1,0,0,1,34.21,570.34,0.481,YELLOW,False
AURAIYA,BHAGYANAGAR,3,0,0,1,2,0,0,2,-10.62,570.34,0.686,RED,True
AURAIYA,BIDHUNA,2,1,0,1,2,0,0,0,82.21,570.34,0.81,YELLOW,False
AURAIYA,SAHAR,3,2,0,0,3,0,0,1,43.78,570.34,0.716,GREEN,False
AZAMGARH,ATRAULIYA,1,0,0,0,1,0,0,1,-35.04,570.34,1.0,RED,True
AZAMGARH,AZAMGRAH,1,0,0,1,1,0,0,1,-23.44,570.34,1.0,RED,True
AZAMGARH,AZMATGARH,1,0,0,0,0,0,0,0,7.5,570.34,1.0,YELLOW,False
AZAMGARH,BILARIYAGANJ,1,0,0,1,0,0,0,1,-6.32,570.34,1.0,ORANGE,True
AZAMGARH,FOOLPOOR,1,0,0,0,0,0,0,1,-8.57,570.34,0.422,ORANGE,True
AZAMGARH,HARRAIYA,3,0,2,1,3,0,0,3,-57.28,570.34,0.459,RED,True
AZAMGARH,JAHANAGANJ,2,0,1,1,1,0,0,1,3.76,570.34,0.506,ORANGE,True
AZAMGARH,LALGANJ,3,0,0,3,0,0,0,0,10.8,570.34,0.72,YELLOW,False
AZAMGARH,MAHARAJ GANJ,1,0,0,0,1,0,1,0,35.14,570.34,0.42,YELLOW,False
AZAMGARH,MIRZAPUR,1,0,0,0,0,0,0,0,2.52,570.34,1.0,YELLOW,False
AZAMGARH,MOHAMMADPUR,3,2,0,1,3,0,1,0,148.5,570.34,0.654,GREEN,False
AZAMGARH,PALHNA,1,0,0,0,1,0,0,0,66.04,570.34,0.489,YELLOW,False
AZAMGARH,PAWAE,2,0,0,2,2,0,0,1,-29.78,570.34,0.74,RED,True
AZAMGARH,SATHIYAN,1,1,0,0,1,0,0,0,,570.34,0.517,GREEN,False
AZAMGARH,TAHBERPUR,1,0,0,1,0,0,0,1,-21.88,570.34,0.6,RED,True
AZAMGARH,TARWA,1,0,0,0,0,0,0,0,28.0,570.34,1.0,YELLOW,False
AZAMGARH,THEKMA,1,0,1,0,1,0,0,1,-47.69,570.34,0.5,RED,True
BAGHPAT,BAGPAT,4,0,0,1,1,0,0,2,-2.7,570.34,0.623,YELLOW,False
BAGHPAT,BAROUT,2,0,0,0,0,0,0,0,5.21,570.34,0.75,YELLOW,False
BAGHPAT,BAROUT URBAN,1,0,0,0,0,0,0,1,-8.33,570.34,1.0,ORANGE,True
BAGHPAT,BINOLY,3,1,0,0,1,0,0,1,53.68,570.34,0.625,YELLOW,False
BAGHPAT,CHHAPROLI,5,1,0,3,3,0,0,0,37.38,570.34,0.699,YELLOW,False
BAGHPAT,KHEKRA,3,0,0,2,0,0,0,1,4.26,570.34,0.456,YELLOW,False
BAGHPAT,PILANA,3,0,0,2,2,0,0,1,4.8,570.34,0.435,YELLOW,False
BAHRAICH,BALHA,4,1,0,2,3,0,0,1,13.39,570.34,0.65,YELLOW,False
BAHRAICH,CHITTAURA,2,1,0,0,1,0,0,0,-13.15,570.34,0.528,RED,True
BAHRAICH,FAKHAR PUR,2,1,0,1,2,0,1,1,-22.64,570.34,0.735,RED,True
BAHRAICH,HUJUR PUR,6,2,0,0,5,0,0,2,28.27,570.34,0.61,YELLOW,False
BAHRAICH,JARWAL,6,2,0,2,3,0,1,1,7.81,570.34,0.586,YELLOW,False
BAHRAICH,KAISER GANJ,7,3,0,4,3,0,0,2,12.95,570.34,0.594,YELLOW,False
BAHRAICH,MAHSI,3,0,0,1,2,0,0,1,-7.92,570.34,0.491,ORANGE,True
BAHRAICH,MIHIN PURVA,7,1,0,3,6,0,0,1,25.19,570.34,0.531,YELLOW,False
BAHRAICH,NAGAR AREA,2,0,0,1,0,0,0,1,3.15,570.34,0.594,YELLOW,False
BAHRAICH,NAWAB GANJ,3,1,0,1,2,0,0,0,132.35,570.34,0.654,YELLOW,False
BAHRAICH,PAYAGPUR,3,1,0,0,2,0,0,0,28.44,570.34,0.706,YELLOW,False
BAHRAICH,RISIA,2,0,0,1,1,0,0,1,-1.67,570.34,0.485,YELLOW,False
BAHRAICH,SHIV PUR,2,1,0,1,1,0,0,1,32.29,570.34,0.438,YELLOW,False
BAHRAICH,TAJWA PUR,2,1,0,1,1,0,0,0,21.7,570.34,0.448,YELLOW,False
BAHRAICH,VISHESHWAR  GANJ,4,1,0,3,4,0,0,1,29.88,570.34,0.535,YELLOW,False
BALLIA,BAIRIA,1,0,0,0,0,0,0,0,2.46,570.34,1.0,YELLOW,False
BALLIA,BALLIA N.P.,2,0,2,0,1,0,0,1,-19.38,570.34,0.5,RED,True
BALLIA,BANSDEEH,2,0,0,1,1,0,0,0,61.52,570.34,0.796,YELLOW,False
BALLIA,BELAHARI,3,0,0,3,3,0,0,1,28.74,570.34,0.596,YELLOW,False
BALLIA,CHILKAHAR,2,0,0,0,1,0,0,0,10.28,570.34,0.594,YELLOW,False
BALLIA,DUBAHAR,1,0,0,0,0,0,0,0,20.79,570.34,1.0,YELLOW,False
BALLIA,GARWAR,3,1,0,2,3,0,0,1,35.02,570.34,0.522,YELLOW,False
BALLIA,MANIAR,1,1,0,0,1,0,0,0,123.4,570.34,0.362,GREEN,False
BALLIA,MURLI CHHAPRA,3,1,1,0,3,0,0,1,28.13,570.34,0.692,ORANGE,True
BALLIA,NAGARA,3,0,2,0,2,0,0,3,-47.09,570.34,0.418,RED,True
BALLIA,NAVANAGAR,2,1,0,1,1,0,0,0,-21.84,570.34,0.624,RED,True
BALLIA,PANDAH,2,0,1,1,2,0,0,2,-49.96,570.34,0.411,RED,True
BALLIA,RASARA,3,1,0,1,1,0,0,2,21.02,570.34,0.659,YELLOW,False
BALLIA,REVATI,2,0,0,1,1,0,0,2,-4.77,570.34,0.456,YELLOW,False
BALLIA,SEAR,3,1,0,1,2,0,0,1,14.56,570.34,0.555,YELLOW,False
BALLIA,SOHAWN,1,0,0,0,0,0,0,1,-23.75,570.34,1.0,RED,True
BALRAMPUR,BALRAMPUR,5,1,0,3,2,0,0,3,7.83,570.34,0.553,YELLOW,False
BALRAMPUR,GAINDAS BUZURG,2,1,0,1,1,0,0,0,78.61,570.34,0.422,YELLOW,False
BALRAMPUR,GAINSARI,3,0,0,2,0,0,0,1,-0.19,570.34,0.468,YELLOW,False
BALRAMPUR,HARAIYA SATGHARWA,1,1,0,0,0,0,0,0,11.94,570.34,0.453,GREEN,False
BALRAMPUR,PACHPERWA,1,0,0,1,1,0,0,0,34.62,570.34,0.6,YELLOW,False
BALRAMPUR,REHRA BAZAR,2,0,0,2,1,0,0,2,-7.17,570.34,0.553,ORANGE,True
BALRAMPUR,SHRIDUTTGANJ,4,0,1,3,2,0,0,2,-6.68,570.34,0.627,ORANGE,True
BALRAMPUR,TULSIPUR,3,1,0,1,1,0,0,1,15.49,570.34,0.507,YELLOW,False
BALRAMPUR,UTRAULA (MUN. CORP.),1,0,0,0,0,0,0,1,-14.05,570.34,1.0,RED,True
BANDA,BABERU,6,1,0,3,3,0,0,1,51.92,570.34,0.589,YELLOW,False
BANDA,BADOKHAR KHURD,6,0,1,4,1,0,0,2,-5.1,570.34,0.521,ORANGE,True
BANDA,BISANDA,6,1,1,4,3,0,0,1,4.49,570.34,0.655,YELLOW,False
BANDA,JASPURA,3,0,0,1,2,0,0,3,-12.16,570.34,0.488,RED,True
BANDA,KAMASIN,5,3,1,1,3,0,0,2,114.05,570.34,0.559,YELLOW,False
BANDA,MAHUWA,5,0,0,3,2,0,0,3,7.25,570.34,0.504,YELLOW,False
BANDA,NAGAR KSHETRA,2,0,1,1,0,0,0,1,-17.99,570.34,0.5,RED,True
BANDA,NARAINI,9,0,2,3,4,0,0,6,-9.86,570.34,0.541,ORANGE,True
BANDA,TINDWARI,6,1,1,2,1,0,0,4,6.87,570.34,0.523,YELLOW,False
BARABANKI,BANI KODAR,2,0,0,1,0,0,0,0,0.12,570.34,0.484,YELLOW,False
BARABANKI,BANKI,6,0,2,3,1,0,0,4,2.65,570.34,0.53,ORANGE,True
BARABANKI,BARABANKI CITY,2,0,0,0,0,0,0,0,-0.58,570.34,0.5,YELLOW,False
BARABANKI,DARIYA BAD,1,0,0,1,1,0,0,0,-12.12,570.34,0.647,RED,True
BARABANKI,DEWA,2,0,0,0,0,0,0,0,11.57,570.34,0.798,YELLOW,False
BARABANKI,FATEH PUR,3,1,0,0,0,0,0,1,5.81,570.34,0.654,YELLOW,False
BARABANKI,HAIDAR GARH,4,0,1,1,0,0,0,2,-4.87,570.34,0.66,YELLOW,False
BARABANKI,HARAKH,3,0,0,1,0,0,0,2,-10.85,570.34,0.846,RED,True
BARABANKI,MASAULI,3,0,0,1,2,0,0,3,-21.97,570.34,0.713,RED,True
BARABANKI,NINDURA,5,0,1,2,1,0,0,2,-10.44,570.34,0.524,RED,True
BARABANKI,PURE DALAI,2,0,0,1,2,0,0,0,20.2,570.34,0.773,YELLOW,False
BARABANKI,SIDDHAOR,1,0,1,0,1,0,0,1,-26.78,570.34,0.59,RED,True
BARABANKI,SIRAULI GAUSPUR,1,0,0,0,0,0,0,0,9.34,570.34,0.455,YELLOW,False
BARABANKI,SURAT GANJ,2,0,0,2,1,0,0,1,-11.84,570.34,0.471,RED,True
BARABANKI,TRIVEDI GANJ,2,0,0,1,0,0,0,1,8.8,570.34,0.503,YELLOW,False
BAREILLY,ALAMPUR,1,0,0,0,1,0,0,0,18.46,570.34,0.558,YELLOW,False
BAREILLY,AONLA,1,0,0,1,0,0,0,0,1.54,570.34,1.0,YELLOW,False
BAREILLY,BAHERI,5,2,0,1,2,0,0,1,9.16,570.34,0.594,YELLOW,False
BAREILLY,BAHERI TOWN,1,0,0,0,0,0,0,1,-6.03,570.34,1.0,ORANGE,True
BAREILLY,BAREILLY TOWN,2,0,0,0,0,0,0,0,-8.62,570.34,0.5,ORANGE,True
BAREILLY,BHADPURA,4,2,0,2,3,0,0,2,26.9,570.34,0.483,YELLOW,False
BAREILLY,BHOJIPURA,2,0,1,0,1,0,0,1,-22.24,570.34,0.45,RED,True
BAREILLY,BHUTA,3,1,0,1,1,0,0,0,23.76,570.34,0.481,YELLOW,False
BAREILLY,FARIDPUR,3,0,0,2,1,0,0,0,40.25,570.34,0.473,YELLOW,False
BAREILLY,FATEHGANJ,4,2,1,0,2,0,1,1,193.26,570.34,0.598,YELLOW,False
BAREILLY,KYARA,7,2,0,2,1,0,0,3,2.17,570.34,0.495,YELLOW,False
BAREILLY,MAJHGAWAN,5,1,1,2,2,0,1,2,63.73,570.34,0.445,YELLOW,False
BAREILLY,MIRGANJ,1,0,0,0,0,0,0,1,-3.12,570.34,0.516,YELLOW,False
BAREILLY,NAWABGANJ,11,3,2,2,5,0,0,3,45.71,570.34,0.647,YELLOW,False
BAREILLY,RAMNAGAR,2,1,0,1,1,0,0,0,2.97,570.34,0.578,YELLOW,False
BAREILLY,RICHHA(DAMKHODA),5,3,0,1,5,0,0,0,120.81,570.34,0.587,YELLOW,False
BAREILLY,SHERGARH,4,2,0,1,3,0,0,0,59.05,570.34,0.712,YELLOW,False
BAREILLY,VITHARI CHAINPUR,4,2,0,1,3,0,0,1,122.01,570.34,0.567,YELLOW,False
BASTI,BAHADURPUR,4,1,0,1,4,0,0,0,70.34,570.34,0.555,YELLOW,False
BASTI,BASTI SADAR,1,0,0,1,0,0,0,1,8.22,570.34,0.418,YELLOW,False
BASTI,DUBAULIA,3,0,0,3,3,0,0,1,48.4,570.34,0.55,YELLOW,False
BASTI,GAUR,4,1,1,1,4,0,0,3,-6.81,570.34,0.681,ORANGE,True
BASTI,HARRIYA,2,0,0,2,2,0,0,0,74.94,570.34,0.528,YELLOW,False
BASTI,KAPTANGANJ,1,1,0,0,1,0,0,0,105.56,570.34,0.423,GREEN,False
BASTI,KUDRAHA,1,0,0,0,1,0,0,0,40.62,570.34,0.667,YELLOW,False
BASTI,PARSHURAMPUR,2,0,0,2,0,0,0,1,-1.46,570.34,0.549,YELLOW,False
BASTI,RUDHOLI,1,0,0,1,0,0,0,0,-4.84,570.34,0.478,YELLOW,False
BASTI,SALTOVA GOPALPUR,1,0,0,0,0,0,0,0,3.74,570.34,0.586,YELLOW,False
BASTI,TOWN AREA,2,0,1,0,0,0,0,1,-24.19,570.34,0.5,RED,True
BASTI,VIKRAMJOT,1,0,0,1,1,0,0,0,35.56,570.34,1.0,YELLOW,False
BHADOI,ABHOLI,4,1,0,2,3,0,0,2,4.79,570.34,0.472,YELLOW,False
BHADOI,AURAI,10,6,0,1,8,0,0,3,59.97,570.34,0.643,YELLOW,False
BHADOI,BHADOHI,8,2,1,2,6,0,0,4,14.46,570.34,0.495,YELLOW,False
BHADOI,DEEGH,7,3,0,2,5,0,0,3,26.33,570.34,0.5,YELLOW,False
BHADOI,GYANPUR,5,3,0,1,1,0,0,1,66.96,570.34,0.494,YELLOW,False
BHADOI,SURIYAVAN,5,1,0,2,4,0,0,1,23.06,570.34,0.473,YELLOW,False
BIJNOR,AAKU(NEHTOR),3,1,0,2,2,0,0,1,20.89,570.34,0.661,YELLOW,False
BIJNOR,AFZALGRAH,7,0,3,3,3,0,1,4,5.11,570.34,0.621,ORANGE,True
BIJNOR,ALLHEPUR(DHAMPUR),5,1,2,0,3,0,0,2,52.53,570.34,0.701,ORANGE,True
BIJNOR,BIJNOR(NAGAR),2,0,2,0,0,0,0,1,-20.16,570.34,0.5,RED,True
BIJNOR,BURHANPUR(SEOHARA),1,0,0,1,1,0,0,0,-4.35,570.34,0.424,YELLOW,False
BIJNOR,DHAMPUR(NAGAR),1,0,0,0,1,0,0,0,252.46,570.34,1.0,YELLOW,False
BIJNOR,HALDAUR,3,0,1,2,1,0,0,2,2.96,570.34,0.663,ORANGE,True
BIJNOR,JALILPUR,1,0,1,0,0,0,0,1,-21.49,570.34,1.0,RED,True
BIJNOR,KIRATPUR,3,0,2,0,2,0,0,3,-32.82,570.34,0.726,RED,True
BIJNOR,KOTWALI,5,0,3,1,3,0,0,4,-27.68,570.34,0.706,RED,True
BIJNOR,MOHD.PUR DEVMAL,3,1,0,0,2,0,0,0,89.28,570.34,0.703,YELLOW,False
BIJNOR,NAJIBABAD,4,1,0,0,2,0,0,2,-31.18,570.34,0.618,RED,True
BIJNOR,NAJIBABAD(NAGAR),1,0,1,0,0,0,0,0,-22.34,570.34,0.0,RED,True
BUDAUN,AASAFPUR,1,0,0,1,1,0,0,0,31.25,570.34,0.552,YELLOW,False
BUDAUN,AMBIYAPUR,1,0,1,0,0,0,0,1,-17.54,570.34,0.5,RED,True
BUDAUN,BISAULI,4,0,3,1,3,0,0,3,-13.19,570.34,0.645,RED,True
BUDAUN,BUDAUN CITY,2,0,1,0,1,0,0,1,-25.12,570.34,0.5,RED,True
BUDAUN,DATAGANJ,2,2,0,0,1,0,0,0,14.17,570.34,1.0,GREEN,False
BUDAUN,DEHGANWAN,3,1,0,0,2,0,0,1,74.13,570.34,0.429,YELLOW,False
BUDAUN,JAGAT,5,0,0,1,1,0,0,1,17.27,570.34,0.513,YELLOW,False
BUDAUN,MIAUN,1,0,0,1,1,0,0,1,-7.14,570.34,0.5,ORANGE,True
BUDAUN,QADARCHOWK,5,3,0,1,3,0,1,0,78.46,570.34,0.54,YELLOW,False
BUDAUN,SAHASWAN CITY,1,1,0,0,1,0,0,0,112.5,570.34,1.0,GREEN,False
BUDAUN,SALARPUR,5,3,0,0,3,0,0,0,48.3,570.34,0.48,YELLOW,False
BUDAUN,SAMRER,2,0,1,1,1,0,0,1,-16.16,570.34,0.37,RED,True
BUDAUN,UJHANI,3,1,1,0,3,0,0,1,-29.44,570.34,0.491,RED,True
BUDAUN,USAWAN,1,0,0,1,1,0,0,1,-23.94,570.34,0.385,RED,True
BUDAUN,WAZEERGANJ,3,0,0,1,2,0,0,0,48.48,570.34,0.69,YELLOW,False
BULANDSHAHR,AGAUTA,1,1,0,0,1,0,0,0,127.78,570.34,0.512,GREEN,False
BULANDSHAHR,ANOOPSHAHAR,3,0,0,2,2,0,0,1,78.25,570.34,0.523,YELLOW,False
BULANDSHAHR,ARNIA,4,3,0,0,4,0,3,0,106.9,570.34,0.482,GREEN,False
BULANDSHAHR,B.B.NAGAR,2,0,0,1,1,0,0,1,30.26,570.34,0.845,YELLOW,False
BULANDSHAHR,BULANDSHAHR,6,0,0,3,0,0,1,3,3.88,570.34,0.529,YELLOW,False
BULANDSHAHR,BULANDSHAR NAGAR,2,0,0,1,1,0,0,0,22.5,570.34,0.5,YELLOW,False
BULANDSHAHR,DANPUR,5,2,0,2,3,0,0,2,38.32,570.34,0.616,YELLOW,False
BULANDSHAHR,DEBAI,6,2,0,3,4,0,0,1,27.3,570.34,0.797,YELLOW,False
BULANDSHAHR,GULAOTI,2,0,0,0,2,0,0,1,68.39,570.34,0.45,YELLOW,False
BULANDSHAHR,JAHAGIRABAD,3,1,0,2,3,0,0,0,70.34,570.34,0.561,YELLOW,False
BULANDSHAHR,KHURJA,2,2,0,0,1,0,0,0,408.73,570.34,0.546,GREEN,False
BULANDSHAHR,LAKHAWATI,2,1,0,0,1,0,0,0,20.75,570.34,0.703,YELLOW,False
BULANDSHAHR,PAHASU,4,2,0,1,2,0,0,0,118.58,570.34,0.709,YELLOW,False
BULANDSHAHR,SHIKARPUR,3,1,1,0,2,0,0,1,95.22,570.34,0.68,ORANGE,True
BULANDSHAHR,SIKANDRABAD,2,1,0,0,2,0,0,0,56.38,570.34,0.712,YELLOW,False
BULANDSHAHR,SYNA,1,0,0,0,1,0,0,0,104.0,570.34,0.725,YELLOW,False
BULANDSHAHR,UCHAGAON,3,1,0,1,3,0,0,1,46.25,570.34,0.458,YELLOW,False
CHANDAULI,BARAHANI,5,2,0,2,3,0,0,1,69.21,570.34,0.559,YELLOW,False
CHANDAULI,CHAHANIYA,1,1,0,0,1,0,0,0,62.75,570.34,0.53,GREEN,False
CHANDAULI,CHAKIYA,4,2,0,1,2,0,0,1,43.12,570.34,0.497,YELLOW,False
CHANDAULI,CHANDAULI,4,4,0,0,4,0,0,0,76.28,570.34,0.513,GREEN,False
CHANDAULI,NAUGARH,7,2,1,3,3,0,0,4,8.21,570.34,0.507,YELLOW,False
CHANDAULI,SAKALDIHA,1,0,0,0,0,0,0,0,23.18,570.34,1.0,YELLOW,False
CHANDAULI,SHAHABGANJ,4,1,0,0,1,0,0,2,0.46,570.34,0.452,YELLOW,False
CHITRAKOOT,CHITRAKOOT,5,1,0,3,0,0,0,2,-3.75,570.34,0.566,YELLOW,False
CHITRAKOOT,CHITRAKOOT (URBAN),1,0,0,0,0,0,0,0,6.59,570.34,1.0,YELLOW,False
CHITRAKOOT,MANIKPUR,6,1,1,1,3,0,0,3,7.9,570.34,0.578,YELLOW,False
CHITRAKOOT,MAU,6,0,0,3,3,0,0,2,17.26,570.34,0.519,YELLOW,False
CHITRAKOOT,PAHADI,9,1,0,4,6,0,1,2,25.76,570.34,0.566,YELLOW,False
CHITRAKOOT,RAM NAGAR,2,0,0,1,0,0,0,2,-7.52,570.34,0.754,ORANGE,True
DEORIA,BARAHAJ,3,1,1,0,2,0,0,1,9.62,570.34,0.608,ORANGE,True
DEORIA,BHATNI,1,0,0,0,0,0,0,1,-24.14,570.34,0.455,RED,True
DEORIA,BHATPAR RANI,1,0,0,0,1,0,0,0,,570.34,1.0,YELLOW,False
DEORIA,BHLUANI,1,1,0,0,1,0,0,0,,570.34,0.434,GREEN,False
DEORIA,DEORIA NAGAR KSHETRA,2,0,0,2,0,0,0,1,7.32,570.34,0.678,YELLOW,False
DEORIA,DESAHI DEORIA,1,1,0,0,1,0,0,0,414.29,570.34,0.377,GREEN,False
DEORIA,GAURI BAZAR,3,1,0,2,2,0,0,2,31.23,570.34,0.762,YELLOW,False
DEORIA,LAR,1,0,0,1,1,0,0,1,-4.17,570.34,0.652,YELLOW,False
DEORIA,PATTHRDEVA,2,0,2,0,2,0,0,2,-49.66,570.34,0.506,RED,True
DEORIA,RUDRAPUR,4,1,0,0,3,0,0,2,12.0,570.34,0.5,YELLOW,False
DEORIA,SALIMPUR,1,0,0,0,1,0,1,1,-21.43,570.34,1.0,RED,True
ETAH,ALIGANJ,3,1,0,1,2,0,0,1,61.96,570.34,0.706,YELLOW,False
ETAH,AWAGARH,3,1,0,1,2,0,0,1,25.62,570.34,0.513,YELLOW,False
ETAH,ETAH (URBAN),2,0,1,0,1,0,0,1,-24.17,570.34,0.532,RED,True
ETAH,JAITHARA,3,1,0,1,3,0,1,1,145.71,570.34,0.613,YELLOW,False
ETAH,JALESAR,1,0,0,0,0,0,0,1,-23.58,570.34,0.617,RED,True
ETAH,JALESAR (URBAN),1,0,0,0,0,0,0,1,-15.65,570.34,0.996,RED,True
ETAH,MARHARA,2,0,0,2,0,0,0,1,1.16,570.34,0.562,YELLOW,False
ETAH,NIDHAULI KALAN,5,1,0,3,3,0,0,1,43.08,570.34,0.684,YELLOW,False
ETAH,SAKEET,2,1,0,1,2,0,0,0,34.3,570.34,0.51,YELLOW,False
ETAH,SHEETAL PUR,3,0,0,2,2,0,1,0,23.65,570.34,0.76,YELLOW,False
ETAWAH,BARHPURA,1,0,1,0,0,0,0,1,-16.08,570.34,1.0,RED,True
ETAWAH,BHARTHANA,1,0,0,0,0,0,0,1,6.32,570.34,0.554,YELLOW,False
ETAWAH,CHAKARNAGAR,6,1,0,4,2,0,0,1,13.05,570.34,0.588,YELLOW,False
ETAWAH,ETAWAH NAGAR CHETRA,2,0,2,0,1,0,0,2,-22.72,570.34,0.503,RED,True
ETAWAH,JASWANT NAGAR,5,0,0,2,3,0,0,1,23.49,570.34,0.629,YELLOW,False
ETAWAH,MAHEWA,1,0,0,0,1,0,0,1,-6.7,570.34,0.545,ORANGE,True
ETAWAH,SAIFAI,4,1,0,1,2,0,0,2,18.82,570.34,0.536,YELLOW,False
ETAWAH,TAKHA,1,0,0,1,0,0,0,1,0.0,570.34,0.545,YELLOW,False
FAIZABAD,AMANIGANJ,3,1,0,1,3,0,0,1,52.64,570.34,0.885,YELLOW,False
FAIZABAD,AYODHYA TOWN AREA,3,0,3,0,1,0,0,3,-22.21,570.34,0.667,RED,True
FAIZABAD,BIKAPUR,2,0,0,0,0,0,0,0,21.02,570.34,0.798,YELLOW,False
FAIZABAD,MASAUDHA,1,0,1,0,0,0,0,1,-26.15,570.34,1.0,RED,True
FAIZABAD,MAWAI,2,0,0,1,1,0,0,0,231.74,570.34,0.573,YELLOW,False
FAIZABAD,MAYA,4,0,0,2,3,0,0,1,38.74,570.34,0.666,YELLOW,False
FAIZABAD,MILKIPUR,4,3,0,1,4,0,0,0,124.21,570.34,0.481,GREEN,False
FAIZABAD,PURA,2,1,0,0,2,0,0,1,33.33,570.34,0.456,YELLOW,False
FAIZABAD,RUDAULI,4,2,0,1,3,0,0,1,43.83,570.34,0.701,YELLOW,False
FAIZABAD,SOHAWAL,2,1,0,0,1,0,0,1,45.24,570.34,0.742,YELLOW,False
FAIZABAD,TARUN,1,0,1,0,1,0,0,1,-62.9,570.34,1.0,RED,True
FARRUKHABAD,KAMALGANJ,1,0,0,1,0,0,0,0,14.29,570.34,0.625,YELLOW,False
FARRUKHABAD,MOHAMDABAD,1,0,0,1,0,0,0,0,16.47,570.34,0.566,YELLOW,False
FARRUKHABAD,NAG. KSH.FAR.BAD,3,0,2,1,1,0,0,1,-21.99,570.34,0.333,RED,True
FARRUKHABAD,NAWABGANJ,1,0,0,0,0,0,0,0,-8.74,570.34,0.487,ORANGE,True
FARRUKHABAD,RAJE PUR,3,2,0,0,1,0,0,0,34.53,570.34,0.658,GREEN,False
FARRUKHABAD,SHAMSABAD,1,0,0,0,0,0,0,1,-18.57,570.34,0.527,RED,True
FATEHPUR,AIRAYAN,2,0,0,1,1,0,0,1,-20.3,570.34,0.453,RED,True
FATEHPUR,AMAULI,3,0,0,2,3,0,0,0,56.48,570.34,0.552,YELLOW,False
FATEHPUR,ASHOTHAR,4,0,0,2,3,0,0,1,8.99,570.34,0.657,YELLOW,False
FATEHPUR,BAHUA,4,1,0,2,2,0,0,2,18.51,570.34,0.567,YELLOW,False
FATEHPUR,BHITAURA,3,2,0,0,1,0,0,0,29.58,570.34,0.648,GREEN,False
FATEHPUR,DEOMAI,2,0,0,2,1,0,0,1,8.91,570.34,0.511,YELLOW,False
FATEHPUR,DHATA,3,1,0,2,2,0,0,1,68.08,570.34,0.52,YELLOW,False
FATEHPUR,HASAWA,4,0,0,3,1,0,0,2,17.54,570.34,0.567,YELLOW,False
FATEHPUR,HATHGAOM,3,1,0,2,1,0,0,1,27.21,570.34,0.515,YELLOW,False
FATEHPUR,KHAJUHA,3,0,0,3,2,0,0,1,10.44,570.34,0.484,YELLOW,False
FATEHPUR,MALAWAN,5,0,0,4,2,0,0,3,15.15,570.34,0.632,YELLOW,False
FATEHPUR,NAGAR BINDKI,1,0,0,1,0,0,0,0,5.47,570.34,1.0,YELLOW,False
FATEHPUR,NAGAR FATEHPUR,3,0,0,0,1,0,0,2,-17.35,570.34,0.467,RED,True
FATEHPUR,TELIYANI,4,2,0,2,3,0,0,1,59.9,570.34,0.621,YELLOW,False
FATEHPUR,VIJAIPUR,3,1,0,2,2,0,0,1,40.07,570.34,0.533,YELLOW,False
FIROZABAD,ARAWN,4,0,0,2,0,0,0,2,-3.78,570.34,0.524,YELLOW,False
FIROZABAD,EKA,3,0,0,3,2,0,0,1,26.4,570.34,0.562,YELLOW,False
FIROZABAD,FIROZABAD,3,2,0,1,1,0,0,0,24.42,570.34,0.492,GREEN,False
FIROZABAD,JASRANA,2,0,0,1,1,0,0,1,3.68,570.34,0.798,YELLOW,False
FIROZABAD,KHAIRGARH,1,0,0,0,1,0,0,0,27.03,570.34,0.574,YELLOW,False
FIROZABAD,MADANPUR,2,0,0,2,1,0,1,1,-5.26,570.34,0.816,ORANGE,True
FIROZABAD,NARKHI,1,0,0,1,1,0,0,0,26.44,570.34,0.555,YELLOW,False
FIROZABAD,SHIKOHABAD,1,0,1,0,1,0,0,1,-31.36,570.34,0.487,RED,True
FIROZABAD,TUNDLA,5,0,1,3,2,0,0,2,11.19,570.34,0.638,YELLOW,False
GAUTAM BUDDHA NAGAR,DADRI,1,1,0,0,0,0,0,0,29.07,570.34,0.468,GREEN,False
GAUTAM BUDDHA NAGAR,DANKAUR,2,0,0,2,0,0,0,0,8.36,570.34,0.468,YELLOW,False
GAUTAM BUDDHA NAGAR,VISRAKH,4,0,0,3,0,0,0,0,12.38,570.34,0.717,YELLOW,False
GHAZIABAD,BHOJPUR,6,2,0,0,2,0,0,2,53.63,570.34,0.537,YELLOW,False
GHAZIABAD,GHAZIABAD (MUN.AREA),2,0,0,0,0,0,0,1,-7.02,570.34,0.697,ORANGE,True
GHAZIABAD,LONI,2,1,0,1,2,0,0,0,,570.34,0.5,YELLOW,False
GHAZIABAD,MURAD NAGAR,1,0,0,0,0,0,0,0,-7.06,570.34,0.519,ORANGE,True
GHAZIABAD,RAZAPUR,2,0,0,0,0,0,0,1,4.56,570.34,0.442,YELLOW,False
GHAZIPUR,BHADAURA,2,2,0,0,2,0,0,0,340.28,570.34,1.0,GREEN,False
GHAZIPUR,BHAWARCOL,2,1,0,0,2,0,0,0,72.44,570.34,0.598,YELLOW,False
GHAZIPUR,BIRNO,2,0,0,2,2,0,0,1,-15.6,570.34,0.598,RED,True
GHAZIPUR,DEOKALI,3,0,0,2,1,0,0,0,29.4,570.34,0.904,YELLOW,False
GHAZIPUR,GHAZIPUR SADAR,1,1,0,0,1,0,0,0,35.09,570.34,0.597,GREEN,False
GHAZIPUR,KARANDA,2,0,0,1,1,0,0,1,19.9,570.34,0.49,YELLOW,False
GHAZIPUR,KASIMABAD,1,0,0,1,1,0,0,0,190.48,570.34,1.0,YELLOW,False
GHAZIPUR,MANIHARI,3,0,1,0,1,0,0,3,-28.94,570.34,0.666,RED,True
GHAZIPUR,MOHAMMADABAD,1,0,0,1,0,0,0,0,20.23,570.34,1.0,YELLOW,False
GHAZIPUR,NAGAR CHHETRA,2,1,0,0,1,0,0,0,-7.25,570.34,0.5,ORANGE,True
GHAZIPUR,REOTIPUR,1,1,0,0,1,0,0,0,165.12,570.34,0.667,GREEN,False
GHAZIPUR,SADAT,2,0,0,2,0,0,0,1,-0.59,570.34,0.746,YELLOW,False
GHAZIPUR,SAIDPUR,4,0,0,3,2,0,1,1,69.45,570.34,0.8,YELLOW,False
GHAZIPUR,ZAKHANIA,2,1,0,0,1,0,0,1,78.46,570.34,0.462,YELLOW,False
GHAZIPUR,ZAMANIA,1,1,0,0,0,0,0,0,35.11,570.34,1.0,GREEN,False
GONDA,BELSAR,3,1,0,0,2,0,0,0,49.47,570.34,0.547,YELLOW,False
GONDA,CHHAPIA,2,1,0,1,1,0,1,0,9.27,570.34,0.752,YELLOW,False
GONDA,COLONELGANJ,1,0,0,0,0,0,0,1,-1.82,570.34,0.537,YELLOW,False
GONDA,GONDA(MUN. CORP.),2,0,0,0,0,0,0,1,-6.93,570.34,0.5,ORANGE,True
GONDA,HALDHARMAU,1,0,0,0,0,0,0,1,-16.24,570.34,0.588,RED,True
GONDA,ITIYATHOK,1,0,0,1,1,0,0,0,81.08,570.34,0.478,YELLOW,False
GONDA,JHANJHRI,3,0,1,1,2,0,1,1,7.09,570.34,0.645,ORANGE,True
GONDA,KATRA BAZAR,1,0,0,1,1,0,0,0,18.07,570.34,0.653,YELLOW,False
GONDA,MANKAPUR,2,0,0,1,0,0,0,0,4.75,570.34,0.592,YELLOW,False
GONDA,MUJEHNA,2,0,0,1,1,0,0,0,10.76,570.34,0.67,YELLOW,False
GONDA,NAWAB GANJ,1,0,0,1,1,0,0,0,23.19,570.34,0.788,YELLOW,False
GONDA,PANDRI KRIPAL,3,0,0,2,0,0,0,0,15.17,570.34,0.647,YELLOW,False
GONDA,PARASPUR,1,1,0,0,0,0,0,0,25.4,570.34,0.551,GREEN,False
GONDA,RUPAIDEEH,1,0,0,0,0,0,0,0,0.0,570.34,0.609,YELLOW,False
GONDA,TARABGANJ,2,1,0,0,1,0,1,0,-5.56,570.34,0.649,ORANGE,True
GORAKHPUR,BAANSGAON,1,0,0,0,0,0,0,1,-20.13,570.34,1.0,RED,True
GORAKHPUR,BADHALGANJ,1,0,0,1,0,0,0,0,2.97,570.34,0.5,YELLOW,False
GORAKHPUR,BELGHAT,2,0,0,1,2,0,0,1,7.73,570.34,0.48,YELLOW,False
GORAKHPUR,BHATHAT,1,0,0,1,0,0,0,0,-3.72,570.34,0.633,YELLOW,False
GORAKHPUR,CAMPIARGANJ,4,2,0,1,4,0,0,0,159.47,570.34,0.66,YELLOW,False
GORAKHPUR,CHARGANWA,2,0,0,2,1,0,0,1,-19.45,570.34,0.602,RED,True
GORAKHPUR,GOLA,1,0,0,1,1,0,0,0,35.24,570.34,0.535,YELLOW,False
GORAKHPUR,KAUDIRAM,2,1,0,1,1,0,0,1,140.14,570.34,0.594,YELLOW,False
GORAKHPUR,KHAJNI,2,0,1,1,1,0,0,1,12.34,570.34,0.719,ORANGE,True
GORAKHPUR,KHORABAR,1,0,0,1,0,0,0,1,-4.88,570.34,0.497,YELLOW,False
GORAKHPUR,NAGAR KSHETRA,2,0,2,0,1,0,0,1,-28.12,570.34,0.5,RED,True
GORAKHPUR,PIPRAICH,1,0,0,0,0,0,0,1,-8.7,570.34,0.464,ORANGE,True
GORAKHPUR,PIPRAULI,1,0,1,0,1,0,0,1,-40.38,570.34,0.645,RED,True
GORAKHPUR,SAHJANWA,2,0,1,0,1,0,0,2,-6.91,570.34,0.458,ORANGE,True
GORAKHPUR,SARDARNAGAR,1,0,0,0,0,0,0,1,-10.48,570.34,1.0,RED,True
HAMIRPUR (U.P.),GOHAND,2,2,0,0,2,0,0,0,110.48,570.34,0.734,GREEN,False
HAMIRPUR (U.P.),KURARA,4,1,0,1,1,0,0,1,25.87,570.34,0.472,YELLOW,False
HAMIRPUR (U.P.),MAUDHA,4,3,0,1,3,0,0,1,29.59,570.34,0.614,GREEN,False
HAMIRPUR (U.P.),MUSKARA,4,1,0,2,1,0,0,1,21.01,570.34,0.46,YELLOW,False
HAMIRPUR (U.P.),NP HAMIRPUR,2,0,1,0,0,0,0,1,-10.66,570.34,0.504,RED,True
HAMIRPUR (U.P.),NP MAUDAHA,1,1,0,0,0,0,0,0,23.15,570.34,1.0,GREEN,False
HAMIRPUR (U.P.),NP RATH,1,0,1,0,0,0,0,1,-28.71,570.34,1.0,RED,True
HAMIRPUR (U.P.),RATH,3,1,0,0,1,0,0,0,20.66,570.34,0.55,YELLOW,False
HAMIRPUR (U.P.),SARILA,5,2,0,1,3,0,0,2,100.81,570.34,0.468,YELLOW,False
HAMIRPUR (U.P.),SUMERPUR,5,1,1,1,2,0,0,3,3.57,570.34,0.608,YELLOW,False
HAPUR (PANCHSHEEL NAGAR),DHAULANA,2,0,0,0,1,0,0,0,108.04,570.34,0.492,YELLOW,False
HAPUR (PANCHSHEEL NAGAR),GARH MUKTESWAR,3,0,1,1,2,0,1,2,-11.6,570.34,0.508,RED,True
HAPUR (PANCHSHEEL NAGAR),HAPUR,4,1,0,1,2,0,0,2,41.97,570.34,0.601,YELLOW,False
HAPUR (PANCHSHEEL NAGAR),SIMBHAWALI,5,2,1,2,3,0,1,3,83.23,570.34,0.489,YELLOW,False
HARDOI,AHIRORI,4,2,0,2,3,0,0,1,82.47,570.34,0.486,YELLOW,False
HARDOI,BAWAN,3,1,0,2,1,0,0,1,32.8,570.34,0.44,YELLOW,False
HARDOI,BEHANDAR,1,0,0,0,0,0,0,1,17.74,570.34,0.466,YELLOW,False
HARDOI,BHARAWAN,4,2,0,0,3,0,0,0,99.54,570.34,0.504,YELLOW,False
HARDOI,BHARKHANI,3,0,1,2,3,0,0,1,-6.88,570.34,0.704,ORANGE,True
HARDOI,BILGRAM,3,1,1,1,3,0,1,1,50.29,570.34,0.757,ORANGE,True
HARDOI,HARIYAWAN,4,0,0,3,1,0,0,2,9.54,570.34,0.391,YELLOW,False
HARDOI,HARPALPUR,1,0,0,0,0,0,0,0,6.11,570.34,0.439,YELLOW,False
HARDOI,KACHAUNA,2,0,0,1,1,0,0,0,35.25,570.34,0.393,YELLOW,False
HARDOI,KOTHAWAN,2,1,0,1,2,0,1,1,59.5,570.34,0.5,YELLOW,False
HARDOI,MADHOGANJ,2,0,0,0,2,0,0,0,90.39,570.34,0.532,YELLOW,False
HARDOI,MALLAWA,3,0,1,0,2,0,0,1,42.07,570.34,0.432,ORANGE,True
HARDOI,PIHANI,1,1,0,0,1,0,0,0,45.65,570.34,0.44,GREEN,False
HARDOI,SANDI,3,0,0,3,1,0,0,1,-4.46,570.34,0.537,YELLOW,False
HARDOI,SANDILA,1,1,0,0,1,0,0,0,66.34,570.34,0.601,GREEN,False
HARDOI,SHAHABAD,3,0,1,1,2,0,0,1,-3.94,570.34,0.537,ORANGE,True
HARDOI,SURSA,1,0,0,0,0,0,0,1,2.0,570.34,0.431,YELLOW,False
HARDOI,TANDIYAWA,5,1,0,3,2,0,0,2,16.23,570.34,0.377,YELLOW,False
HARDOI,TN.AR.  PIHANI,1,0,1,0,1,0,0,1,-32.07,570.34,1.0,RED,True
HARDOI,TN.AR. HARDOI,2,0,0,1,2,0,0,0,0.35,570.34,0.5,YELLOW,False
HARDOI,TN.AR. SANDILA,2,1,0,0,1,0,0,1,303.57,570.34,0.775,YELLOW,False
HARDOI,TONDARPUR,5,0,0,4,2,0,0,2,-9.69,570.34,0.642,ORANGE,True
HATHRAS,HASAYAN,3,0,0,3,1,0,0,2,-3.79,570.34,0.468,YELLOW,False
HATHRAS,HATHRAS,2,0,0,2,2,0,0,2,-23.83,570.34,0.564,RED,True
HATHRAS,MURSAN,2,2,0,0,2,0,0,0,106.41,570.34,0.59,GREEN,False
HATHRAS,N.P. HATHRAS,1,1,0,0,0,0,1,0,25.45,570.34,1.0,GREEN,False
HATHRAS,SADABAD,5,2,0,2,3,0,0,1,55.37,570.34,0.51,YELLOW,False
HATHRAS,SAHPAU,4,1,0,1,2,0,0,1,37.66,570.34,0.452,YELLOW,False
HATHRAS,SASNI,3,0,0,1,1,0,0,2,4.74,570.34,0.51,YELLOW,False
HATHRAS,SIKANDRA RAO,3,0,0,0,1,0,0,0,-0.75,570.34,0.53,YELLOW,False
JALAUN,DAKOR,6,1,0,2,2,0,1,1,10.82,570.34,0.532,YELLOW,False
JALAUN,JALAUN,1,0,0,1,0,0,0,1,9.09,570.34,0.333,YELLOW,False
JALAUN,KADAURA,4,0,1,0,1,0,0,3,-22.96,570.34,0.54,RED,True
JALAUN,KONCH,1,0,0,1,1,0,0,0,42.42,570.34,0.617,YELLOW,False
JALAUN,KUTHAUND,2,0,0,2,1,0,0,0,4.4,570.34,0.504,YELLOW,False
JALAUN,MADHAUGADH,1,0,0,0,0,0,0,0,9.36,570.34,1.0,YELLOW,False
JALAUN,MAHEVA,6,0,1,2,1,0,1,5,-2.73,570.34,0.583,YELLOW,False
JALAUN,NADIGAWN,2,1,0,1,1,0,0,0,35.08,570.34,0.513,YELLOW,False
JALAUN,RAMPURA,3,2,0,1,2,0,0,1,59.42,570.34,0.676,GREEN,False
JALAUN,T. A. ORAI,2,0,0,1,1,0,0,1,-1.76,570.34,0.631,YELLOW,False
JAUNPUR,BADLA PUR,2,0,0,2,2,0,0,1,-1.89,570.34,0.479,YELLOW,False
JAUNPUR,BARSATHI,1,0,0,1,0,0,0,0,28.75,570.34,0.466,YELLOW,False
JAUNPUR,BUKSHA,1,0,0,1,1,0,0,1,3.7,570.34,0.536,YELLOW,False
JAUNPUR,DHARMAPUR,1,0,0,1,1,0,0,0,47.62,570.34,0.581,YELLOW,False
JAUNPUR,DOBHI,1,0,0,1,0,0,0,0,1.18,570.34,0.419,YELLOW,False
JAUNPUR,JALALPUR,1,0,0,0,1,0,0,1,-32.97,570.34,0.705,RED,True
JAUNPUR,JAUNPUR  [NAGAR],1,1,0,0,0,0,0,0,13.0,570.34,1.0,GREEN,False
JAUNPUR,KARANJA KALA,2,0,1,1,1,0,0,1,4.59,570.34,0.46,ORANGE,True
JAUNPUR,KERAKAT,2,1,0,1,2,0,0,0,67.35,570.34,0.57,YELLOW,False
JAUNPUR,KHUTHAN,1,0,0,1,1,0,0,0,8.77,570.34,0.565,YELLOW,False
JAUNPUR,MACHHALI SHAHAR,2,1,0,1,1,0,0,0,22.95,570.34,0.814,YELLOW,False
JAUNPUR,MADIYAHUN,2,1,0,0,0,0,0,0,20.13,570.34,0.86,YELLOW,False
JAUNPUR,MAHARAJ GANJ,1,0,0,1,0,0,0,1,-13.89,570.34,0.452,RED,True
JAUNPUR,MUFTI GANJ,1,0,0,1,0,0,0,1,-11.48,570.34,0.444,RED,True
JAUNPUR,MUGRA BADSHAH PUR,2,0,0,1,2,0,0,0,81.75,570.34,0.475,YELLOW,False
JAUNPUR,RAM PUR,1,0,0,0,1,0,0,0,34.78,570.34,0.581,YELLOW,False
JAUNPUR,SHAH GANJ,3,1,0,1,2,0,1,1,25.38,570.34,0.586,YELLOW,False
JAUNPUR,SIKRARA,2,0,0,2,2,0,0,1,29.64,570.34,0.476,YELLOW,False
JAUNPUR,SIRKONI,3,1,0,1,1,0,0,1,28.35,570.34,0.735,YELLOW,False
JAUNPUR,SUITHA KALA,2,0,0,2,2,0,0,0,9.26,570.34,0.563,YELLOW,False
JAUNPUR,SUJAN GANJ,1,0,0,0,0,0,0,0,29.09,570.34,0.577,YELLOW,False
JHANSI,BABINA,7,0,2,5,1,0,0,4,3.16,570.34,0.555,YELLOW,False
JHANSI,BAMORE,3,0,1,1,2,0,1,2,-18.18,570.34,0.508,RED,True
JHANSI,BANGRA,5,0,1,1,0,0,0,3,-8.97,570.34,0.59,ORANGE,True
JHANSI,BARAGAON,4,0,1,1,1,0,0,3,-8.57,570.34,0.582,ORANGE,True
JHANSI,CHIRGAON,3,0,0,2,0,0,0,2,-4.28,570.34,0.468,YELLOW,False
JHANSI,GURSARAI,3,0,1,1,0,0,0,2,-12.47,570.34,0.635,RED,True
JHANSI,JHANSI NAGARCHETRA,2,0,0,1,0,0,0,1,0.93,570.34,0.534,YELLOW,False
JHANSI,MAURANIPUR,3,0,1,2,0,0,0,3,-13.94,570.34,0.479,RED,True
JHANSI,MAURANIPUR  N.CHETRA,1,0,0,1,0,0,0,0,7.07,570.34,1.0,YELLOW,False
JHANSI,MOTH,4,0,0,1,0,0,0,2,2.1,570.34,0.423,YELLOW,False
JYOTIBA PHULE NAGAR (AMROHA),AMROHA,3,0,0,0,1,0,0,1,27.58,570.34,0.563,YELLOW,False
JYOTIBA PHULE NAGAR (AMROHA),AMROHA CITY,2,1,1,0,0,0,0,1,1.18,570.34,0.695,ORANGE,True
JYOTIBA PHULE NAGAR (AMROHA),DHANORA,5,1,1,2,3,0,0,2,58.07,570.34,0.621,YELLOW,False
JYOTIBA PHULE NAGAR (AMROHA),GAJRAULA,4,2,0,1,2,0,0,2,19.99,570.34,0.538,YELLOW,False
JYOTIBA PHULE NAGAR (AMROHA),GANGESHWARI,3,2,1,0,1,0,0,2,85.94,570.34,0.554,ORANGE,True
JYOTIBA PHULE NAGAR (AMROHA),HASANPUR,5,1,1,2,3,0,1,1,13.5,570.34,0.486,YELLOW,False
JYOTIBA PHULE NAGAR (AMROHA),HASANPUR CITY,1,0,1,0,0,0,0,1,-18.31,570.34,1.0,RED,True
JYOTIBA PHULE NAGAR (AMROHA),JOYA,2,1,0,1,1,0,0,0,42.78,570.34,0.586,YELLOW,False
KANNAUJ,CHHIBRAMAU,3,1,0,0,2,0,0,0,91.83,570.34,0.798,YELLOW,False
KANNAUJ,GUGRAPUR,2,1,0,1,1,0,0,1,53.46,570.34,0.486,YELLOW,False
KANNAUJ,HASERAN,1,0,0,1,1,0,0,1,14.29,570.34,0.542,YELLOW,False
KANNAUJ,JALALABAD,2,0,0,1,1,0,0,1,86.86,570.34,0.572,YELLOW,False
KANNAUJ,KANNAUJ,3,1,0,2,2,0,0,1,51.78,570.34,0.446,YELLOW,False
KANNAUJ,SAURIKH,2,1,0,1,1,0,0,1,16.8,570.34,0.511,YELLOW,False
KANNAUJ,TAL GRAM,3,1,0,2,3,0,0,1,62.52,570.34,0.467,YELLOW,False
KANNAUJ,UMARDA,3,0,0,0,1,0,0,3,-11.03,570.34,0.484,RED,True
KANPUR DEHAT,AKBARPUR,1,0,0,1,1,0,0,1,-27.81,570.34,0.541,RED,True
KANPUR DEHAT,AMARAUDHA,3,1,0,0,2,0,0,0,39.23,570.34,0.744,YELLOW,False
KANPUR DEHAT,DERAPUR,1,1,0,0,1,0,0,0,43.75,570.34,0.464,GREEN,False
KANPUR DEHAT,JHINJHAK,3,2,0,1,1,0,0,0,107.52,570.34,0.494,GREEN,False
KANPUR DEHAT,MAITHA,1,1,0,0,1,0,0,0,154.55,570.34,0.393,GREEN,False
KANPUR DEHAT,MALASA,2,0,0,1,1,0,0,0,27.22,570.34,0.574,YELLOW,False
KANPUR DEHAT,RAJPUR,2,0,0,0,2,0,0,0,81.06,570.34,0.508,YELLOW,False
KANPUR DEHAT,RASULABAD,3,1,0,0,3,0,0,1,64.51,570.34,0.745,YELLOW,False
KANPUR DEHAT,SANDALPUR,1,0,0,0,0,0,0,0,19.35,570.34,0.568,YELLOW,False
KANPUR DEHAT,SARVANKHERA,2,1,0,0,1,0,0,1,-18.18,570.34,0.534,RED,True
KANPUR NAGAR,BHITERGAON,1,0,0,1,0,0,0,0,-9.68,570.34,0.583,ORANGE,True
KANPUR NAGAR,BIDHNU,1,0,1,0,0,0,0,1,-16.34,570.34,0.576,RED,True
KANPUR NAGAR,BILHAUR,2,0,0,2,2,0,0,1,11.86,570.34,0.517,YELLOW,False
KANPUR NAGAR,CHAUBEPUR,1,0,1,0,1,0,0,1,-40.64,570.34,0.486,RED,True
KANPUR NAGAR,GHATAMPUR,3,0,0,1,1,0,0,3,-20.65,570.34,0.605,RED,True
KANPUR NAGAR,KAKWAN,1,0,0,1,0,0,0,1,-4.94,570.34,0.481,YELLOW,False
KANPUR NAGAR,KALYANPUR,4,1,1,2,1,0,0,2,-5.29,570.34,0.63,ORANGE,True
KANPUR NAGAR,PATARA,2,0,0,2,1,0,0,2,-9.41,570.34,0.458,ORANGE,True
KANPUR NAGAR,PREMNAGAR,2,1,0,0,2,0,0,0,50.0,570.34,0.563,YELLOW,False
KANPUR NAGAR,SARSAUL,2,0,1,0,2,0,0,2,-37.25,570.34,0.716,RED,True
KANPUR NAGAR,SHASTRI NAGAR,1,0,1,0,0,0,0,1,-24.62,570.34,1.0,RED,True
KANPUR NAGAR,SHIVRAJPUR,1,0,0,1,1,0,0,0,9.38,570.34,0.61,YELLOW,False
KANSHIRAM NAGAR,AMAPUR,2,2,0,0,2,0,0,0,48.57,570.34,0.454,GREEN,False
KANSHIRAM NAGAR,GANJ DUNDWARA,3,3,0,0,2,0,0,0,478.74,570.34,0.467,GREEN,False
KANSHIRAM NAGAR,KASGANJ,1,0,0,0,0,0,0,1,-3.73,570.34,0.574,YELLOW,False
KANSHIRAM NAGAR,KASGANJ (URBAN),1,0,0,1,0,0,0,1,-4.22,570.34,0.999,YELLOW,False
KANSHIRAM NAGAR,PATIYALI,4,2,0,1,4,0,1,1,41.93,570.34,0.563,YELLOW,False
KANSHIRAM NAGAR,SAHAVAR,1,1,0,0,1,0,0,0,177.66,570.34,0.439,GREEN,False
KANSHIRAM NAGAR,SORON,3,2,0,0,2,0,0,1,42.95,570.34,0.536,GREEN,False
KAUSHAMBI,CHAYAL,1,1,0,0,1,0,0,0,53.85,570.34,0.625,GREEN,False
KAUSHAMBI,KADA,3,2,0,0,3,0,0,0,135.42,570.34,0.643,GREEN,False
KAUSHAMBI,KAUSHAMBI,2,1,0,0,1,0,0,0,74.89,570.34,0.56,YELLOW,False
KAUSHAMBI,MANJHANPUR,3,2,0,0,3,0,0,1,77.19,570.34,0.577,GREEN,False
KAUSHAMBI,MURATGANJ,3,1,0,0,3,0,0,0,41.34,570.34,0.543,YELLOW,False
KAUSHAMBI,NEWADA,2,1,0,1,2,0,0,1,44.38,570.34,0.446,YELLOW,False
KAUSHAMBI,SARSAWAN,4,1,0,2,4,0,0,1,44.88,570.34,0.484,YELLOW,False
KAUSHAMBI,SIRATHU,7,3,0,3,6,0,0,2,108.27,570.34,0.541,YELLOW,False
KHERI,BANKEGANJ,4,3,0,1,4,0,0,1,131.19,570.34,0.618,GREEN,False
KHERI,BEHJAM,1,0,0,1,0,0,0,1,1.25,570.34,0.494,YELLOW,False
KHERI,BIJUA,2,1,0,1,1,0,0,0,60.96,570.34,0.487,YELLOW,False
KHERI,DHAURAHARA,4,1,0,1,2,0,0,0,22.36,570.34,0.458,YELLOW,False
KHERI,ISANAGAR,5,1,0,1,2,0,0,2,21.23,570.34,0.42,YELLOW,False
KHERI,KUMBHI-GOLA,5,1,0,4,3,0,0,3,-0.51,570.34,0.467,YELLOW,False
KHERI,LAKHIMPUR,1,0,1,0,0,0,0,1,-27.33,570.34,0.993,RED,True
KHERI,LMP,2,1,0,0,0,0,0,1,1.05,570.34,0.5,YELLOW,False
KHERI,MITAULI,4,0,0,2,2,0,0,1,-19.12,570.34,0.53,RED,True
KHERI,MOHAMMADI,2,0,0,2,0,0,0,1,-7.74,570.34,0.418,ORANGE,True
KHERI,MOM,1,0,0,1,1,0,0,0,24.47,570.34,1.0,YELLOW,False
KHERI,NAKAHA,2,0,1,1,0,0,0,2,-14.12,570.34,0.448,RED,True
KHERI,NIGHASAN,6,1,0,3,2,0,0,3,-0.03,570.34,0.572,YELLOW,False
KHERI,PALIYA,5,2,1,2,4,0,0,2,0.01,570.34,0.477,YELLOW,False
KHERI,PASGAWAN,2,1,0,0,1,0,0,0,3.41,570.34,0.433,YELLOW,False
KHERI,PHOOL BEHAR,5,1,0,2,3,0,0,2,75.89,570.34,0.633,YELLOW,False
KHERI,RAMIYA BEHAR,3,0,0,2,2,0,0,0,13.85,570.34,0.459,YELLOW,False
KUSHINAGAR,DUDAHI,1,0,0,0,0,0,0,0,-12.0,570.34,0.818,RED,True
KUSHINAGAR,HATA,2,0,0,1,1,0,0,2,-21.94,570.34,0.928,RED,True
KUSHINAGAR,KASIA,1,1,0,0,1,0,0,0,,570.34,0.573,GREEN,False
KUSHINAGAR,KHADDA,6,1,0,3,6,0,0,3,32.42,570.34,0.582,YELLOW,False
KUSHINAGAR,MOTICHAK,1,1,0,0,1,0,0,0,56.52,570.34,0.708,GREEN,False
KUSHINAGAR,NAURANGIYA,1,0,0,1,0,0,1,0,15.09,570.34,0.574,YELLOW,False
KUSHINAGAR,PADARAUNA,1,0,0,1,1,0,0,0,80.65,570.34,0.562,YELLOW,False
KUSHINAGAR,PADRAUNA (URBAN),1,0,0,1,0,0,0,0,13.66,570.34,1.0,YELLOW,False
KUSHINAGAR,RAMKOLA,1,0,0,0,0,0,0,0,4.76,570.34,0.561,YELLOW,False
KUSHINAGAR,SEORAHI,4,1,0,0,2,0,0,2,49.28,570.34,0.615,YELLOW,False
KUSHINAGAR,TAMKUHI,1,0,0,1,1,0,0,0,54.04,570.34,0.637,YELLOW,False
KUSHINAGAR,VISHUNPURA,2,1,0,0,1,0,0,0,57.6,570.34,0.643,YELLOW,False
LALITPUR,BAR,5,0,1,1,3,0,0,3,-16.33,570.34,0.444,RED,True
LALITPUR,BIRDHA,8,1,1,3,6,0,0,5,-12.73,570.34,0.511,RED,True
LALITPUR,JAKHORA,8,1,1,3,2,0,0,1,8.91,570.34,0.493,YELLOW,False
LALITPUR,LALITPUR,2,0,1,1,0,0,0,1,-23.11,570.34,0.5,RED,True
LALITPUR,MADAWRA,3,0,0,2,1,0,0,1,-2.4,570.34,0.467,YELLOW,False
LALITPUR,MAHRONI,7,0,1,4,2,0,0,7,-24.39,570.34,0.523,RED,True
LALITPUR,TALBEHAT,6,2,1,2,0,0,0,4,1.63,570.34,0.42,YELLOW,False
LUCKNOW,BAKSHI KA TALAB,7,0,1,3,3,0,0,5,-15.86,570.34,0.561,RED,True
LUCKNOW,CHINHAT,3,1,1,0,2,0,1,1,86.57,570.34,0.68,ORANGE,True
LUCKNOW,GOSHAI GANJ,6,1,1,3,5,0,1,4,-3.58,570.34,0.474,YELLOW,False
LUCKNOW,KAKORI,6,1,0,1,1,0,0,2,-1.56,570.34,0.664,YELLOW,False
LUCKNOW,MAAL,4,0,1,3,2,0,0,2,3.66,570.34,0.63,YELLOW,False
LUCKNOW,MALIHABAD,4,0,0,3,1,0,0,1,-0.89,570.34,0.666,YELLOW,False
LUCKNOW,MOHAN LAL GANJ,6,0,3,1,3,0,0,4,-14.6,570.34,0.536,RED,True
LUCKNOW,"NAGAR SHAITRA, LUCKNOW",12,1,1,2,4,0,0,5,2.36,570.34,0.729,YELLOW,False
LUCKNOW,SAROJNI NAGAR,7,1,1,4,2,0,0,2,12.82,570.34,0.459,YELLOW,False
MAHARAJGANJ,BRIJMAN GANJ,2,1,0,0,2,0,0,1,121.47,570.34,0.591,YELLOW,False
MAHARAJGANJ,DHANI,1,0,0,0,1,0,0,0,-33.62,570.34,0.545,RED,True
MAHARAJGANJ,GHUGHLI,5,1,0,1,2,0,0,2,24.86,570.34,0.656,YELLOW,False
MAHARAJGANJ,LAKSHMIPUR,2,0,0,1,0,0,0,1,-1.12,570.34,0.598,YELLOW,False
MAHARAJGANJ,MAHRAJGANJ,3,1,0,1,1,0,0,1,11.27,570.34,0.737,YELLOW,False
MAHARAJGANJ,MITHOURA,3,0,0,2,1,0,0,1,52.11,570.34,0.683,YELLOW,False
MAHARAJGANJ,NICHLOUL,3,1,0,1,3,0,0,1,191.9,570.34,0.674,YELLOW,False
MAHARAJGANJ,NOUTANWA,2,0,0,0,1,0,0,1,67.36,570.34,0.812,YELLOW,False
MAHARAJGANJ,PANIYARA,3,1,0,2,3,0,0,1,49.35,570.34,0.562,YELLOW,False
MAHARAJGANJ,PARTAWAL,4,0,0,3,2,0,0,1,6.26,570.34,0.602,YELLOW,False
MAHARAJGANJ,PHARENDA,1,0,0,0,0,0,0,0,8.93,570.34,0.998,YELLOW,False
MAHOBA,CHARKHARI,4,2,0,0,2,0,0,0,50.15,570.34,0.668,YELLOW,False
MAHOBA,CHARKHARI URBAN,2,0,1,0,0,0,0,1,-12.58,570.34,0.501,RED,True
MAHOBA,JAITPUR,11,1,1,3,5,0,0,7,31.1,570.34,0.543,YELLOW,False
MAHOBA,KABRAI,9,0,1,2,0,0,0,5,-4.85,570.34,0.506,YELLOW,False
MAHOBA,NAGAR PALIKA MAHOBA,2,0,0,1,0,0,0,1,0.44,570.34,0.502,YELLOW,False
MAHOBA,PANWARI,6,2,1,2,4,0,0,3,-11.03,570.34,0.621,RED,True
MAINPURI,BARNAHAL,1,0,1,0,1,0,0,1,-70.59,570.34,0.7,RED,True
MAINPURI,BEWAR,3,0,1,1,1,0,0,1,-12.7,570.34,0.67,RED,True
MAINPURI,GHIROR,6,2,0,2,4,0,0,3,19.36,570.34,0.602,YELLOW,False
MAINPURI,JAGIR,1,0,0,1,1,0,0,0,32.69,570.34,0.652,YELLOW,False
MAINPURI,KARHAL,4,1,1,0,2,0,0,3,39.77,570.34,0.782,YELLOW,False
MAINPURI,KISHANI,1,0,0,0,0,0,0,0,4.84,570.34,1.0,YELLOW,False
MAINPURI,KURAWALI,1,0,0,1,1,0,0,0,125.0,570.34,0.496,YELLOW,False
MAINPURI,MAINPURI,4,0,2,2,2,0,0,3,-20.56,570.34,0.478,RED,True
MAINPURI,MAINPURI-CITY,1,0,1,0,0,0,0,1,-20.5,570.34,1.0,RED,True
MAINPURI,SULTANGANJ,1,0,0,1,1,0,0,0,42.86,570.34,0.613,YELLOW,False
MATHURA,BALDEO,4,1,1,0,3,0,1,2,2.73,570.34,0.638,YELLOW,False
MATHURA,CHAUMUHAN,3,1,0,1,2,0,1,0,73.87,570.34,0.506,YELLOW,False
MATHURA,CHHATA,2,0,0,0,0,0,0,1,17.05,570.34,0.568,YELLOW,False
MATHURA,FARAH,4,3,0,0,2,0,1,0,57.12,570.34,0.808,GREEN,False
MATHURA,GOVERDHAN,4,1,0,1,1,0,1,1,25.11,570.34,0.53,YELLOW,False
MATHURA,MANT,5,1,0,2,3,0,1,1,22.53,570.34,0.66,YELLOW,False
MATHURA,MATHURA,4,3,0,0,2,0,0,0,50.15,570.34,0.384,GREEN,False
MATHURA,NANDGAON,3,1,0,0,2,0,0,0,65.61,570.34,0.445,YELLOW,False
MATHURA,NOHJHEEL,2,0,0,2,2,0,0,1,20.95,570.34,0.57,YELLOW,False
MATHURA,RAYA,5,1,1,0,4,0,0,3,23.84,570.34,0.495,YELLOW,False
MAU,BADRAW,2,1,0,1,2,0,0,1,226.57,570.34,0.793,YELLOW,False
MAU,DOHRIGHAT,2,0,0,1,2,0,0,0,57.22,570.34,0.464,YELLOW,False
MAU,GHOSI,2,0,0,0,2,0,0,0,110.15,570.34,0.585,YELLOW,False
MAU,KOPAGANG,1,1,0,0,0,0,0,0,34.21,570.34,0.529,GREEN,False
MAU,MOHAMMADABAD,2,0,0,0,1,0,0,0,18.75,570.34,0.577,YELLOW,False
MAU,NAGAR KSHETRA MAU,1,0,0,0,1,0,0,0,25.85,570.34,0.995,YELLOW,False
MAU,PARDAHA,1,0,0,0,1,0,0,0,68.75,570.34,0.593,YELLOW,False
MAU,RANIPUR,1,1,0,0,1,0,0,0,135.09,570.34,0.582,GREEN,False
MAU,RATANPURA,5,1,0,1,4,0,0,1,25.08,570.34,0.52,YELLOW,False
MEERUT,DAURALA,3,0,0,2,1,0,0,0,13.77,570.34,0.481,YELLOW,False
MEERUT,HASTINAPUR,5,1,0,2,1,0,1,3,-4.2,570.34,0.386,YELLOW,False
MEERUT,JANI,3,1,0,1,2,0,0,1,-25.81,570.34,0.354,RED,True
MEERUT,KHARKHODA,8,2,2,1,5,0,0,1,47.15,570.34,0.453,YELLOW,False
MEERUT,MACHRA,4,1,0,1,2,0,0,1,55.82,570.34,0.739,YELLOW,False
MEERUT,MAWANA,3,0,0,2,1,0,0,1,21.02,570.34,0.467,YELLOW,False
MEERUT,MEERUT,2,1,0,1,2,0,0,0,30.12,570.34,0.692,YELLOW,False
MEERUT,MEERUT NAGAR,4,0,2,0,2,0,0,2,-19.1,570.34,0.514,RED,True
MEERUT,PARIKSHIT GARH,5,1,1,1,2,0,1,2,32.99,570.34,0.648,YELLOW,False
MEERUT,RAJPURA,3,1,0,1,2,0,0,1,127.08,570.34,0.725,YELLOW,False
MEERUT,ROHTA,3,1,0,2,2,0,0,2,1.78,570.34,0.473,YELLOW,False
MEERUT,SARDHANA,3,0,0,1,1,0,0,1,21.41,570.34,0.571,YELLOW,False
MEERUT,SARURPUR,6,2,0,1,4,0,1,3,76.83,570.34,0.476,YELLOW,False
MIRZAPUR,CHHANBEY,7,2,0,3,5,0,0,0,80.85,570.34,0.538,YELLOW,False
MIRZAPUR,HALIA,10,1,0,3,4,0,0,3,25.09,570.34,0.564,YELLOW,False
MIRZAPUR,JAMALPUR,2,0,0,0,0,0,0,1,-1.09,570.34,0.529,YELLOW,False
MIRZAPUR,KONE,6,4,0,1,5,0,0,0,51.64,570.34,0.554,GREEN,False
MIRZAPUR,LALGANJ,7,4,0,1,4,0,0,1,45.01,570.34,0.559,YELLOW,False
MIRZAPUR,MAJHAWA,3,0,0,0,0,0,0,1,0.53,570.34,0.658,YELLOW,False
MIRZAPUR,MARIHAN,3,1,0,2,1,0,0,2,-4.76,570.34,0.576,YELLOW,False
MIRZAPUR,NAGAR,6,1,0,0,4,0,0,2,43.14,570.34,0.552,YELLOW,False
MIRZAPUR,NAGAR PALIKA,3,0,2,0,2,0,0,1,-20.11,570.34,0.667,RED,True
MIRZAPUR,NARAYANPUR,1,0,1,0,0,0,0,1,-18.49,570.34,1.0,RED,True
MIRZAPUR,PAHARI,6,0,2,3,4,0,1,3,-4.56,570.34,0.492,ORANGE,True
MIRZAPUR,RAJGARH,4,2,0,2,3,0,0,1,40.11,570.34,0.554,YELLOW,False
MIRZAPUR,SEEKHAR,3,0,0,3,2,0,0,0,43.39,570.34,0.686,YELLOW,False
MORADABAD,BHAGATPUR TANDA,5,1,0,2,3,0,0,2,-1.71,570.34,0.59,YELLOW,False
MORADABAD,BILARI,7,3,0,3,5,0,1,1,31.29,570.34,0.566,YELLOW,False
MORADABAD,CHAJLET,7,1,2,3,3,0,0,5,-10.12,570.34,0.628,RED,True
MORADABAD,DILARI,5,3,0,0,4,0,0,0,75.89,570.34,0.561,YELLOW,False
MORADABAD,KUNDERKI,6,1,0,3,3,0,0,2,1.51,570.34,0.67,YELLOW,False
MORADABAD,MORADABAD,5,3,1,0,3,0,0,0,-4.97,570.34,0.611,YELLOW,False
MORADABAD,MORADABAD CITY BOYS,1,0,0,0,1,0,0,1,-28.39,570.34,0.46,RED,True
MORADABAD,MORADABAD CITY GIRLS,1,0,0,0,0,0,0,0,1.5,570.34,1.0,YELLOW,False
MORADABAD,MUNDAPANDAY,6,2,0,3,3,0,0,2,33.41,570.34,0.511,YELLOW,False
MORADABAD,THAKURDWARA,7,3,0,1,5,0,0,3,47.77,570.34,0.581,YELLOW,False
MUZAFFARNAGAR,BAGHRA,3,1,1,1,2,0,1,1,-4.4,570.34,0.485,ORANGE,True
MUZAFFARNAGAR,BUDHANA,10,4,0,3,8,0,0,2,36.7,570.34,0.501,YELLOW,False
MUZAFFARNAGAR,CHARTHAWAL,3,0,1,0,1,0,0,1,-13.55,570.34,0.558,RED,True
MUZAFFARNAGAR,JANSATH,9,5,0,2,6,0,0,2,36.08,570.34,0.558,YELLOW,False
MUZAFFARNAGAR,KHATAULI,3,0,1,1,1,0,0,3,-16.87,570.34,0.736,RED,True
MUZAFFARNAGAR,MORNA,4,0,0,1,1,0,0,3,-7.77,570.34,0.467,ORANGE,True
MUZAFFARNAGAR,PURKAJI,5,0,2,3,3,0,0,5,-3.02,570.34,0.413,ORANGE,True
MUZAFFARNAGAR,SADAR,5,3,0,0,4,0,0,2,164.76,570.34,0.448,YELLOW,False
MUZAFFARNAGAR,SADAR [TOWN AREA],1,0,0,0,1,0,0,0,-30.1,570.34,0.109,RED,True
MUZAFFARNAGAR,SHAHPUR,5,1,0,0,2,0,0,2,-0.16,570.34,0.572,YELLOW,False
PILIBHIT,AMARIA,8,2,0,2,5,0,0,3,-11.89,570.34,0.543,RED,True
PILIBHIT,BARKHERA,4,0,1,0,0,0,0,1,4.46,570.34,0.619,YELLOW,False
PILIBHIT,BILSANDA,5,0,0,2,0,0,0,3,-8.41,570.34,0.56,ORANGE,True
PILIBHIT,BISALPUR,2,0,0,1,1,0,0,1,-8.31,570.34,0.382,ORANGE,True
PILIBHIT,LALORIKHERA,2,0,0,0,0,0,0,1,9.57,570.34,0.466,YELLOW,False
PILIBHIT,MARORI,4,0,0,3,2,0,0,2,-12.81,570.34,0.514,RED,True
PILIBHIT,N. P. PILIBHIT,3,1,0,0,1,0,0,1,102.29,570.34,0.604,YELLOW,False
PILIBHIT,PURANPUR,7,2,3,1,5,0,0,3,-8.91,570.34,0.623,ORANGE,True
PRATAPGARH,AASPUR-DEOSARA,5,1,0,4,4,0,0,0,54.59,570.34,0.671,YELLOW,False
PRATAPGARH,BABA BHELKHARNATH,2,1,0,0,2,0,0,0,79.6,570.34,0.52,YELLOW,False
PRATAPGARH,BABAGANJ,2,0,0,1,1,0,0,0,146.52,570.34,0.453,YELLOW,False
PRATAPGARH,BIHAR,3,0,1,1,1,0,0,2,2.36,570.34,0.593,ORANGE,True
PRATAPGARH,CITY(PRATAPGARH BELHA),2,0,1,1,0,0,0,1,-14.02,570.34,0.5,RED,True
PRATAPGARH,GAURA,5,1,0,3,2,0,0,2,32.04,570.34,0.624,YELLOW,False
PRATAPGARH,KALAKANKER,3,0,0,2,2,0,0,1,7.64,570.34,0.603,YELLOW,False
PRATAPGARH,LALGANJ,1,0,0,1,1,0,0,1,-21.79,570.34,1.0,RED,True
PRATAPGARH,LAXMANPUR,2,0,0,2,1,0,0,1,24.08,570.34,0.532,YELLOW,False
PRATAPGARH,MANDHATA,2,0,1,1,1,0,0,2,-26.74,570.34,0.717,RED,True
PRATAPGARH,MANGRAURA,3,2,0,1,3,0,1,0,101.78,570.34,0.478,GREEN,False
PRATAPGARH,PATTI,3,1,0,0,1,0,0,1,37.22,570.34,0.744,YELLOW,False
PRATAPGARH,SADAR,1,1,0,0,1,0,0,0,,570.34,0.381,GREEN,False
PRATAPGARH,SADWA-CHANDRIKA,2,1,0,0,2,0,0,1,8.62,570.34,0.467,YELLOW,False
PRATAPGARH,SANGIPUR,3,1,0,2,3,0,0,2,34.37,570.34,0.8,YELLOW,False
PRATAPGARH,SHIVGARH,4,0,0,1,3,0,0,1,77.69,570.34,0.562,YELLOW,False
PRAYAGRAJ,BAHARIYA,2,0,0,2,2,0,0,1,18.61,570.34,0.671,YELLOW,False
PRAYAGRAJ,CHAKA,3,0,2,1,0,0,0,2,-12.82,570.34,0.515,RED,True
PRAYAGRAJ,DHANUPUR,1,1,0,0,1,0,0,0,64.0,570.34,1.0,GREEN,False
PRAYAGRAJ,HANDIA,2,0,1,0,1,0,0,1,-7.67,570.34,0.804,ORANGE,True
PRAYAGRAJ,JASARA,2,0,0,1,0,0,0,1,-2.93,570.34,0.752,YELLOW,False
PRAYAGRAJ,KARCHHANA,1,0,0,0,0,0,0,0,4.46,570.34,1.0,YELLOW,False
PRAYAGRAJ,KORAON,3,2,1,0,2,0,0,1,20.19,570.34,0.589,ORANGE,True
PRAYAGRAJ,MANDA,4,0,1,0,2,0,0,2,-11.73,570.34,0.549,RED,True
PRAYAGRAJ,MAUAIMA,1,0,0,1,1,0,0,1,40.54,570.34,0.385,YELLOW,False
PRAYAGRAJ,MEJA,2,0,0,1,2,0,0,0,286.14,570.34,0.481,YELLOW,False
PRAYAGRAJ,NAGAR CHHETRA,4,1,2,0,0,0,0,1,-2.09,570.34,0.75,ORANGE,True
PRAYAGRAJ,PHOOLPUR,2,0,0,1,0,0,0,2,-5.78,570.34,0.752,ORANGE,True
PRAYAGRAJ,PRATAP PUR,1,0,0,0,0,0,0,0,32.0,570.34,0.586,YELLOW,False
PRAYAGRAJ,SAIDABAD,1,1,0,0,0,0,0,0,36.41,570.34,1.0,GREEN,False
PRAYAGRAJ,SHANKAR GARH,3,2,0,1,2,0,0,0,58.2,570.34,0.808,GREEN,False
PRAYAGRAJ,SORAON,1,0,0,1,0,0,0,0,2.79,570.34,0.553,YELLOW,False
PRAYAGRAJ,URUWA,2,0,0,1,1,0,0,1,-6.67,570.34,0.698,ORANGE,True
RAE BARELI,AMAWAN,3,2,0,0,1,0,0,1,-0.92,570.34,0.68,YELLOW,False
RAE BARELI,BACHHRAWAN,2,2,0,0,1,0,1,0,10.0,570.34,0.791,GREEN,False
RAE BARELI,CHHATOH,3,0,1,0,2,0,0,2,0.1,570.34,0.697,ORANGE,True
RAE BARELI,DALMAU,1,1,0,0,0,0,0,0,33.15,570.34,0.523,GREEN,False
RAE BARELI,DEEH,3,0,0,0,0,0,0,2,0.06,570.34,0.576,YELLOW,False
RAE BARELI,GAURA,2,0,1,1,1,0,0,1,10.15,570.34,0.666,ORANGE,True
RAE BARELI,HARCHANDPUR,3,1,1,0,1,0,0,2,-7.69,570.34,0.658,ORANGE,True
RAE BARELI,JAGATPUR,2,1,0,1,1,0,0,1,40.98,570.34,0.586,YELLOW,False
RAE BARELI,KHIRON,3,1,0,1,0,0,0,0,12.54,570.34,0.551,YELLOW,False
RAE BARELI,LALGANJ,2,0,0,0,0,0,0,0,-0.66,570.34,0.844,YELLOW,False
RAE BARELI,MAHRAJGANJ,5,2,1,0,2,0,0,2,18.16,570.34,0.624,YELLOW,False
RAE BARELI,NAGAR SHETRA (RBL),3,0,2,1,0,0,0,2,-9.81,570.34,0.706,RED,True
RAE BARELI,RAHI,3,0,0,1,3,0,0,0,39.77,570.34,0.523,YELLOW,False
RAE BARELI,ROHANIYA,3,1,0,1,2,0,0,2,37.61,570.34,0.547,YELLOW,False
RAE BARELI,SALON,2,0,0,0,1,0,0,2,-21.64,570.34,0.794,RED,True
RAE BARELI,SARENI,1,0,0,1,1,0,0,0,18.07,570.34,0.469,YELLOW,False
RAE BARELI,SATAON,2,1,0,0,1,0,0,1,3.25,570.34,0.782,YELLOW,False
RAE BARELI,SHIVGARH,2,0,1,0,1,0,0,1,-20.93,570.34,0.566,RED,True
RAMPUR,BILASPUR,7,1,3,0,3,0,0,3,-1.07,570.34,0.543,ORANGE,True
RAMPUR,CHAMRAUVA,4,2,0,2,3,0,0,0,95.7,570.34,0.641,YELLOW,False
RAMPUR,MILAK,1,0,1,0,0,0,0,1,-13.6,570.34,0.478,RED,True
RAMPUR,SAID NAGAR,5,3,0,1,3,0,0,0,166.52,570.34,0.553,YELLOW,False
RAMPUR,SHAHBAD,7,2,2,0,2,0,1,2,43.63,570.34,0.524,YELLOW,False
RAMPUR,SUAR,9,3,0,3,3,0,0,3,7.67,570.34,0.663,YELLOW,False
RAMPUR,TOWN AREA RAMPUR,10,0,2,2,4,0,1,2,43.59,570.34,0.47,YELLOW,False
SAHARANPUR,BALIA KHEDI,3,0,2,1,1,0,0,3,-16.76,570.34,0.692,RED,True
SAHARANPUR,DEOBAND,5,0,0,3,3,0,0,3,26.59,570.34,0.478,YELLOW,False
SAHARANPUR,GANGOH,7,1,0,2,3,0,0,1,11.34,570.34,0.568,YELLOW,False
SAHARANPUR,MUZAFFARABAD,8,1,0,4,3,0,2,4,31.68,570.34,0.501,YELLOW,False
SAHARANPUR,NAGAL,4,0,0,1,2,0,0,0,30.73,570.34,0.56,YELLOW,False
SAHARANPUR,NAKUR,8,1,2,3,2,0,0,1,7.89,570.34,0.663,YELLOW,False
SAHARANPUR,NANAUTA,4,1,0,1,1,0,0,2,17.0,570.34,0.557,YELLOW,False
SAHARANPUR,PUNWARKA,9,3,1,3,2,0,0,2,12.75,570.34,0.705,YELLOW,False
SAHARANPUR,RAMPUR MANIHARAN,2,0,0,1,0,0,0,1,2.43,570.34,0.592,YELLOW,False
SAHARANPUR,SADHOLI KADIM,5,0,0,3,3,0,1,0,27.06,570.34,0.407,YELLOW,False
SAHARANPUR,SARSAVA,5,2,0,0,2,0,1,1,16.85,570.34,0.558,YELLOW,False
SAHARANPUR,T.A. DEOBAND,1,0,0,0,0,0,0,0,6.61,570.34,1.0,YELLOW,False
SAHARANPUR,T.A. SAHAHRANPUR,3,1,0,2,1,0,1,0,55.24,570.34,0.667,YELLOW,False
SAMBHAL (BHIM NAGAR),ASMOLI,3,1,0,1,1,0,0,1,-16.22,570.34,0.547,RED,True
SAMBHAL (BHIM NAGAR),BANIYAKHERA,2,0,0,0,0,0,0,1,-3.14,570.34,0.52,YELLOW,False
SAMBHAL (BHIM NAGAR),BEHJOI,2,1,0,0,1,0,0,0,22.44,570.34,0.418,YELLOW,False
SAMBHAL (BHIM NAGAR),GUNNOR,1,1,0,0,1,0,1,0,,570.34,0.402,GREEN,False
SAMBHAL (BHIM NAGAR),JUNAVAI,1,1,0,0,0,0,0,0,26.51,570.34,0.368,GREEN,False
SAMBHAL (BHIM NAGAR),PAWANSA,2,2,0,0,2,0,0,0,186.67,570.34,0.633,GREEN,False
SAMBHAL (BHIM NAGAR),RAJPURA,1,1,0,0,1,0,1,0,,570.34,0.298,GREEN,False
SAMBHAL (BHIM NAGAR),SAMBHAL,3,3,0,0,2,0,0,0,39.54,570.34,0.674,GREEN,False
SAMBHAL (BHIM NAGAR),SAMBHAL CITY,2,0,0,0,1,0,1,0,37.46,570.34,0.526,YELLOW,False
SANT KABIR NAGAR,BAGHAULI,5,2,0,1,4,0,0,0,111.97,570.34,0.564,YELLOW,False
SANT KABIR NAGAR,BELHAR KALA,1,0,0,0,0,0,0,0,-5.62,570.34,0.563,ORANGE,True
SANT KABIR NAGAR,HAINSAR BAZAR,2,1,0,0,1,0,0,1,24.44,570.34,0.542,YELLOW,False
SANT KABIR NAGAR,KHALILABAD,3,0,0,1,0,0,0,1,3.01,570.34,0.721,YELLOW,False
SANT KABIR NAGAR,MEHNDAVAL,1,1,0,0,1,0,1,0,,570.34,0.54,GREEN,False
SANT KABIR NAGAR,NATHNAGAR,1,1,0,0,1,0,0,0,78.95,570.34,0.647,GREEN,False
SANT KABIR NAGAR,PAULI,1,0,1,0,0,0,0,1,-18.59,570.34,0.567,RED,True
SANT KABIR NAGAR,SANTHA,1,0,0,0,1,0,0,0,,570.34,0.308,YELLOW,False
SANT KABIR NAGAR,SEMARINYAVA,5,1,0,1,3,0,0,3,-19.17,570.34,0.469,RED,True
SHAHJAHANPUR,BANDA,5,1,0,3,1,0,0,3,-9.43,570.34,0.437,ORANGE,True
SHAHJAHANPUR,BHAWALKHERA,3,0,0,1,1,0,0,1,1.56,570.34,0.467,YELLOW,False
SHAHJAHANPUR,DADRAUL,8,3,0,1,3,0,0,1,34.12,570.34,0.588,YELLOW,False
SHAHJAHANPUR,JAITIPUR,2,0,0,2,0,0,0,1,12.64,570.34,0.518,YELLOW,False
SHAHJAHANPUR,JALALABAD,3,1,1,0,3,0,0,2,15.96,570.34,0.485,ORANGE,True
SHAHJAHANPUR,KALAN,4,1,0,2,2,0,0,1,68.41,570.34,0.463,YELLOW,False
SHAHJAHANPUR,KANTH,5,2,0,3,1,0,0,1,16.95,570.34,0.431,YELLOW,False
SHAHJAHANPUR,KATRA KHUDAGANJ,2,1,0,0,1,0,0,0,24.75,570.34,0.585,YELLOW,False
SHAHJAHANPUR,KHUTAR,2,1,0,0,0,0,0,1,5.39,570.34,0.56,YELLOW,False
SHAHJAHANPUR,MADNAPUR,2,0,0,2,0,0,0,0,7.63,570.34,0.412,YELLOW,False
SHAHJAHANPUR,MIRJAPUR,2,0,0,1,0,0,0,0,19.17,570.34,0.591,YELLOW,False
SHAHJAHANPUR,NIGOHI,2,0,0,2,2,0,0,1,7.68,570.34,0.464,YELLOW,False
SHAHJAHANPUR,PUWAYA,4,1,0,2,0,0,0,0,14.56,570.34,0.682,YELLOW,False
SHAHJAHANPUR,SINDHAULI,3,1,1,1,2,0,0,1,7.96,570.34,0.47,ORANGE,True
SHAHJAHANPUR,T.A.SHAHJAHANPUR,2,0,0,0,0,0,0,1,-1.62,570.34,0.5,YELLOW,False
SHAHJAHANPUR,TILHAR,5,0,0,3,2,0,0,1,15.43,570.34,0.65,YELLOW,False
SHAMLI (PRABUDH NAGAR),KAIRANA,4,1,1,2,2,0,0,1,31.49,570.34,0.591,YELLOW,False
SHAMLI (PRABUDH NAGAR),KANDHLA,3,1,0,1,1,0,0,2,27.86,570.34,0.522,YELLOW,False
SHAMLI (PRABUDH NAGAR),KANDHLA [TOWN AREA],1,0,1,0,0,0,0,1,-15.58,570.34,1.0,RED,True
SHAMLI (PRABUDH NAGAR),OON,7,2,1,3,6,0,0,1,41.79,570.34,0.496,YELLOW,False
SHAMLI (PRABUDH NAGAR),SHAMLI,2,1,0,1,0,0,0,1,22.14,570.34,0.726,YELLOW,False
SHAMLI (PRABUDH NAGAR),THANABHAWAN,4,1,0,0,2,0,0,1,9.25,570.34,0.69,YELLOW,False
SHRAWASTI,GILAULA,4,0,0,2,1,0,0,0,34.98,570.34,0.713,YELLOW,False
SHRAWASTI,HARIHARPUR RANI,7,4,0,3,7,0,0,0,78.59,570.34,0.535,YELLOW,False
SHRAWASTI,IKAUNA,5,1,0,3,3,0,0,0,35.89,570.34,0.627,YELLOW,False
SHRAWASTI,JAMUNHA,4,0,0,1,2,0,0,3,-2.54,570.34,0.465,YELLOW,False
SHRAWASTI,SIRSIYA,8,3,0,3,8,0,0,0,112.44,570.34,0.443,YELLOW,False
SIDDHARTHNAGAR,BANSI,3,0,0,2,2,0,0,0,9.82,570.34,0.79,YELLOW,False
SIDDHARTHNAGAR,BARHANI,2,1,0,1,1,0,0,0,-2.13,570.34,0.561,YELLOW,False
SIDDHARTHNAGAR,BHANVAPUR,1,0,0,0,1,0,0,1,-18.54,570.34,0.449,RED,True
SIDDHARTHNAGAR,BIRDPUR,3,1,0,0,3,0,1,2,-35.4,570.34,0.392,RED,True
SIDDHARTHNAGAR,DUMARIYAGANJ,4,0,0,2,2,0,0,2,-1.41,570.34,0.654,YELLOW,False
SIDDHARTHNAGAR,ITAVA,3,0,1,1,2,0,0,1,4.88,570.34,0.569,ORANGE,True
SIDDHARTHNAGAR,JOGIYA,1,0,1,0,1,0,0,1,-54.91,570.34,0.733,RED,True
SIDDHARTHNAGAR,KHESARAHA,2,0,0,1,2,0,0,0,42.5,570.34,0.55,YELLOW,False
SIDDHARTHNAGAR,KHUNIYANV,3,2,0,1,3,0,0,1,255.22,570.34,0.541,GREEN,False
SIDDHARTHNAGAR,MITHAVAL,1,0,0,1,1,0,0,0,52.78,570.34,0.691,YELLOW,False
SIDDHARTHNAGAR,NAUGARH,4,0,0,1,1,0,0,0,21.52,570.34,0.637,YELLOW,False
SIDDHARTHNAGAR,SHOHARATGARH,1,0,0,0,1,0,0,0,43.18,570.34,0.698,YELLOW,False
SITAPUR,ALIYA,3,1,0,2,2,0,1,1,72.88,570.34,0.629,YELLOW,False
SITAPUR,BEHTA,6,2,0,4,3,0,0,3,27.6,570.34,0.527,YELLOW,False
SITAPUR,BISWAN,3,1,1,1,2,0,0,1,125.03,570.34,0.478,ORANGE,True
SITAPUR,GONDLAMAU,2,0,0,1,1,0,0,1,6.76,570.34,0.479,YELLOW,False
SITAPUR,HARGAON,2,1,0,0,0,0,0,0,9.9,570.34,0.444,YELLOW,False
SITAPUR,KASMANDA,2,1,0,0,0,0,0,0,22.76,570.34,0.773,YELLOW,False
SITAPUR,KHAIRABAD,2,1,0,0,0,0,0,2,12.84,570.34,0.493,YELLOW,False
SITAPUR,LAHARPUR,3,3,0,0,3,0,1,0,828.17,570.34,0.585,GREEN,False
SITAPUR,MACHHAREHTA,3,0,0,2,3,0,0,0,13.7,570.34,0.506,YELLOW,False
SITAPUR,MAHMOODABAD,4,3,0,1,3,0,1,1,186.11,570.34,0.662,GREEN,False
SITAPUR,MAHOLI,2,1,0,1,1,0,0,1,120.04,570.34,0.67,YELLOW,False
SITAPUR,MISRIKH,3,1,0,0,1,0,0,0,39.97,570.34,0.659,YELLOW,False
SITAPUR,N.K.BISWAN,1,0,1,0,0,0,0,1,-22.38,570.34,0.995,RED,True
SITAPUR,N.K.KHAIRABAD,1,0,0,0,0,0,0,1,-0.52,570.34,1.0,YELLOW,False
SITAPUR,N.K.SITAPUR,2,0,0,0,0,0,0,1,-7.9,570.34,0.5,ORANGE,True
SITAPUR,PAHALA,4,2,0,1,2,0,0,1,30.38,570.34,0.542,YELLOW,False
SITAPUR,PARSENDI,1,0,0,0,0,0,0,1,-1.69,570.34,0.448,YELLOW,False
SITAPUR,PISAWAN,4,2,0,0,2,0,1,1,135.15,570.34,0.691,YELLOW,False
SITAPUR,RAMPURMATHURA,5,1,0,1,1,0,1,0,26.75,570.34,0.499,YELLOW,False
SITAPUR,REUSA,2,1,0,1,1,0,0,0,31.41,570.34,0.486,YELLOW,False
SITAPUR,SAKARAN,3,0,0,0,2,0,0,1,14.87,570.34,0.46,YELLOW,False
SITAPUR,SIDHAULI,4,0,0,3,2,0,0,1,9.19,570.34,0.518,YELLOW,False
SONBHADRA,BABHANI,4,1,0,3,2,0,0,0,44.56,570.34,0.593,YELLOW,False
SONBHADRA,CHATRA,2,1,0,0,2,0,0,0,2807.98,570.34,0.591,YELLOW,False
SONBHADRA,CHOPAN,8,3,1,2,4,0,0,3,21.02,570.34,0.556,YELLOW,False
SONBHADRA,DUDHI,6,2,0,0,1,0,0,1,12.34,570.34,0.509,YELLOW,False
SONBHADRA,GHORAWAL,7,2,0,0,3,0,0,0,41.57,570.34,0.587,YELLOW,False
SONBHADRA,MYORPUR,9,1,0,7,6,0,0,4,3857.12,570.34,0.504,YELLOW,False
SONBHADRA,NAGWA,9,0,0,4,4,0,0,3,-3.51,570.34,0.566,YELLOW,False
SONBHADRA,ROBERTSGANJ,3,0,0,1,0,0,0,1,3.95,570.34,0.678,YELLOW,False
SULTANPUR,BALDIRAI,3,0,0,2,2,0,0,0,12.84,570.34,0.592,YELLOW,False
SULTANPUR,BHADAIYAN,5,0,0,2,0,0,1,2,5.92,570.34,0.506,YELLOW,False
SULTANPUR,DHANPATGANJ,2,1,1,0,1,0,0,1,25.02,570.34,0.516,ORANGE,True
SULTANPUR,DOSTPUR,2,0,0,1,1,0,0,1,48.22,570.34,0.414,YELLOW,False
SULTANPUR,DUBEYPUR,2,1,0,0,2,0,0,0,45.78,570.34,0.258,YELLOW,False
SULTANPUR,JAISINGHPUR,2,0,1,0,2,0,0,1,4.01,570.34,0.468,ORANGE,True
SULTANPUR,KADIPUR,1,0,0,1,0,0,0,1,-0.73,570.34,1.0,YELLOW,False
SULTANPUR,KARAUNDI KALA,1,0,0,0,0,0,0,0,1.15,570.34,0.47,YELLOW,False
SULTANPUR,KUREBHAR,2,0,0,0,0,0,0,0,20.54,570.34,0.514,YELLOW,False
SULTANPUR,KURWAR,2,0,2,0,0,0,0,1,-17.26,570.34,0.592,RED,True
SULTANPUR,MOTIGARPUR,2,0,0,2,2,0,0,1,53.37,570.34,0.498,YELLOW,False
SULTANPUR,SULTANPUR CITY,2,0,0,0,1,0,0,0,11.08,570.34,0.5,YELLOW,False
UNNAO,ASOHA,1,0,0,0,0,0,0,0,-8.08,570.34,0.571,ORANGE,True
UNNAO,AURAS,5,1,0,1,2,0,0,3,12.31,570.34,0.499,YELLOW,False
UNNAO,BAGARMAU,3,0,0,1,2,0,0,0,48.82,570.34,0.709,YELLOW,False
UNNAO,BICHHIYA,2,0,1,1,0,0,0,2,-4.15,570.34,0.783,ORANGE,True
UNNAO,BIGHAPUR,2,0,0,0,2,0,0,0,44.44,570.34,0.612,YELLOW,False
UNNAO,CITI AREA,2,0,1,0,0,0,0,1,-21.22,570.34,0.5,RED,True
UNNAO,FATEHPUR 84,1,0,0,1,0,0,0,1,-2.54,570.34,1.0,YELLOW,False
UNNAO,GANGMURADABAD,2,1,0,0,0,0,0,0,30.88,570.34,0.794,YELLOW,False
UNNAO,HASANGANJ,1,0,0,1,1,0,0,1,31.03,570.34,0.526,YELLOW,False
UNNAO,HILOULI,3,1,0,1,3,0,0,1,17.08,570.34,0.537,YELLOW,False
UNNAO,MIYAGANJ,2,0,0,1,1,0,0,0,40.03,570.34,0.491,YELLOW,False
UNNAO,NAVABGANJ,5,0,1,2,2,0,0,2,11.08,570.34,0.585,YELLOW,False
UNNAO,PURWA,2,1,0,0,0,0,0,1,-3.86,570.34,0.77,YELLOW,False
UNNAO,SAFIPUR,2,1,0,0,0,0,0,1,19.39,570.34,0.724,YELLOW,False
UNNAO,SIKANDERPUR KARN,4,1,0,0,2,0,0,0,-1.95,570.34,0.615,YELLOW,False
UNNAO,SIKANDERPUR SAROSI,2,1,0,1,1,0,0,1,2.89,570.34,0.453,YELLOW,False
UNNAO,SUMERPUR,1,0,0,1,1,0,0,1,-31.71,570.34,0.5,RED,True
VARANASI,ARAJILINES,9,1,2,5,2,0,0,4,2.63,570.34,0.543,YELLOW,False
VARANASI,BARAGAON,2,2,0,0,1,0,0,0,56.02,570.34,0.48,GREEN,False
VARANASI,CHIRAIGAON,3,2,0,0,0,0,0,0,26.29,570.34,0.523,GREEN,False
VARANASI,CHOLAPUR,2,1,0,0,1,0,0,0,27.06,570.34,0.782,YELLOW,False
VARANASI,HARHUA,2,0,0,2,1,0,0,0,59.0,570.34,0.492,YELLOW,False
VARANASI,KASHIVIDYAPEETH,2,0,0,1,1,0,0,1,6.94,570.34,0.76,YELLOW,False
VARANASI,NAGAR NIGAM,2,0,2,0,0,0,0,1,-19.11,570.34,0.509,RED,True
VARANASI,NAGAR PALIKA RAMNAGAR,2,0,0,1,0,0,0,0,7.63,570.34,0.5,YELLOW,False
VARANASI,PINDRA,2,0,0,1,1,0,0,1,18.96,570.34,0.512,YELLOW,False
VARANASI,SEWAPURI,5,0,0,4,2,0,0,0,13.38,570.34,0.609,YELLOW,False
