District,Block,Cluster_Type,Total_Schools_In_Block,Declining_Schools,Growing_Schools,Recovery_Schools
AGRA,ACCHNERA,Mixed Block,5,0,1,2
AGRA,AKOLA,Mixed Block,2,0,1,0
AGRA,BAH,Mixed Block,2,1,0,0
AGRA,BAROLI AHEER,Isolated Growth,5,2,1,0
AGRA,BICHPURI,Mixed Block,2,0,0,1
AGRA,ETMADPUR,Mixed Block,3,0,0,1
AGRA,FATEHABAD,Mixed Block,3,0,0,1
AGRA,FATEHPUR  SIKRI,Mixed Block,2,0,0,0
AGRA,JAGNER,Mixed Block,2,0,0,1
AGRA,JAITPUR  KALAN,Mixed Block,2,0,0,1
AGRA,KHANDOLI,Mixed Block,5,0,1,1
AGRA,KHERAGARH,Mixed Block,1,0,0,0
AGRA,M.C.AGRA CITY,Mixed Block,2,0,0,0
AGRA,PINAHAT,Mixed Block,1,0,0,0
AGRA,SAIYAN,Mixed Block,1,0,0,1
AGRA,SHAMSHABAD,Mixed Block,2,0,0,2
ALIGARH,AKRABAD,Mixed Block,1,0,0,1
ALIGARH,ATRAULI,Mixed Block,3,1,0,0
ALIGARH,BIJAULI,Isolated Decline,2,1,1,0
ALIGARH,CHANDAUS,Mixed Block,4,0,0,2
ALIGARH,DHANIPUR,Mixed Block,2,1,0,1
ALIGARH,GANGIRI,Mixed Block,3,0,1,2
ALIGARH,GONDA,Mixed Block,3,1,0,0
ALIGARH,IGLAS,Mixed Block,3,0,1,2
ALIGARH,JAWAN,Mixed Block,5,1,0,2
ALIGARH,KHAIR,Mixed Block,3,1,0,0
ALIGARH,LODHA,Mixed Block,2,0,1,0
ALIGARH,NAGAR ALIGARH,Mixed Block,3,0,0,0
ALIGARH,NAGAR ATRAULI,Isolated Decline,1,1,0,0
ALIGARH,TAPPAL,Mixed Block,2,0,0,2
AMBEDKAR NAGAR,AKBARPUR,Mixed Block,7,0,2,2
AMBEDKAR NAGAR,BASKHARI,Mixed Block,2,0,0,2
AMBEDKAR NAGAR,BHEETI,Isolated Growth,1,0,1,0
AMBEDKAR NAGAR,BHIYAON,Mixed Block,3,0,1,2
AMBEDKAR NAGAR,JAHANGIRGANJ,Recovery Cluster,4,0,1,3
AMBEDKAR NAGAR,JALALPUR,Mixed Block,3,0,1,2
AMBEDKAR NAGAR,KATEHARI,Mixed Block,3,0,1,2
AMBEDKAR NAGAR,RAMNAGAR,Isolated Decline,4,1,2,0
AMBEDKAR NAGAR,TANDA,Recovery Cluster,4,0,0,3
AMBEDKAR NAGAR,TANDA TOWN AREA,Isolated Growth,1,0,1,0
AMETHI - CSM NAGAR,AMETHI,Mixed Block,2,1,0,1
AMETHI - CSM NAGAR,BAHADURPUR,Mixed Block,6,1,1,1
AMETHI - CSM NAGAR,BHADAR,Mixed Block,4,0,0,2
AMETHI - CSM NAGAR,BHETUA,Isolated Growth,1,0,1,0
AMETHI - CSM NAGAR,GAURIGANJ,Mixed Block,2,0,0,1
AMETHI - CSM NAGAR,JAGDISHPUR,Isolated Decline,4,1,2,1
AMETHI - CSM NAGAR,JAMO,Mixed Block,3,0,1,0
AMETHI - CSM NAGAR,MUSAFIRKHANA,Isolated Decline,3,1,1,1
AMETHI - CSM NAGAR,SANGRAMPUR,Mixed Block,1,0,0,1
AMETHI - CSM NAGAR,SHAHGARH,Mixed Block,3,1,0,1
AMETHI - CSM NAGAR,SHUKULBAZAR,Mixed Block,1,0,0,1
AMETHI - CSM NAGAR,SINGHPUR,Mixed Block,4,0,0,0
AMETHI - CSM NAGAR,TILOI,Isolated Decline,3,1,1,1
AURAIYA,ACHHALDA,Mixed Block,2,0,0,1
AURAIYA,AIRWAKATRA,Mixed Block,2,0,1,0
AURAIYA,AURAIYA,Mixed Block,3,0,1,0
AURAIYA,BHAGYANAGAR,Mixed Block,3,0,0,1
AURAIYA,BIDHUNA,Mixed Block,2,0,1,1
AURAIYA,SAHAR,Mixed Block,3,0,2,0
AZAMGARH,ATRAULIYA,Mixed Block,1,0,0,0
AZAMGARH,AZAMGRAH,Mixed Block,1,0,0,1
AZAMGARH,AZMATGARH,Mixed Block,1,0,0,0
AZAMGARH,BILARIYAGANJ,Mixed Block,1,0,0,1
AZAMGARH,FOOLPOOR,Mixed Block,1,0,0,0
AZAMGARH,HARRAIYA,Mixed Block,3,2,0,1
AZAMGARH,JAHANAGANJ,Mixed Block,2,1,0,1
AZAMGARH,LALGANJ,Recovery Cluster,3,0,0,3
AZAMGARH,MAHARAJ GANJ,Mixed Block,1,0,0,0
AZAMGARH,MIRZAPUR,Mixed Block,1,0,0,0
AZAMGARH,MOHAMMADPUR,Mixed Block,3,0,2,1
AZAMGARH,PALHNA,Mixed Block,1,0,0,0
AZAMGARH,PAWAE,Mixed Block,2,0,0,2
AZAMGARH,SATHIYAN,Isolated Growth,1,0,1,0
AZAMGARH,TAHBERPUR,Mixed Block,1,0,0,1
AZAMGARH,TARWA,Mixed Block,1,0,0,0
AZAMGARH,THEKMA,Isolated Decline,1,1,0,0
BAGHPAT,BAGPAT,Mixed Block,4,0,0,1
BAGHPAT,BAROUT,Mixed Block,2,0,0,0
BAGHPAT,BAROUT URBAN,Mixed Block,1,0,0,0
BAGHPAT,BINOLY,Mixed Block,3,0,1,0
BAGHPAT,CHHAPROLI,Recovery Cluster,5,0,1,3
BAGHPAT,KHEKRA,Mixed Block,3,0,0,2
BAGHPAT,PILANA,Mixed Block,3,0,0,2
BAHRAICH,BALHA,Mixed Block,4,0,1,2
BAHRAICH,CHITTAURA,Mixed Block,2,0,1,0
BAHRAICH,FAKHAR PUR,Mixed Block,2,0,1,1
BAHRAICH,HUJUR PUR,Mixed Block,6,0,2,0
BAHRAICH,JARWAL,Mixed Block,6,0,2,2
BAHRAICH,KAISER GANJ,Growth Pocket,7,0,3,4
BAHRAICH,MAHSI,Mixed Block,3,0,0,1
BAHRAICH,MIHIN PURVA,Recovery Cluster,7,0,1,3
BAHRAICH,NAGAR AREA,Mixed Block,2,0,0,1
BAHRAICH,NAWAB GANJ,Mixed Block,3,0,1,1
BAHRAICH,PAYAGPUR,Mixed Block,3,0,1,0
BAHRAICH,RISIA,Mixed Block,2,0,0,1
BAHRAICH,SHIV PUR,Mixed Block,2,0,1,1
BAHRAICH,TAJWA PUR,Mixed Block,2,0,1,1
BAHRAICH,VISHESHWAR  GANJ,Recovery Cluster,4,0,1,3
BALLIA,BAIRIA,Mixed Block,1,0,0,0
BALLIA,BALLIA N.P.,Mixed Block,2,2,0,0
BALLIA,BANSDEEH,Mixed Block,2,0,0,1
BALLIA,BELAHARI,Recovery Cluster,3,0,0,3
BALLIA,CHILKAHAR,Mixed Block,2,0,0,0
BALLIA,DUBAHAR,Mixed Block,1,0,0,0
BALLIA,GARWAR,Mixed Block,3,0,1,2
BALLIA,MANIAR,Isolated Growth,1,0,1,0
BALLIA,MURLI CHHAPRA,Isolated Decline,3,1,1,0
BALLIA,NAGARA,Mixed Block,3,2,0,0
BALLIA,NAVANAGAR,Mixed Block,2,0,1,1
BALLIA,PANDAH,Mixed Block,2,1,0,1
BALLIA,RASARA,Mixed Block,3,0,1,1
BALLIA,REVATI,Mixed Block,2,0,0,1
BALLIA,SEAR,Mixed Block,3,0,1,1
BALLIA,SOHAWN,Mixed Block,1,0,0,0
BALRAMPUR,BALRAMPUR,Recovery Cluster,5,0,1,3
BALRAMPUR,GAINDAS BUZURG,Mixed Block,2,0,1,1
BALRAMPUR,GAINSARI,Mixed Block,3,0,0,2
BALRAMPUR,HARAIYA SATGHARWA,Isolated Growth,1,0,1,0
BALRAMPUR,PACHPERWA,Mixed Block,1,0,0,1
BALRAMPUR,REHRA BAZAR,Mixed Block,2,0,0,2
BALRAMPUR,SHRIDUTTGANJ,Recovery Cluster,4,1,0,3
BALRAMPUR,TULSIPUR,Mixed Block,3,0,1,1
BALRAMPUR,UTRAULA (MUN. CORP.),Mixed Block,1,0,0,0
BANDA,BABERU,Recovery Cluster,6,0,1,3
BANDA,BADOKHAR KHURD,Recovery Cluster,6,1,0,4
BANDA,BISANDA,Recovery Cluster,6,1,1,4
BANDA,JASPURA,Mixed Block,3,0,0,1
BANDA,KAMASIN,Growth Pocket,5,1,3,1
BANDA,MAHUWA,Recovery Cluster,5,0,0,3
BANDA,NAGAR KSHETRA,Mixed Block,2,1,0,1
BANDA,NARAINI,Recovery Cluster,9,2,0,3
BANDA,TINDWARI,Mixed Block,6,1,1,2
BARABANKI,BANI KODAR,Mixed Block,2,0,0,1
BARABANKI,BANKI,Recovery Cluster,6,2,0,3
BARABANKI,BARABANKI CITY,Mixed Block,2,0,0,0
BARABANKI,DARIYA BAD,Mixed Block,1,0,0,1
BARABANKI,DEWA,Mixed Block,2,0,0,0
BARABANKI,FATEH PUR,Mixed Block,3,0,1,0
BARABANKI,HAIDAR GARH,Mixed Block,4,1,0,1
BARABANKI,HARAKH,Mixed Block,3,0,0,1
BARABANKI,MASAULI,Mixed Block,3,0,0,1
BARABANKI,NINDURA,Mixed Block,5,1,0,2
BARABANKI,PURE DALAI,Mixed Block,2,0,0,1
BARABANKI,SIDDHAOR,Isolated Decline,1,1,0,0
BARABANKI,SIRAULI GAUSPUR,Mixed Block,1,0,0,0
BARABANKI,SURAT GANJ,Mixed Block,2,0,0,2
BARABANKI,TRIVEDI GANJ,Mixed Block,2,0,0,1
BAREILLY,ALAMPUR,Mixed Block,1,0,0,0
BAREILLY,AONLA,Mixed Block,1,0,0,1
BAREILLY,BAHERI,Mixed Block,5,0,2,1
BAREILLY,BAHERI TOWN,Mixed Block,1,0,0,0
BAREILLY,BAREILLY TOWN,Mixed Block,2,0,0,0
BAREILLY,BHADPURA,Mixed Block,4,0,2,2
BAREILLY,BHOJIPURA,Mixed Block,2,1,0,0
BAREILLY,BHUTA,Mixed Block,3,0,1,1
BAREILLY,FARIDPUR,Mixed Block,3,0,0,2
BAREILLY,FATEHGANJ,Isolated Decline,4,1,2,0
BAREILLY,KYARA,Mixed Block,7,0,2,2
BAREILLY,MAJHGAWAN,Mixed Block,5,1,1,2
BAREILLY,MIRGANJ,Mixed Block,1,0,0,0
BAREILLY,NAWABGANJ,Growth Pocket,11,2,3,2
BAREILLY,RAMNAGAR,Mixed Block,2,0,1,1
BAREILLY,RICHHA(DAMKHODA),Growth Pocket,5,0,3,1
BAREILLY,SHERGARH,Mixed Block,4,0,2,1
BAREILLY,VITHARI CHAINPUR,Mixed Block,4,0,2,1
BASTI,BAHADURPUR,Mixed Block,4,0,1,1
BASTI,BASTI SADAR,Mixed Block,1,0,0,1
BASTI,DUBAULIA,Recovery Cluster,3,0,0,3
BASTI,GAUR,Mixed Block,4,1,1,1
BASTI,HARRIYA,Mixed Block,2,0,0,2
BASTI,KAPTANGANJ,Isolated Growth,1,0,1,0
BASTI,KUDRAHA,Mixed Block,1,0,0,0
BASTI,PARSHURAMPUR,Mixed Block,2,0,0,2
BASTI,RUDHOLI,Mixed Block,1,0,0,1
BASTI,SALTOVA GOPALPUR,Mixed Block,1,0,0,0
BASTI,TOWN AREA,Mixed Block,2,1,0,0
BASTI,VIKRAMJOT,Mixed Block,1,0,0,1
BHADOI,ABHOLI,Mixed Block,4,0,1,2
BHADOI,AURAI,Growth Pocket,10,0,6,1
BHADOI,BHADOHI,Mixed Block,8,1,2,2
BHADOI,DEEGH,Growth Pocket,7,0,3,2
BHADOI,GYANPUR,Growth Pocket,5,0,3,1
BHADOI,SURIYAVAN,Mixed Block,5,0,1,2
BIJNOR,AAKU(NEHTOR),Mixed Block,3,0,1,2
BIJNOR,AFZALGRAH,Decline Cluster,7,3,0,3
BIJNOR,ALLHEPUR(DHAMPUR),Isolated Growth,5,2,1,0
BIJNOR,BIJNOR(NAGAR),Mixed Block,2,2,0,0
BIJNOR,BURHANPUR(SEOHARA),Mixed Block,1,0,0,1
BIJNOR,DHAMPUR(NAGAR),Mixed Block,1,0,0,0
BIJNOR,HALDAUR,Mixed Block,3,1,0,2
BIJNOR,JALILPUR,Isolated Decline,1,1,0,0
BIJNOR,KIRATPUR,Mixed Block,3,2,0,0
BIJNOR,KOTWALI,Decline Cluster,5,3,0,1
BIJNOR,MOHD.PUR DEVMAL,Mixed Block,3,0,1,0
BIJNOR,NAJIBABAD,Mixed Block,4,0,1,0
BIJNOR,NAJIBABAD(NAGAR),Isolated Decline,1,1,0,0
BUDAUN,AASAFPUR,Mixed Block,1,0,0,1
BUDAUN,AMBIYAPUR,Isolated Decline,1,1,0,0
BUDAUN,BISAULI,Decline Cluster,4,3,0,1
BUDAUN,BUDAUN CITY,Mixed Block,2,1,0,0
BUDAUN,DATAGANJ,Mixed Block,2,0,2,0
BUDAUN,DEHGANWAN,Mixed Block,3,0,1,0
BUDAUN,JAGAT,Mixed Block,5,0,0,1
BUDAUN,MIAUN,Mixed Block,1,0,0,1
BUDAUN,QADARCHOWK,Growth Pocket,5,0,3,1
BUDAUN,SAHASWAN CITY,Isolated Growth,1,0,1,0
BUDAUN,SALARPUR,Growth Pocket,5,0,3,0
BUDAUN,SAMRER,Mixed Block,2,1,0,1
BUDAUN,UJHANI,Isolated Decline,3,1,1,0
BUDAUN,USAWAN,Mixed Block,1,0,0,1
BUDAUN,WAZEERGANJ,Mixed Block,3,0,0,1
BULANDSHAHR,AGAUTA,Isolated Growth,1,0,1,0
BULANDSHAHR,ANOOPSHAHAR,Mixed Block,3,0,0,2
BULANDSHAHR,ARNIA,Growth Pocket,4,0,3,0
BULANDSHAHR,B.B.NAGAR,Mixed Block,2,0,0,1
BULANDSHAHR,BULANDSHAHR,Recovery Cluster,6,0,0,3
BULANDSHAHR,BULANDSHAR NAGAR,Mixed Block,2,0,0,1
BULANDSHAHR,DANPUR,Mixed Block,5,0,2,2
BULANDSHAHR,DEBAI,Recovery Cluster,6,0,2,3
BULANDSHAHR,GULAOTI,Mixed Block,2,0,0,0
BULANDSHAHR,JAHAGIRABAD,Mixed Block,3,0,1,2
BULANDSHAHR,KHURJA,Mixed Block,2,0,2,0
BULANDSHAHR,LAKHAWATI,Mixed Block,2,0,1,0
BULANDSHAHR,PAHASU,Mixed Block,4,0,2,1
BULANDSHAHR,SHIKARPUR,Isolated Decline,3,1,1,0
BULANDSHAHR,SIKANDRABAD,Mixed Block,2,0,1,0
BULANDSHAHR,SYNA,Mixed Block,1,0,0,0
BULANDSHAHR,UCHAGAON,Mixed Block,3,0,1,1
CHANDAULI,BARAHANI,Mixed Block,5,0,2,2
CHANDAULI,CHAHANIYA,Isolated Growth,1,0,1,0
CHANDAULI,CHAKIYA,Mixed Block,4,0,2,1
CHANDAULI,CHANDAULI,Growth Pocket,4,0,4,0
CHANDAULI,NAUGARH,Recovery Cluster,7,1,2,3
CHANDAULI,SAKALDIHA,Mixed Block,1,0,0,0
CHANDAULI,SHAHABGANJ,Mixed Block,4,0,1,0
CHITRAKOOT,CHITRAKOOT,Recovery Cluster,5,0,1,3
CHITRAKOOT,CHITRAKOOT (URBAN),Mixed Block,1,0,0,0
CHITRAKOOT,MANIKPUR,Mixed Block,6,1,1,1
CHITRAKOOT,MAU,Recovery Cluster,6,0,0,3
CHITRAKOOT,PAHADI,Recovery Cluster,9,0,1,4
CHITRAKOOT,RAM NAGAR,Mixed Block,2,0,0,1
DEORIA,BARAHAJ,Isolated Decline,3,1,1,0
DEORIA,BHATNI,Mixed Block,1,0,0,0
DEORIA,BHATPAR RANI,Mixed Block,1,0,0,0
DEORIA,BHLUANI,Isolated Growth,1,0,1,0
DEORIA,DEORIA NAGAR KSHETRA,Mixed Block,2,0,0,2
DEORIA,DESAHI DEORIA,Isolated Growth,1,0,1,0
DEORIA,GAURI BAZAR,Mixed Block,3,0,1,2
DEORIA,LAR,Mixed Block,1,0,0,1
DEORIA,PATTHRDEVA,Mixed Block,2,2,0,0
DEORIA,RUDRAPUR,Mixed Block,4,0,1,0
DEORIA,SALIMPUR,Mixed Block,1,0,0,0
ETAH,ALIGANJ,Mixed Block,3,0,1,1
ETAH,AWAGARH,Mixed Block,3,0,1,1
ETAH,ETAH (URBAN),Mixed Block,2,1,0,0
ETAH,JAITHARA,Mixed Block,3,0,1,1
ETAH,JALESAR,Mixed Block,1,0,0,0
ETAH,JALESAR (URBAN),Mixed Block,1,0,0,0
ETAH,MARHARA,Mixed Block,2,0,0,2
ETAH,NIDHAULI KALAN,Recovery Cluster,5,0,1,3
ETAH,SAKEET,Mixed Block,2,0,1,1
ETAH,SHEETAL PUR,Mixed Block,3,0,0,2
ETAWAH,BARHPURA,Isolated Decline,1,1,0,0
ETAWAH,BHARTHANA,Mixed Block,1,0,0,0
ETAWAH,CHAKARNAGAR,Recovery Cluster,6,0,1,4
ETAWAH,ETAWAH NAGAR CHETRA,Mixed Block,2,2,0,0
ETAWAH,JASWANT NAGAR,Mixed Block,5,0,0,2
ETAWAH,MAHEWA,Mixed Block,1,0,0,0
ETAWAH,SAIFAI,Mixed Block,4,0,1,1
ETAWAH,TAKHA,Mixed Block,1,0,0,1
FAIZABAD,AMANIGANJ,Mixed Block,3,0,1,1
FAIZABAD,AYODHYA TOWN AREA,Decline Cluster,3,3,0,0
FAIZABAD,BIKAPUR,Mixed Block,2,0,0,0
FAIZABAD,MASAUDHA,Isolated Decline,1,1,0,0
FAIZABAD,MAWAI,Mixed Block,2,0,0,1
FAIZABAD,MAYA,Mixed Block,4,0,0,2
FAIZABAD,MILKIPUR,Growth Pocket,4,0,3,1
FAIZABAD,PURA,Mixed Block,2,0,1,0
FAIZABAD,RUDAULI,Mixed Block,4,0,2,1
FAIZABAD,SOHAWAL,Mixed Block,2,0,1,0
FAIZABAD,TARUN,Isolated Decline,1,1,0,0
FARRUKHABAD,KAMALGANJ,Mixed Block,1,0,0,1
FARRUKHABAD,MOHAMDABAD,Mixed Block,1,0,0,1
FARRUKHABAD,NAG. KSH.FAR.BAD,Mixed Block,3,2,0,1
FARRUKHABAD,NAWABGANJ,Mixed Block,1,0,0,0
FARRUKHABAD,RAJE PUR,Mixed Block,3,0,2,0
FARRUKHABAD,SHAMSABAD,Mixed Block,1,0,0,0
FATEHPUR,AIRAYAN,Mixed Block,2,0,0,1
FATEHPUR,AMAULI,Mixed Block,3,0,0,2
FATEHPUR,ASHOTHAR,Mixed Block,4,0,0,2
FATEHPUR,BAHUA,Mixed Block,4,0,1,2
FATEHPUR,BHITAURA,Mixed Block,3,0,2,0
FATEHPUR,DEOMAI,Mixed Block,2,0,0,2
FATEHPUR,DHATA,Mixed Block,3,0,1,2
FATEHPUR,HASAWA,Recovery Cluster,4,0,0,3
FATEHPUR,HATHGAOM,Mixed Block,3,0,1,2
FATEHPUR,KHAJUHA,Recovery Cluster,3,0,0,3
FATEHPUR,MALAWAN,Recovery Cluster,5,0,0,4
FATEHPUR,NAGAR BINDKI,Mixed Block,1,0,0,1
FATEHPUR,NAGAR FATEHPUR,Mixed Block,3,0,0,0
FATEHPUR,TELIYANI,Mixed Block,4,0,2,2
FATEHPUR,VIJAIPUR,Mixed Block,3,0,1,2
FIROZABAD,ARAWN,Mixed Block,4,0,0,2
FIROZABAD,EKA,Recovery Cluster,3,0,0,3
FIROZABAD,FIROZABAD,Mixed Block,3,0,2,1
FIROZABAD,JASRANA,Mixed Block,2,0,0,1
FIROZABAD,KHAIRGARH,Mixed Block,1,0,0,0
FIROZABAD,MADANPUR,Mixed Block,2,0,0,2
FIROZABAD,NARKHI,Mixed Block,1,0,0,1
FIROZABAD,SHIKOHABAD,Isolated Decline,1,1,0,0
FIROZABAD,TUNDLA,Recovery Cluster,5,1,0,3
GAUTAM BUDDHA NAGAR,DADRI,Isolated Growth,1,0,1,0
GAUTAM BUDDHA NAGAR,DANKAUR,Mixed Block,2,0,0,2
GAUTAM BUDDHA NAGAR,VISRAKH,Recovery Cluster,4,0,0,3
GHAZIABAD,BHOJPUR,Mixed Block,6,0,2,0
GHAZIABAD,GHAZIABAD (MUN.AREA),Mixed Block,2,0,0,0
GHAZIABAD,LONI,Mixed Block,2,0,1,1
GHAZIABAD,MURAD NAGAR,Mixed Block,1,0,0,0
GHAZIABAD,RAZAPUR,Mixed Block,2,0,0,0
GHAZIPUR,BHADAURA,Mixed Block,2,0,2,0
GHAZIPUR,BHAWARCOL,Mixed Block,2,0,1,0
GHAZIPUR,BIRNO,Mixed Block,2,0,0,2
GHAZIPUR,DEOKALI,Mixed Block,3,0,0,2
GHAZIPUR,GHAZIPUR SADAR,Isolated Growth,1,0,1,0
GHAZIPUR,KARANDA,Mixed Block,2,0,0,1
GHAZIPUR,KASIMABAD,Mixed Block,1,0,0,1
GHAZIPUR,MANIHARI,Mixed Block,3,1,0,0
GHAZIPUR,MOHAMMADABAD,Mixed Block,1,0,0,1
GHAZIPUR,NAGAR CHHETRA,Mixed Block,2,0,1,0
GHAZIPUR,REOTIPUR,Isolated Growth,1,0,1,0
GHAZIPUR,SADAT,Mixed Block,2,0,0,2
GHAZIPUR,SAIDPUR,Recovery Cluster,4,0,0,3
GHAZIPUR,ZAKHANIA,Mixed Block,2,0,1,0
GHAZIPUR,ZAMANIA,Isolated Growth,1,0,1,0
GONDA,BELSAR,Mixed Block,3,0,1,0
GONDA,CHHAPIA,Mixed Block,2,0,1,1
GONDA,COLONELGANJ,Mixed Block,1,0,0,0
GONDA,GONDA(MUN. CORP.),Mixed Block,2,0,0,0
GONDA,HALDHARMAU,Mixed Block,1,0,0,0
GONDA,ITIYATHOK,Mixed Block,1,0,0,1
GONDA,JHANJHRI,Mixed Block,3,1,0,1
GONDA,KATRA BAZAR,Mixed Block,1,0,0,1
GONDA,MANKAPUR,Mixed Block,2,0,0,1
GONDA,MUJEHNA,Mixed Block,2,0,0,1
GONDA,NAWAB GANJ,Mixed Block,1,0,0,1
GONDA,PANDRI KRIPAL,Mixed Block,3,0,0,2
GONDA,PARASPUR,Isolated Growth,1,0,1,0
GONDA,RUPAIDEEH,Mixed Block,1,0,0,0
GONDA,TARABGANJ,Mixed Block,2,0,1,0
GORAKHPUR,BAANSGAON,Mixed Block,1,0,0,0
GORAKHPUR,BADHALGANJ,Mixed Block,1,0,0,1
GORAKHPUR,BELGHAT,Mixed Block,2,0,0,1
GORAKHPUR,BHATHAT,Mixed Block,1,0,0,1
GORAKHPUR,CAMPIARGANJ,Mixed Block,4,0,2,1
GORAKHPUR,CHARGANWA,Mixed Block,2,0,0,2
GORAKHPUR,GOLA,Mixed Block,1,0,0,1
GORAKHPUR,KAUDIRAM,Mixed Block,2,0,1,1
GORAKHPUR,KHAJNI,Mixed Block,2,1,0,1
GORAKHPUR,KHORABAR,Mixed Block,1,0,0,1
GORAKHPUR,NAGAR KSHETRA,Mixed Block,2,2,0,0
GORAKHPUR,PIPRAICH,Mixed Block,1,0,0,0
GORAKHPUR,PIPRAULI,Isolated Decline,1,1,0,0
GORAKHPUR,SAHJANWA,Mixed Block,2,1,0,0
GORAKHPUR,SARDARNAGAR,Mixed Block,1,0,0,0
HAMIRPUR (U.P.),GOHAND,Mixed Block,2,0,2,0
HAMIRPUR (U.P.),KURARA,Mixed Block,4,0,1,1
HAMIRPUR (U.P.),MAUDHA,Growth Pocket,4,0,3,1
HAMIRPUR (U.P.),MUSKARA,Mixed Block,4,0,1,2
HAMIRPUR (U.P.),NP HAMIRPUR,Mixed Block,2,1,0,0
HAMIRPUR (U.P.),NP MAUDAHA,Isolated Growth,1,0,1,0
HAMIRPUR (U.P.),NP RATH,Isolated Decline,1,1,0,0
HAMIRPUR (U.P.),RATH,Mixed Block,3,0,1,0
HAMIRPUR (U.P.),SARILA,Mixed Block,5,0,2,1
HAMIRPUR (U.P.),SUMERPUR,Mixed Block,5,1,1,1
HAPUR (PANCHSHEEL NAGAR),DHAULANA,Mixed Block,2,0,0,0
HAPUR (PANCHSHEEL NAGAR),GARH MUKTESWAR,Mixed Block,3,1,0,1
HAPUR (PANCHSHEEL NAGAR),HAPUR,Mixed Block,4,0,1,1
HAPUR (PANCHSHEEL NAGAR),SIMBHAWALI,Isolated Decline,5,1,2,2
HARDOI,AHIRORI,Mixed Block,4,0,2,2
HARDOI,BAWAN,Mixed Block,3,0,1,2
HARDOI,BEHANDAR,Mixed Block,1,0,0,0
HARDOI,BHARAWAN,Mixed Block,4,0,2,0
HARDOI,BHARKHANI,Mixed Block,3,1,0,2
HARDOI,BILGRAM,Isolated Decline,3,1,1,1
HARDOI,HARIYAWAN,Recovery Cluster,4,0,0,3
HARDOI,HARPALPUR,Mixed Block,1,0,0,0
HARDOI,KACHAUNA,Mixed Block,2,0,0,1
HARDOI,KOTHAWAN,Mixed Block,2,0,1,1
HARDOI,MADHOGANJ,Mixed Block,2,0,0,0
HARDOI,MALLAWA,Mixed Block,3,1,0,0
HARDOI,PIHANI,Isolated Growth,1,0,1,0
HARDOI,SANDI,Recovery Cluster,3,0,0,3
HARDOI,SANDILA,Isolated Growth,1,0,1,0
HARDOI,SHAHABAD,Mixed Block,3,1,0,1
HARDOI,SURSA,Mixed Block,1,0,0,0
HARDOI,TANDIYAWA,Recovery Cluster,5,0,1,3
HARDOI,TN.AR.  PIHANI,Isolated Decline,1,1,0,0
HARDOI,TN.AR. HARDOI,Mixed Block,2,0,0,1
HARDOI,TN.AR. SANDILA,Mixed Block,2,0,1,0
HARDOI,TONDARPUR,Recovery Cluster,5,0,0,4
HATHRAS,HASAYAN,Recovery Cluster,3,0,0,3
HATHRAS,HATHRAS,Mixed Block,2,0,0,2
HATHRAS,MURSAN,Mixed Block,2,0,2,0
HATHRAS,N.P. HATHRAS,Isolated Growth,1,0,1,0
HATHRAS,SADABAD,Mixed Block,5,0,2,2
HATHRAS,SAHPAU,Mixed Block,4,0,1,1
HATHRAS,SASNI,Mixed Block,3,0,0,1
HATHRAS,SIKANDRA RAO,Mixed Block,3,0,0,0
JALAUN,DAKOR,Mixed Block,6,0,1,2
JALAUN,JALAUN,Mixed Block,1,0,0,1
JALAUN,KADAURA,Mixed Block,4,1,0,0
JALAUN,KONCH,Mixed Block,1,0,0,1
JALAUN,KUTHAUND,Mixed Block,2,0,0,2
JALAUN,MADHAUGADH,Mixed Block,1,0,0,0
JALAUN,MAHEVA,Mixed Block,6,1,0,2
JALAUN,NADIGAWN,Mixed Block,2,0,1,1
JALAUN,RAMPURA,Mixed Block,3,0,2,1
JALAUN,T. A. ORAI,Mixed Block,2,0,0,1
JAUNPUR,BADLA PUR,Mixed Block,2,0,0,2
JAUNPUR,BARSATHI,Mixed Block,1,0,0,1
JAUNPUR,BUKSHA,Mixed Block,1,0,0,1
JAUNPUR,DHARMAPUR,Mixed Block,1,0,0,1
JAUNPUR,DOBHI,Mixed Block,1,0,0,1
JAUNPUR,JALALPUR,Mixed Block,1,0,0,0
JAUNPUR,JAUNPUR  [NAGAR],Isolated Growth,1,0,1,0
JAUNPUR,KARANJA KALA,Mixed Block,2,1,0,1
JAUNPUR,KERAKAT,Mixed Block,2,0,1,1
JAUNPUR,KHUTHAN,Mixed Block,1,0,0,1
JAUNPUR,MACHHALI SHAHAR,Mixed Block,2,0,1,1
JAUNPUR,MADIYAHUN,Mixed Block,2,0,1,0
JAUNPUR,MAHARAJ GANJ,Mixed Block,1,0,0,1
JAUNPUR,MUFTI GANJ,Mixed Block,1,0,0,1
JAUNPUR,MUGRA BADSHAH PUR,Mixed Block,2,0,0,1
JAUNPUR,RAM PUR,Mixed Block,1,0,0,0
JAUNPUR,SHAH GANJ,Mixed Block,3,0,1,1
JAUNPUR,SIKRARA,Mixed Block,2,0,0,2
JAUNPUR,SIRKONI,Mixed Block,3,0,1,1
JAUNPUR,SUITHA KALA,Mixed Block,2,0,0,2
JAUNPUR,SUJAN GANJ,Mixed Block,1,0,0,0
JHANSI,BABINA,Recovery Cluster,7,2,0,5
JHANSI,BAMORE,Mixed Block,3,1,0,1
JHANSI,BANGRA,Mixed Block,5,1,0,1
JHANSI,BARAGAON,Mixed Block,4,1,0,1
JHANSI,CHIRGAON,Mixed Block,3,0,0,2
JHANSI,GURSARAI,Mixed Block,3,1,0,1
JHANSI,JHANSI NAGARCHETRA,Mixed Block,2,0,0,1
JHANSI,MAURANIPUR,Mixed Block,3,1,0,2
JHANSI,MAURANIPUR  N.CHETRA,Mixed Block,1,0,0,1
JHANSI,MOTH,Mixed Block,4,0,0,1
JYOTIBA PHULE NAGAR (AMROHA),AMROHA,Mixed Block,3,0,0,0
JYOTIBA PHULE NAGAR (AMROHA),AMROHA CITY,Isolated Decline,2,1,1,0
JYOTIBA PHULE NAGAR (AMROHA),DHANORA,Mixed Block,5,1,1,2
JYOTIBA PHULE NAGAR (AMROHA),GAJRAULA,Mixed Block,4,0,2,1
JYOTIBA PHULE NAGAR (AMROHA),GANGESHWARI,Isolated Decline,3,1,2,0
JYOTIBA PHULE NAGAR (AMROHA),HASANPUR,Mixed Block,5,1,1,2
JYOTIBA PHULE NAGAR (AMROHA),HASANPUR CITY,Isolated Decline,1,1,0,0
JYOTIBA PHULE NAGAR (AMROHA),JOYA,Mixed Block,2,0,1,1
KANNAUJ,CHHIBRAMAU,Mixed Block,3,0,1,0
KANNAUJ,GUGRAPUR,Mixed Block,2,0,1,1
KANNAUJ,HASERAN,Mixed Block,1,0,0,1
KANNAUJ,JALALABAD,Mixed Block,2,0,0,1
KANNAUJ,KANNAUJ,Mixed Block,3,0,1,2
KANNAUJ,SAURIKH,Mixed Block,2,0,1,1
KANNAUJ,TAL GRAM,Mixed Block,3,0,1,2
KANNAUJ,UMARDA,Mixed Block,3,0,0,0
KANPUR DEHAT,AKBARPUR,Mixed Block,1,0,0,1
KANPUR DEHAT,AMARAUDHA,Mixed Block,3,0,1,0
KANPUR DEHAT,DERAPUR,Isolated Growth,1,0,1,0
KANPUR DEHAT,JHINJHAK,Mixed Block,3,0,2,1
KANPUR DEHAT,MAITHA,Isolated Growth,1,0,1,0
KANPUR DEHAT,MALASA,Mixed Block,2,0,0,1
KANPUR DEHAT,RAJPUR,Mixed Block,2,0,0,0
KANPUR DEHAT,RASULABAD,Mixed Block,3,0,1,0
KANPUR DEHAT,SANDALPUR,Mixed Block,1,0,0,0
KANPUR DEHAT,SARVANKHERA,Mixed Block,2,0,1,0
KANPUR NAGAR,BHITERGAON,Mixed Block,1,0,0,1
KANPUR NAGAR,BIDHNU,Isolated Decline,1,1,0,0
KANPUR NAGAR,BILHAUR,Mixed Block,2,0,0,2
KANPUR NAGAR,CHAUBEPUR,Isolated Decline,1,1,0,0
KANPUR NAGAR,GHATAMPUR,Mixed Block,3,0,0,1
KANPUR NAGAR,KAKWAN,Mixed Block,1,0,0,1
KANPUR NAGAR,KALYANPUR,Mixed Block,4,1,1,2
KANPUR NAGAR,PATARA,Mixed Block,2,0,0,2
KANPUR NAGAR,PREMNAGAR,Mixed Block,2,0,1,0
KANPUR NAGAR,SARSAUL,Mixed Block,2,1,0,0
KANPUR NAGAR,SHASTRI NAGAR,Isolated Decline,1,1,0,0
KANPUR NAGAR,SHIVRAJPUR,Mixed Block,1,0,0,1
KANSHIRAM NAGAR,AMAPUR,Mixed Block,2,0,2,0
KANSHIRAM NAGAR,GANJ DUNDWARA,Growth Pocket,3,0,3,0
KANSHIRAM NAGAR,KASGANJ,Mixed Block,1,0,0,0
KANSHIRAM NAGAR,KASGANJ (URBAN),Mixed Block,1,0,0,1
KANSHIRAM NAGAR,PATIYALI,Mixed Block,4,0,2,1
KANSHIRAM NAGAR,SAHAVAR,Isolated Growth,1,0,1,0
KANSHIRAM NAGAR,SORON,Mixed Block,3,0,2,0
KAUSHAMBI,CHAYAL,Isolated Growth,1,0,1,0
KAUSHAMBI,KADA,Mixed Block,3,0,2,0
KAUSHAMBI,KAUSHAMBI,Mixed Block,2,0,1,0
KAUSHAMBI,MANJHANPUR,Mixed Block,3,0,2,0
KAUSHAMBI,MURATGANJ,Mixed Block,3,0,1,0
KAUSHAMBI,NEWADA,Mixed Block,2,0,1,1
KAUSHAMBI,SARSAWAN,Mixed Block,4,0,1,2
KAUSHAMBI,SIRATHU,Growth Pocket,7,0,3,3
KHERI,BANKEGANJ,Growth Pocket,4,0,3,1
KHERI,BEHJAM,Mixed Block,1,0,0,1
KHERI,BIJUA,Mixed Block,2,0,1,1
KHERI,DHAURAHARA,Mixed Block,4,0,1,1
KHERI,ISANAGAR,Mixed Block,5,0,1,1
KHERI,KUMBHI-GOLA,Recovery Cluster,5,0,1,4
KHERI,LAKHIMPUR,Isolated Decline,1,1,0,0
KHERI,LMP,Mixed Block,2,0,1,0
KHERI,MITAULI,Mixed Block,4,0,0,2
KHERI,MOHAMMADI,Mixed Block,2,0,0,2
KHERI,MOM,Mixed Block,1,0,0,1
KHERI,NAKAHA,Mixed Block,2,1,0,1
KHERI,NIGHASAN,Recovery Cluster,6,0,1,3
KHERI,PALIYA,Isolated Decline,5,1,2,2
KHERI,PASGAWAN,Mixed Block,2,0,1,0
KHERI,PHOOL BEHAR,Mixed Block,5,0,1,2
KHERI,RAMIYA BEHAR,Mixed Block,3,0,0,2
KUSHINAGAR,DUDAHI,Mixed Block,1,0,0,0
KUSHINAGAR,HATA,Mixed Block,2,0,0,1
KUSHINAGAR,KASIA,Isolated Growth,1,0,1,0
KUSHINAGAR,KHADDA,Recovery Cluster,6,0,1,3
KUSHINAGAR,MOTICHAK,Isolated Growth,1,0,1,0
KUSHINAGAR,NAURANGIYA,Mixed Block,1,0,0,1
KUSHINAGAR,PADARAUNA,Mixed Block,1,0,0,1
KUSHINAGAR,PADRAUNA (URBAN),Mixed Block,1,0,0,1
KUSHINAGAR,RAMKOLA,Mixed Block,1,0,0,0
KUSHINAGAR,SEORAHI,Mixed Block,4,0,1,0
KUSHINAGAR,TAMKUHI,Mixed Block,1,0,0,1
KUSHINAGAR,VISHUNPURA,Mixed Block,2,0,1,0
LALITPUR,BAR,Mixed Block,5,1,0,1
LALITPUR,BIRDHA,Recovery Cluster,8,1,1,3
LALITPUR,JAKHORA,Recovery Cluster,8,1,1,3
LALITPUR,LALITPUR,Mixed Block,2,1,0,1
LALITPUR,MADAWRA,Mixed Block,3,0,0,2
LALITPUR,MAHRONI,Recovery Cluster,7,1,0,4
LALITPUR,TALBEHAT,Mixed Block,6,1,2,2
LUCKNOW,BAKSHI KA TALAB,Recovery Cluster,7,1,0,3
LUCKNOW,CHINHAT,Isolated Decline,3,1,1,0
LUCKNOW,GOSHAI GANJ,Recovery Cluster,6,1,1,3
LUCKNOW,KAKORI,Mixed Block,6,0,1,1
LUCKNOW,MAAL,Recovery Cluster,4,1,0,3
LUCKNOW,MALIHABAD,Recovery Cluster,4,0,0,3
LUCKNOW,MOHAN LAL GANJ,Decline Cluster,6,3,0,1
LUCKNOW,"NAGAR SHAITRA, LUCKNOW",Mixed Block,12,1,1,2
LUCKNOW,SAROJNI NAGAR,Recovery Cluster,7,1,1,4
MAHARAJGANJ,BRIJMAN GANJ,Mixed Block,2,0,1,0
MAHARAJGANJ,DHANI,Mixed Block,1,0,0,0
MAHARAJGANJ,GHUGHLI,Mixed Block,5,0,1,1
MAHARAJGANJ,LAKSHMIPUR,Mixed Block,2,0,0,1
MAHARAJGANJ,MAHRAJGANJ,Mixed Block,3,0,1,1
MAHARAJGANJ,MITHOURA,Mixed Block,3,0,0,2
MAHARAJGANJ,NICHLOUL,Mixed Block,3,0,1,1
MAHARAJGANJ,NOUTANWA,Mixed Block,2,0,0,0
MAHARAJGANJ,PANIYARA,Mixed Block,3,0,1,2
MAHARAJGANJ,PARTAWAL,Recovery Cluster,4,0,0,3
MAHARAJGANJ,PHARENDA,Mixed Block,1,0,0,0
MAHOBA,CHARKHARI,Mixed Block,4,0,2,0
MAHOBA,CHARKHARI URBAN,Mixed Block,2,1,0,0
MAHOBA,JAITPUR,Recovery Cluster,11,1,1,3
MAHOBA,KABRAI,Mixed Block,9,1,0,2
MAHOBA,NAGAR PALIKA MAHOBA,Mixed Block,2,0,0,1
MAHOBA,PANWARI,Mixed Block,6,1,2,2
MAINPURI,BARNAHAL,Isolated Decline,1,1,0,0
MAINPURI,BEWAR,Mixed Block,3,1,0,1
MAINPURI,GHIROR,Mixed Block,6,0,2,2
MAINPURI,JAGIR,Mixed Block,1,0,0,1
MAINPURI,KARHAL,Mixed Block,4,1,1,0
MAINPURI,KISHANI,Mixed Block,1,0,0,0
MAINPURI,KURAWALI,Mixed Block,1,0,0,1
MAINPURI,MAINPURI,Mixed Block,4,2,0,2
MAINPURI,MAINPURI-CITY,Isolated Decline,1,1,0,0
MAINPURI,SULTANGANJ,Mixed Block,1,0,0,1
MATHURA,BALDEO,Mixed Block,4,1,1,0
MATHURA,CHAUMUHAN,Mixed Block,3,0,1,1
MATHURA,CHHATA,Mixed Block,2,0,0,0
MATHURA,FARAH,Growth Pocket,4,0,3,0
MATHURA,GOVERDHAN,Mixed Block,4,0,1,1
MATHURA,MANT,Mixed Block,5,0,1,2
MATHURA,MATHURA,Growth Pocket,4,0,3,0
MATHURA,NANDGAON,Mixed Block,3,0,1,0
MATHURA,NOHJHEEL,Mixed Block,2,0,0,2
MATHURA,RAYA,Mixed Block,5,1,1,0
MAU,BADRAW,Mixed Block,2,0,1,1
MAU,DOHRIGHAT,Mixed Block,2,0,0,1
MAU,GHOSI,Mixed Block,2,0,0,0
MAU,KOPAGANG,Isolated Growth,1,0,1,0
MAU,MOHAMMADABAD,Mixed Block,2,0,0,0
MAU,NAGAR KSHETRA MAU,Mixed Block,1,0,0,0
MAU,PARDAHA,Mixed Block,1,0,0,0
MAU,RANIPUR,Isolated Growth,1,0,1,0
MAU,RATANPURA,Mixed Block,5,0,1,1
MEERUT,DAURALA,Mixed Block,3,0,0,2
MEERUT,HASTINAPUR,Mixed Block,5,0,1,2
MEERUT,JANI,Mixed Block,3,0,1,1
MEERUT,KHARKHODA,Mixed Block,8,2,2,1
MEERUT,MACHRA,Mixed Block,4,0,1,1
MEERUT,MAWANA,Mixed Block,3,0,0,2
MEERUT,MEERUT,Mixed Block,2,0,1,1
MEERUT,MEERUT NAGAR,Mixed Block,4,2,0,0
MEERUT,PARIKSHIT GARH,Mixed Block,5,1,1,1
MEERUT,RAJPURA,Mixed Block,3,0,1,1
MEERUT,ROHTA,Mixed Block,3,0,1,2
MEERUT,SARDHANA,Mixed Block,3,0,0,1
MEERUT,SARURPUR,Mixed Block,6,0,2,1
MIRZAPUR,CHHANBEY,Recovery Cluster,7,0,2,3
MIRZAPUR,HALIA,Recovery Cluster,10,0,1,3
MIRZAPUR,JAMALPUR,Mixed Block,2,0,0,0
MIRZAPUR,KONE,Growth Pocket,6,0,4,1
MIRZAPUR,LALGANJ,Growth Pocket,7,0,4,1
MIRZAPUR,MAJHAWA,Mixed Block,3,0,0,0
MIRZAPUR,MARIHAN,Mixed Block,3,0,1,2
MIRZAPUR,NAGAR,Mixed Block,6,0,1,0
MIRZAPUR,NAGAR PALIKA,Mixed Block,3,2,0,0
MIRZAPUR,NARAYANPUR,Isolated Decline,1,1,0,0
MIRZAPUR,PAHARI,Recovery Cluster,6,2,0,3
MIRZAPUR,RAJGARH,Mixed Block,4,0,2,2
MIRZAPUR,SEEKHAR,Recovery Cluster,3,0,0,3
MORADABAD,BHAGATPUR TANDA,Mixed Block,5,0,1,2
MORADABAD,BILARI,Growth Pocket,7,0,3,3
MORADABAD,CHAJLET,Recovery Cluster,7,2,1,3
MORADABAD,DILARI,Growth Pocket,5,0,3,0
MORADABAD,KUNDERKI,Recovery Cluster,6,0,1,3
MORADABAD,MORADABAD,Growth Pocket,5,1,3,0
MORADABAD,MORADABAD CITY BOYS,Mixed Block,1,0,0,0
MORADABAD,MORADABAD CITY GIRLS,Mixed Block,1,0,0,0
MORADABAD,MUNDAPANDAY,Recovery Cluster,6,0,2,3
MORADABAD,THAKURDWARA,Growth Pocket,7,0,3,1
MUZAFFARNAGAR,BAGHRA,Isolated Decline,3,1,1,1
MUZAFFARNAGAR,BUDHANA,Growth Pocket,10,0,4,3
MUZAFFARNAGAR,CHARTHAWAL,Mixed Block,3,1,0,0
MUZAFFARNAGAR,JANSATH,Growth Pocket,9,0,5,2
MUZAFFARNAGAR,KHATAULI,Mixed Block,3,1,0,1
MUZAFFARNAGAR,MORNA,Mixed Block,4,0,0,1
MUZAFFARNAGAR,PURKAJI,Recovery Cluster,5,2,0,3
MUZAFFARNAGAR,SADAR,Growth Pocket,5,0,3,0
MUZAFFARNAGAR,SADAR [TOWN AREA],Mixed Block,1,0,0,0
MUZAFFARNAGAR,SHAHPUR,Mixed Block,5,0,1,0
PILIBHIT,AMARIA,Mixed Block,8,0,2,2
PILIBHIT,BARKHERA,Mixed Block,4,1,0,0
PILIBHIT,BILSANDA,Mixed Block,5,0,0,2
PILIBHIT,BISALPUR,Mixed Block,2,0,0,1
PILIBHIT,LALORIKHERA,Mixed Block,2,0,0,0
PILIBHIT,MARORI,Recovery Cluster,4,0,0,3
PILIBHIT,N. P. PILIBHIT,Mixed Block,3,0,1,0
PILIBHIT,PURANPUR,Decline Cluster,7,3,2,1
PRATAPGARH,AASPUR-DEOSARA,Recovery Cluster,5,0,1,4
PRATAPGARH,BABA BHELKHARNATH,Mixed Block,2,0,1,0
PRATAPGARH,BABAGANJ,Mixed Block,2,0,0,1
PRATAPGARH,BIHAR,Mixed Block,3,1,0,1
PRATAPGARH,CITY(PRATAPGARH BELHA),Mixed Block,2,1,0,1
PRATAPGARH,GAURA,Recovery Cluster,5,0,1,3
PRATAPGARH,KALAKANKER,Mixed Block,3,0,0,2
PRATAPGARH,LALGANJ,Mixed Block,1,0,0,1
PRATAPGARH,LAXMANPUR,Mixed Block,2,0,0,2
PRATAPGARH,MANDHATA,Mixed Block,2,1,0,1
PRATAPGARH,MANGRAURA,Mixed Block,3,0,2,1
PRATAPGARH,PATTI,Mixed Block,3,0,1,0
PRATAPGARH,SADAR,Isolated Growth,1,0,1,0
PRATAPGARH,SADWA-CHANDRIKA,Mixed Block,2,0,1,0
PRATAPGARH,SANGIPUR,Mixed Block,3,0,1,2
PRATAPGARH,SHIVGARH,Mixed Block,4,0,0,1
PRAYAGRAJ,BAHARIYA,Mixed Block,2,0,0,2
PRAYAGRAJ,CHAKA,Mixed Block,3,2,0,1
PRAYAGRAJ,DHANUPUR,Isolated Growth,1,0,1,0
PRAYAGRAJ,HANDIA,Mixed Block,2,1,0,0
PRAYAGRAJ,JASARA,Mixed Block,2,0,0,1
PRAYAGRAJ,KARCHHANA,Mixed Block,1,0,0,0
PRAYAGRAJ,KORAON,Isolated Decline,3,1,2,0
PRAYAGRAJ,MANDA,Mixed Block,4,1,0,0
PRAYAGRAJ,MAUAIMA,Mixed Block,1,0,0,1
PRAYAGRAJ,MEJA,Mixed Block,2,0,0,1
PRAYAGRAJ,NAGAR CHHETRA,Isolated Growth,4,2,1,0
PRAYAGRAJ,PHOOLPUR,Mixed Block,2,0,0,1
PRAYAGRAJ,PRATAP PUR,Mixed Block,1,0,0,0
PRAYAGRAJ,SAIDABAD,Isolated Growth,1,0,1,0
PRAYAGRAJ,SHANKAR GARH,Mixed Block,3,0,2,1
PRAYAGRAJ,SORAON,Mixed Block,1,0,0,1
PRAYAGRAJ,URUWA,Mixed Block,2,0,0,1
RAE BARELI,AMAWAN,Mixed Block,3,0,2,0
RAE BARELI,BACHHRAWAN,Mixed Block,2,0,2,0
RAE BARELI,CHHATOH,Mixed Block,3,1,0,0
RAE BARELI,DALMAU,Isolated Growth,1,0,1,0
RAE BARELI,DEEH,Mixed Block,3,0,0,0
RAE BARELI,GAURA,Mixed Block,2,1,0,1
RAE BARELI,HARCHANDPUR,Isolated Decline,3,1,1,0
RAE BARELI,JAGATPUR,Mixed Block,2,0,1,1
RAE BARELI,KHIRON,Mixed Block,3,0,1,1
RAE BARELI,LALGANJ,Mixed Block,2,0,0,0
RAE BARELI,MAHRAJGANJ,Isolated Decline,5,1,2,0
RAE BARELI,NAGAR SHETRA (RBL),Mixed Block,3,2,0,1
RAE BARELI,RAHI,Mixed Block,3,0,0,1
RAE BARELI,ROHANIYA,Mixed Block,3,0,1,1
RAE BARELI,SALON,Mixed Block,2,0,0,0
RAE BARELI,SARENI,Mixed Block,1,0,0,1
RAE BARELI,SATAON,Mixed Block,2,0,1,0
RAE BARELI,SHIVGARH,Mixed Block,2,1,0,0
RAMPUR,BILASPUR,Decline Cluster,7,3,1,0
RAMPUR,CHAMRAUVA,Mixed Block,4,0,2,2
RAMPUR,MILAK,Isolated Decline,1,1,0,0
RAMPUR,SAID NAGAR,Growth Pocket,5,0,3,1
RAMPUR,SHAHBAD,Mixed Block,7,2,2,0
RAMPUR,SUAR,Growth Pocket,9,0,3,3
RAMPUR,TOWN AREA RAMPUR,Mixed Block,10,2,0,2
SAHARANPUR,BALIA KHEDI,Mixed Block,3,2,0,1
SAHARANPUR,DEOBAND,Recovery Cluster,5,0,0,3
SAHARANPUR,GANGOH,Mixed Block,7,0,1,2
SAHARANPUR,MUZAFFARABAD,Recovery Cluster,8,0,1,4
SAHARANPUR,NAGAL,Mixed Block,4,0,0,1
SAHARANPUR,NAKUR,Recovery Cluster,8,2,1,3
SAHARANPUR,NANAUTA,Mixed Block,4,0,1,1
SAHARANPUR,PUNWARKA,Growth Pocket,9,1,3,3
SAHARANPUR,RAMPUR MANIHARAN,Mixed Block,2,0,0,1
SAHARANPUR,SADHOLI KADIM,Recovery Cluster,5,0,0,3
SAHARANPUR,SARSAVA,Mixed Block,5,0,2,0
SAHARANPUR,T.A. DEOBAND,Mixed Block,1,0,0,0
SAHARANPUR,T.A. SAHAHRANPUR,Mixed Block,3,0,1,2
SAMBHAL (BHIM NAGAR),ASMOLI,Mixed Block,3,0,1,1
SAMBHAL (BHIM NAGAR),BANIYAKHERA,Mixed Block,2,0,0,0
SAMBHAL (BHIM NAGAR),BEHJOI,Mixed Block,2,0,1,0
SAMBHAL (BHIM NAGAR),GUNNOR,Isolated Growth,1,0,1,0
SAMBHAL (BHIM NAGAR),JUNAVAI,Isolated Growth,1,0,1,0
SAMBHAL (BHIM NAGAR),PAWANSA,Mixed Block,2,0,2,0
SAMBHAL (BHIM NAGAR),RAJPURA,Isolated Growth,1,0,1,0
SAMBHAL (BHIM NAGAR),SAMBHAL,Growth Pocket,3,0,3,0
SAMBHAL (BHIM NAGAR),SAMBHAL CITY,Mixed Block,2,0,0,0
SANT KABIR NAGAR,BAGHAULI,Mixed Block,5,0,2,1
SANT KABIR NAGAR,BELHAR KALA,Mixed Block,1,0,0,0
SANT KABIR NAGAR,HAINSAR BAZAR,Mixed Block,2,0,1,0
SANT KABIR NAGAR,KHALILABAD,Mixed Block,3,0,0,1
SANT KABIR NAGAR,MEHNDAVAL,Isolated Growth,1,0,1,0
SANT KABIR NAGAR,NATHNAGAR,Isolated Growth,1,0,1,0
SANT KABIR NAGAR,PAULI,Isolated Decline,1,1,0,0
SANT KABIR NAGAR,SANTHA,Mixed Block,1,0,0,0
SANT KABIR NAGAR,SEMARINYAVA,Mixed Block,5,0,1,1
SHAHJAHANPUR,BANDA,Recovery Cluster,5,0,1,3
SHAHJAHANPUR,BHAWALKHERA,Mixed Block,3,0,0,1
SHAHJAHANPUR,DADRAUL,Growth Pocket,8,0,3,1
SHAHJAHANPUR,JAITIPUR,Mixed Block,2,0,0,2
SHAHJAHANPUR,JALALABAD,Isolated Decline,3,1,1,0
SHAHJAHANPUR,KALAN,Mixed Block,4,0,1,2
SHAHJAHANPUR,KANTH,Recovery Cluster,5,0,2,3
SHAHJAHANPUR,KATRA KHUDAGANJ,Mixed Block,2,0,1,0
SHAHJAHANPUR,KHUTAR,Mixed Block,2,0,1,0
SHAHJAHANPUR,MADNAPUR,Mixed Block,2,0,0,2
SHAHJAHANPUR,MIRJAPUR,Mixed Block,2,0,0,1
SHAHJAHANPUR,NIGOHI,Mixed Block,2,0,0,2
SHAHJAHANPUR,PUWAYA,Mixed Block,4,0,1,2
SHAHJAHANPUR,SINDHAULI,Isolated Decline,3,1,1,1
SHAHJAHANPUR,T.A.SHAHJAHANPUR,Mixed Block,2,0,0,0
SHAHJAHANPUR,TILHAR,Recovery Cluster,5,0,0,3
SHAMLI (PRABUDH NAGAR),KAIRANA,Mixed Block,4,1,1,2
SHAMLI (PRABUDH NAGAR),KANDHLA,Mixed Block,3,0,1,1
SHAMLI (PRABUDH NAGAR),KANDHLA [TOWN AREA],Isolated Decline,1,1,0,0
SHAMLI (PRABUDH NAGAR),OON,Recovery Cluster,7,1,2,3
SHAMLI (PRABUDH NAGAR),SHAMLI,Mixed Block,2,0,1,1
SHAMLI (PRABUDH NAGAR),THANABHAWAN,Mixed Block,4,0,1,0
SHRAWASTI,GILAULA,Mixed Block,4,0,0,2
SHRAWASTI,HARIHARPUR RANI,Growth Pocket,7,0,4,3
SHRAWASTI,IKAUNA,Recovery Cluster,5,0,1,3
SHRAWASTI,JAMUNHA,Mixed Block,4,0,0,1
SHRAWASTI,SIRSIYA,Growth Pocket,8,0,3,3
SIDDHARTHNAGAR,BANSI,Mixed Block,3,0,0,2
SIDDHARTHNAGAR,BARHANI,Mixed Block,2,0,1,1
SIDDHARTHNAGAR,BHANVAPUR,Mixed Block,1,0,0,0
SIDDHARTHNAGAR,BIRDPUR,Mixed Block,3,0,1,0
SIDDHARTHNAGAR,DUMARIYAGANJ,Mixed Block,4,0,0,2
SIDDHARTHNAGAR,ITAVA,Mixed Block,3,1,0,1
SIDDHARTHNAGAR,JOGIYA,Isolated Decline,1,1,0,0
SIDDHARTHNAGAR,KHESARAHA,Mixed Block,2,0,0,1
SIDDHARTHNAGAR,KHUNIYANV,Mixed Block,3,0,2,1
SIDDHARTHNAGAR,MITHAVAL,Mixed Block,1,0,0,1
SIDDHARTHNAGAR,NAUGARH,Mixed Block,4,0,0,1
SIDDHARTHNAGAR,SHOHARATGARH,Mixed Block,1,0,0,0
SITAPUR,ALIYA,Mixed Block,3,0,1,2
SITAPUR,BEHTA,Recovery Cluster,6,0,2,4
SITAPUR,BISWAN,Isolated Decline,3,1,1,1
SITAPUR,GONDLAMAU,Mixed Block,2,0,0,1
SITAPUR,HARGAON,Mixed Block,2,0,1,0
SITAPUR,KASMANDA,Mixed Block,2,0,1,0
SITAPUR,KHAIRABAD,Mixed Block,2,0,1,0
SITAPUR,LAHARPUR,Growth Pocket,3,0,3,0
SITAPUR,MACHHAREHTA,Mixed Block,3,0,0,2
SITAPUR,MAHMOODABAD,Growth Pocket,4,0,3,1
SITAPUR,MAHOLI,Mixed Block,2,0,1,1
SITAPUR,MISRIKH,Mixed Block,3,0,1,0
SITAPUR,N.K.BISWAN,Isolated Decline,1,1,0,0
SITAPUR,N.K.KHAIRABAD,Mixed Block,1,0,0,0
SITAPUR,N.K.SITAPUR,Mixed Block,2,0,0,0
SITAPUR,PAHALA,Mixed Block,4,0,2,1
SITAPUR,PARSENDI,Mixed Block,1,0,0,0
SITAPUR,PISAWAN,Mixed Block,4,0,2,0
SITAPUR,RAMPURMATHURA,Mixed Block,5,0,1,1
SITAPUR,REUSA,Mixed Block,2,0,1,1
SITAPUR,SAKARAN,Mixed Block,3,0,0,0
SITAPUR,SIDHAULI,Recovery Cluster,4,0,0,3
SONBHADRA,BABHANI,Recovery Cluster,4,0,1,3
SONBHADRA,CHATRA,Mixed Block,2,0,1,0
SONBHADRA,CHOPAN,Growth Pocket,8,1,3,2
SONBHADRA,DUDHI,Mixed Block,6,0,2,0
SONBHADRA,GHORAWAL,Mixed Block,7,0,2,0
SONBHADRA,MYORPUR,Recovery Cluster,9,0,1,7
SONBHADRA,NAGWA,Recovery Cluster,9,0,0,4
SONBHADRA,ROBERTSGANJ,Mixed Block,3,0,0,1
SULTANPUR,BALDIRAI,Mixed Block,3,0,0,2
SULTANPUR,BHADAIYAN,Mixed Block,5,0,0,2
SULTANPUR,DHANPATGANJ,Isolated Decline,2,1,1,0
SULTANPUR,DOSTPUR,Mixed Block,2,0,0,1
SULTANPUR,DUBEYPUR,Mixed Block,2,0,1,0
SULTANPUR,JAISINGHPUR,Mixed Block,2,1,0,0
SULTANPUR,KADIPUR,Mixed Block,1,0,0,1
SULTANPUR,KARAUNDI KALA,Mixed Block,1,0,0,0
SULTANPUR,KUREBHAR,Mixed Block,2,0,0,0
SULTANPUR,KURWAR,Mixed Block,2,2,0,0
SULTANPUR,MOTIGARPUR,Mixed Block,2,0,0,2
SULTANPUR,SULTANPUR CITY,Mixed Block,2,0,0,0
UNNAO,ASOHA,Mixed Block,1,0,0,0
UNNAO,AURAS,Mixed Block,5,0,1,1
UNNAO,BAGARMAU,Mixed Block,3,0,0,1
UNNAO,BICHHIYA,Mixed Block,2,1,0,1
UNNAO,BIGHAPUR,Mixed Block,2,0,0,0
UNNAO,CITI AREA,Mixed Block,2,1,0,0
UNNAO,FATEHPUR 84,Mixed Block,1,0,0,1
UNNAO,GANGMURADABAD,Mixed Block,2,0,1,0
UNNAO,HASANGANJ,Mixed Block,1,0,0,1
UNNAO,HILOULI,Mixed Block,3,0,1,1
UNNAO,MIYAGANJ,Mixed Block,2,0,0,1
UNNAO,NAVABGANJ,Mixed Block,5,1,0,2
UNNAO,PURWA,Mixed Block,2,0,1,0
UNNAO,SAFIPUR,Mixed Block,2,0,1,0
UNNAO,SIKANDERPUR KARN,Mixed Block,4,0,1,0
UNNAO,SIKANDERPUR SAROSI,Mixed Block,2,0,1,1
UNNAO,SUMERPUR,Mixed Block,1,0,0,1
VARANASI,ARAJILINES,Recovery Cluster,9,2,1,5
VARANASI,BARAGAON,Mixed Block,2,0,2,0
VARANASI,CHIRAIGAON,Mixed Block,3,0,2,0
VARANASI,CHOLAPUR,Mixed Block,2,0,1,0
VARANASI,HARHUA,Mixed Block,2,0,0,2
VARANASI,KASHIVIDYAPEETH,Mixed Block,2,0,0,1
VARANASI,NAGAR NIGAM,Mixed Block,2,2,0,0
VARANASI,NAGAR PALIKA RAMNAGAR,Mixed Block,2,0,0,1
VARANASI,PINDRA,Mixed Block,2,0,0,1
VARANASI,SEWAPURI,Recovery Cluster,5,0,0,4
