District,Block,Total_Declining_Schools,Most_Common_Reason
AGRA,AKOLA,1,Social/Gender Barrier
AGRA,BAH,1,Higher Education Transition Issue
AGRA,BAROLI AHEER,2,Higher Education Transition Issue
AGRA,BICHPURI,1,Higher Education Transition Issue
AGRA,ETMADPUR,1,Higher Education Transition Issue
AGRA,FATEHABAD,1,Social/Gender Barrier
AGRA,FATEHPUR  SIKRI,1,Higher Education Transition Issue
AGRA,JAITPUR  KALAN,2,Higher Education Transition Issue
AGRA,KHERAGARH,1,Undetermined
AGRA,M.C.AGRA CITY,1,Undetermined
ALIGARH,AKRABAD,1,Higher Education Transition Issue
ALIGARH,ATRAULI,3,Higher Education Transition Issue
ALIGARH,BIJAULI,1,Higher Education Transition Issue
ALIGARH,CHANDAUS,1,Undetermined
ALIGARH,DHANIPUR,1,Higher Education Transition Issue
ALIGARH,GONDA,3,Migration/Population Shift
ALIGARH,IGLAS,1,Higher Education Transition Issue
ALIGARH,JAWAN,2,Higher Education Transition Issue
ALIGARH,KHAIR,2,Social/Gender Barrier
ALIGARH,NAGAR ATRAULI,1,Undetermined
AMBEDKAR NAGAR,AKBARPUR,2,Higher Education Transition Issue
AMBEDKAR NAGAR,BASKHARI,1,Higher Education Transition Issue
AMBEDKAR NAGAR,JAHANGIRGANJ,1,Higher Education Transition Issue
AMBEDKAR NAGAR,RAMNAGAR,1,Higher Education Transition Issue
AMBEDKAR NAGAR,TANDA,3,Higher Education Transition Issue
AMETHI - CSM NAGAR,AMETHI,2,Higher Education Transition Issue
AMETHI - CSM NAGAR,BAHADURPUR,4,Infrastructure/External Shock
AMETHI - CSM NAGAR,BHADAR,3,Undetermined
AMETHI - CSM NAGAR,GAURIGANJ,1,Higher Education Transition Issue
AMETHI - CSM NAGAR,JAGDISHPUR,2,Social/Gender Barrier
AMETHI - CSM NAGAR,JAMO,1,Higher Education Transition Issue
AMETHI - CSM NAGAR,MUSAFIRKHANA,2,Undetermined
AMETHI - CSM NAGAR,SHAHGARH,1,Undetermined
AMETHI - CSM NAGAR,SHUKULBAZAR,1,Higher Education Transition Issue
AMETHI - CSM NAGAR,SINGHPUR,1,Low Enrollment at Board Class Boundary
AMETHI - CSM NAGAR,TILOI,1,Higher Education Transition Issue
AURAIYA,ACHHALDA,2,Higher Education Transition Issue
AURAIYA,AURAIYA,1,Social/Gender Barrier
AURAIYA,BHAGYANAGAR,2,Undetermined
AURAIYA,SAHAR,1,Higher Education Transition Issue
AZAMGARH,ATRAULIYA,1,Undetermined
AZAMGARH,AZAMGRAH,1,Infrastructure/External Shock
AZAMGARH,BILARIYAGANJ,1,Low Enrollment at Board Class Boundary
AZAMGARH,FOOLPOOR,1,Social/Gender Barrier
AZAMGARH,HARRAIYA,3,Social/Gender Barrier
AZAMGARH,JAHANAGANJ,1,Social/Gender Barrier
AZAMGARH,PAWAE,2,Higher Education Transition Issue
AZAMGARH,TAHBERPUR,1,Higher Education Transition Issue
AZAMGARH,THEKMA,1,Higher Education Transition Issue
BAGHPAT,BAGPAT,2,Higher Education Transition Issue
BAGHPAT,BAROUT URBAN,1,Higher Education Transition Issue
BAGHPAT,BINOLY,1,Undetermined
BAGHPAT,KHEKRA,1,Social/Gender Barrier
BAGHPAT,PILANA,1,Social/Gender Barrier
BAHRAICH,BALHA,1,Higher Education Transition Issue
BAHRAICH,CHITTAURA,1,Higher Education Transition Issue
BAHRAICH,FAKHAR PUR,1,Social/Gender Barrier
BAHRAICH,HUJUR PUR,3,Higher Education Transition Issue
BAHRAICH,JARWAL,1,Higher Education Transition Issue
BAHRAICH,KAISER GANJ,2,Social/Gender Barrier
BAHRAICH,MAHSI,2,Higher Education Transition Issue
BAHRAICH,NAGAR AREA,1,Undetermined
BAHRAICH,RISIA,1,Higher Education Transition Issue
BAHRAICH,SHIV PUR,1,Social/Gender Barrier
BAHRAICH,VISHESHWAR  GANJ,1,Higher Education Transition Issue
BALLIA,BALLIA N.P.,2,Undetermined
BALLIA,BANSDEEH,1,Higher Education Transition Issue
BALLIA,BELAHARI,1,Higher Education Transition Issue
BALLIA,CHILKAHAR,1,Higher Education Transition Issue
BALLIA,GARWAR,1,Higher Education Transition Issue
BALLIA,MURLI CHHAPRA,1,Higher Education Transition Issue
BALLIA,NAGARA,3,Social/Gender Barrier
BALLIA,NAVANAGAR,1,Higher Education Transition Issue
BALLIA,PANDAH,2,Economic/Child Labour
BALLIA,RASARA,2,Undetermined
BALLIA,REVATI,1,Social/Gender Barrier
BALLIA,SOHAWN,1,Low Enrollment at Board Class Boundary
BALRAMPUR,BALRAMPUR,3,Higher Education Transition Issue
BALRAMPUR,GAINSARI,1,Social/Gender Barrier
BALRAMPUR,REHRA BAZAR,1,Higher Education Transition Issue
BALRAMPUR,SHRIDUTTGANJ,3,Higher Education Transition Issue
BALRAMPUR,TULSIPUR,1,Higher Education Transition Issue
BALRAMPUR,UTRAULA (MUN. CORP.),1,Higher Education Transition Issue
BANDA,BABERU,1,Higher Education Transition Issue
BANDA,BADOKHAR KHURD,3,Higher Education Transition Issue
BANDA,BISANDA,1,Migration/Population Shift
BANDA,JASPURA,2,Social/Gender Barrier
BANDA,KAMASIN,2,Undetermined
BANDA,MAHUWA,1,Higher Education Transition Issue
BANDA,NAGAR KSHETRA,2,Higher Education Transition Issue
BANDA,NARAINI,5,Higher Education Transition Issue
BANDA,TINDWARI,3,Undetermined
BARABANKI,BANKI,3,Social/Gender Barrier
BARABANKI,DARIYA BAD,1,Higher Education Transition Issue
BARABANKI,HAIDAR GARH,1,Higher Education Transition Issue
BARABANKI,HARAKH,2,Undetermined
BARABANKI,MASAULI,2,Undetermined
BARABANKI,NINDURA,3,Higher Education Transition Issue
BARABANKI,SIDDHAOR,1,Higher Education Transition Issue
BARABANKI,SURAT GANJ,1,Higher Education Transition Issue
BAREILLY,BAHERI,1,Social/Gender Barrier
BAREILLY,BAHERI TOWN,1,Undetermined
BAREILLY,BAREILLY TOWN,1,Undetermined
BAREILLY,BHADPURA,2,Higher Education Transition Issue
BAREILLY,BHOJIPURA,1,Higher Education Transition Issue
BAREILLY,FATEHGANJ,1,Migration/Population Shift
BAREILLY,KYARA,1,Higher Education Transition Issue
BAREILLY,MAJHGAWAN,1,Migration/Population Shift
BAREILLY,NAWABGANJ,4,Higher Education Transition Issue
BAREILLY,RAMNAGAR,1,Higher Education Transition Issue
BAREILLY,RICHHA(DAMKHODA),1,Higher Education Transition Issue
BAREILLY,VITHARI CHAINPUR,1,Higher Education Transition Issue
BASTI,GAUR,3,Higher Education Transition Issue
BASTI,PARSHURAMPUR,1,Low Enrollment at Board Class Boundary
BASTI,TOWN AREA,2,Undetermined
BHADOI,ABHOLI,2,Social/Gender Barrier
BHADOI,AURAI,2,Social/Gender Barrier
BHADOI,BHADOHI,3,Higher Education Transition Issue
BHADOI,DEEGH,2,Higher Education Transition Issue
BHADOI,GYANPUR,1,Higher Education Transition Issue
BHADOI,SURIYAVAN,1,Higher Education Transition Issue
BIJNOR,AFZALGRAH,4,Migration/Population Shift
BIJNOR,ALLHEPUR(DHAMPUR),2,Low Enrollment at Board Class Boundary
BIJNOR,BIJNOR(NAGAR),2,Higher Education Transition Issue
BIJNOR,HALDAUR,2,Undetermined
BIJNOR,JALILPUR,1,Higher Education Transition Issue
BIJNOR,KIRATPUR,3,Undetermined
BIJNOR,KOTWALI,5,Higher Education Transition Issue
BIJNOR,NAJIBABAD,2,Undetermined
BIJNOR,NAJIBABAD(NAGAR),1,Undetermined
BUDAUN,AMBIYAPUR,1,Social/Gender Barrier
BUDAUN,BISAULI,3,Undetermined
BUDAUN,BUDAUN CITY,2,Undetermined
BUDAUN,JAGAT,1,Higher Education Transition Issue
BUDAUN,MIAUN,1,Social/Gender Barrier
BUDAUN,SALARPUR,1,Economic/Child Labour
BUDAUN,SAMRER,1,Social/Gender Barrier
BUDAUN,UJHANI,2,Higher Education Transition Issue
BUDAUN,USAWAN,1,Higher Education Transition Issue
BULANDSHAHR,BULANDSHAHR,2,Higher Education Transition Issue
BULANDSHAHR,DANPUR,1,Higher Education Transition Issue
BULANDSHAHR,DEBAI,1,Higher Education Transition Issue
BULANDSHAHR,SHIKARPUR,1,Higher Education Transition Issue
CHANDAULI,BARAHANI,1,Higher Education Transition Issue
CHANDAULI,CHAKIYA,1,Higher Education Transition Issue
CHANDAULI,NAUGARH,4,Higher Education Transition Issue
CHANDAULI,SHAHABGANJ,2,Higher Education Transition Issue
CHITRAKOOT,CHITRAKOOT,3,Higher Education Transition Issue
CHITRAKOOT,MANIKPUR,3,Higher Education Transition Issue
CHITRAKOOT,MAU,1,Higher Education Transition Issue
CHITRAKOOT,PAHADI,1,Social/Gender Barrier
CHITRAKOOT,RAM NAGAR,1,Higher Education Transition Issue
DEORIA,BARAHAJ,1,Higher Education Transition Issue
DEORIA,BHATNI,1,Social/Gender Barrier
DEORIA,DEORIA NAGAR KSHETRA,1,Undetermined
DEORIA,GAURI BAZAR,2,Undetermined
DEORIA,PATTHRDEVA,2,Social/Gender Barrier
DEORIA,RUDRAPUR,1,Social/Gender Barrier
DEORIA,SALIMPUR,1,Higher Education Transition Issue
ETAH,ALIGANJ,1,Undetermined
ETAH,AWAGARH,1,Social/Gender Barrier
ETAH,ETAH (URBAN),2,Undetermined
ETAH,JAITHARA,1,Social/Gender Barrier
ETAH,JALESAR,1,Higher Education Transition Issue
ETAH,JALESAR (URBAN),1,Higher Education Transition Issue
ETAH,MARHARA,1,Higher Education Transition Issue
ETAH,NIDHAULI KALAN,1,Higher Education Transition Issue
ETAWAH,BARHPURA,1,Undetermined
ETAWAH,CHAKARNAGAR,1,Higher Education Transition Issue
ETAWAH,ETAWAH NAGAR CHETRA,2,Migration/Population Shift
ETAWAH,JASWANT NAGAR,1,Social/Gender Barrier
ETAWAH,MAHEWA,1,Higher Education Transition Issue
ETAWAH,SAIFAI,2,Social/Gender Barrier
FAIZABAD,AMANIGANJ,1,Higher Education Transition Issue
FAIZABAD,AYODHYA TOWN AREA,3,Undetermined
FAIZABAD,MASAUDHA,1,Low Enrollment at Board Class Boundary
FAIZABAD,MAYA,1,Infrastructure/External Shock
FAIZABAD,TARUN,1,Undetermined
FARRUKHABAD,NAG. KSH.FAR.BAD,2,Undetermined
FARRUKHABAD,NAWABGANJ,1,Higher Education Transition Issue
FARRUKHABAD,SHAMSABAD,1,Higher Education Transition Issue
FATEHPUR,AIRAYAN,1,Higher Education Transition Issue
FATEHPUR,AMAULI,1,Higher Education Transition Issue
FATEHPUR,ASHOTHAR,1,Higher Education Transition Issue
FATEHPUR,BAHUA,2,Economic/Child Labour
FATEHPUR,DEOMAI,1,Higher Education Transition Issue
FATEHPUR,KHAJUHA,2,Higher Education Transition Issue
FATEHPUR,MALAWAN,2,Social/Gender Barrier
FATEHPUR,NAGAR FATEHPUR,2,Undetermined
FIROZABAD,ARAWN,2,Social/Gender Barrier
FIROZABAD,EKA,1,Higher Education Transition Issue
FIROZABAD,FIROZABAD,1,Higher Education Transition Issue
FIROZABAD,MADANPUR,1,Higher Education Transition Issue
FIROZABAD,SHIKOHABAD,1,Migration/Population Shift
FIROZABAD,TUNDLA,2,Undetermined
GAUTAM BUDDHA NAGAR,DANKAUR,1,Low Enrollment at Board Class Boundary
GHAZIABAD,BHOJPUR,1,Higher Education Transition Issue
GHAZIABAD,GHAZIABAD (MUN.AREA),1,Migration/Population Shift
GHAZIABAD,MURAD NAGAR,1,Higher Education Transition Issue
GHAZIABAD,RAZAPUR,1,Social/Gender Barrier
GHAZIPUR,BIRNO,1,Higher Education Transition Issue
GHAZIPUR,MANIHARI,3,Higher Education Transition Issue
GHAZIPUR,NAGAR CHHETRA,1,Undetermined
GHAZIPUR,SADAT,1,Undetermined
GHAZIPUR,SAIDPUR,1,Social/Gender Barrier
GONDA,BELSAR,1,Higher Education Transition Issue
GONDA,GONDA(MUN. CORP.),1,Undetermined
GONDA,HALDHARMAU,1,Higher Education Transition Issue
GONDA,JHANJHRI,2,Higher Education Transition Issue
GONDA,TARABGANJ,1,Higher Education Transition Issue
GORAKHPUR,BAANSGAON,1,Undetermined
GORAKHPUR,BELGHAT,1,Higher Education Transition Issue
GORAKHPUR,CAMPIARGANJ,1,Higher Education Transition Issue
GORAKHPUR,CHARGANWA,2,Higher Education Transition Issue
GORAKHPUR,KAUDIRAM,1,Higher Education Transition Issue
GORAKHPUR,KHAJNI,1,Undetermined
GORAKHPUR,NAGAR KSHETRA,2,Undetermined
GORAKHPUR,PIPRAICH,1,Social/Gender Barrier
GORAKHPUR,PIPRAULI,1,Higher Education Transition Issue
GORAKHPUR,SAHJANWA,1,Social/Gender Barrier
GORAKHPUR,SARDARNAGAR,1,Undetermined
HAMIRPUR (U.P.),MAUDHA,1,Higher Education Transition Issue
HAMIRPUR (U.P.),NP HAMIRPUR,1,Undetermined
HAMIRPUR (U.P.),NP RATH,1,Undetermined
HAMIRPUR (U.P.),SARILA,2,Migration/Population Shift
HAMIRPUR (U.P.),SUMERPUR,1,Higher Education Transition Issue
HAPUR (PANCHSHEEL NAGAR),GARH MUKTESWAR,2,Higher Education Transition Issue
HAPUR (PANCHSHEEL NAGAR),HAPUR,2,Higher Education Transition Issue
HAPUR (PANCHSHEEL NAGAR),SIMBHAWALI,1,Higher Education Transition Issue
HARDOI,AHIRORI,1,Higher Education Transition Issue
HARDOI,BHARAWAN,1,Higher Education Transition Issue
HARDOI,BHARKHANI,2,Higher Education Transition Issue
HARDOI,BILGRAM,1,Higher Education Transition Issue
HARDOI,HARIYAWAN,1,Social/Gender Barrier
HARDOI,KOTHAWAN,1,Higher Education Transition Issue
HARDOI,MALLAWA,1,Social/Gender Barrier
HARDOI,SANDI,1,Higher Education Transition Issue
HARDOI,SHAHABAD,1,Social/Gender Barrier
HARDOI,TANDIYAWA,2,Social/Gender Barrier
HARDOI,TN.AR.  PIHANI,1,Higher Education Transition Issue
HARDOI,TN.AR. HARDOI,1,Infrastructure/External Shock
HARDOI,TN.AR. SANDILA,1,Undetermined
HARDOI,TONDARPUR,2,Higher Education Transition Issue
HATHRAS,HASAYAN,1,Higher Education Transition Issue
HATHRAS,HATHRAS,2,Higher Education Transition Issue
HATHRAS,SADABAD,1,Higher Education Transition Issue
HATHRAS,SASNI,1,Higher Education Transition Issue
HATHRAS,SIKANDRA RAO,1,Higher Education Transition Issue
JALAUN,DAKOR,2,Social/Gender Barrier
JALAUN,KADAURA,3,Higher Education Transition Issue
JALAUN,MAHEVA,4,Undetermined
JALAUN,RAMPURA,1,Higher Education Transition Issue
JALAUN,T. A. ORAI,1,Undetermined
JAUNPUR,BADLA PUR,1,Social/Gender Barrier
JAUNPUR,JALALPUR,1,Higher Education Transition Issue
JAUNPUR,KARANJA KALA,1,Higher Education Transition Issue
JAUNPUR,MAHARAJ GANJ,1,Higher Education Transition Issue
JAUNPUR,MUFTI GANJ,1,Social/Gender Barrier
JAUNPUR,SHAH GANJ,1,Higher Education Transition Issue
JHANSI,BABINA,4,Social/Gender Barrier
JHANSI,BAMORE,1,Higher Education Transition Issue
JHANSI,BANGRA,3,Undetermined
JHANSI,BARAGAON,2,Higher Education Transition Issue
JHANSI,CHIRGAON,1,Higher Education Transition Issue
JHANSI,GURSARAI,2,Undetermined
JHANSI,JHANSI NAGARCHETRA,1,Undetermined
JHANSI,MAURANIPUR,3,Higher Education Transition Issue
JHANSI,MOTH,2,Migration/Population Shift
JYOTIBA PHULE NAGAR (AMROHA),AMROHA,1,Higher Education Transition Issue
JYOTIBA PHULE NAGAR (AMROHA),AMROHA CITY,1,Undetermined
JYOTIBA PHULE NAGAR (AMROHA),DHANORA,3,Higher Education Transition Issue
JYOTIBA PHULE NAGAR (AMROHA),GANGESHWARI,1,Higher Education Transition Issue
JYOTIBA PHULE NAGAR (AMROHA),HASANPUR CITY,1,Undetermined
KANNAUJ,JALALABAD,1,Higher Education Transition Issue
KANNAUJ,SAURIKH,1,Higher Education Transition Issue
KANNAUJ,TAL GRAM,1,Higher Education Transition Issue
KANNAUJ,UMARDA,2,Migration/Population Shift
KANPUR DEHAT,AKBARPUR,1,Higher Education Transition Issue
KANPUR DEHAT,RASULABAD,1,Higher Education Transition Issue
KANPUR DEHAT,SARVANKHERA,1,Higher Education Transition Issue
KANPUR NAGAR,BHITERGAON,1,Higher Education Transition Issue
KANPUR NAGAR,BIDHNU,1,Migration/Population Shift
KANPUR NAGAR,CHAUBEPUR,1,Higher Education Transition Issue
KANPUR NAGAR,GHATAMPUR,3,Social/Gender Barrier
KANPUR NAGAR,KALYANPUR,2,Higher Education Transition Issue
KANPUR NAGAR,PATARA,1,Social/Gender Barrier
KANPUR NAGAR,SARSAUL,2,Higher Education Transition Issue
KANPUR NAGAR,SHASTRI NAGAR,1,Undetermined
KANSHIRAM NAGAR,PATIYALI,1,Undetermined
KAUSHAMBI,MANJHANPUR,1,Social/Gender Barrier
KAUSHAMBI,SIRATHU,1,Social/Gender Barrier
KHERI,BANKEGANJ,1,Higher Education Transition Issue
KHERI,DHAURAHARA,1,Undetermined
KHERI,ISANAGAR,1,Higher Education Transition Issue
KHERI,KUMBHI-GOLA,3,Higher Education Transition Issue
KHERI,LAKHIMPUR,1,Undetermined
KHERI,LMP,1,Undetermined
KHERI,MITAULI,4,Higher Education Transition Issue
KHERI,MOHAMMADI,1,Social/Gender Barrier
KHERI,NAKAHA,2,Higher Education Transition Issue
KHERI,NIGHASAN,3,Higher Education Transition Issue
KHERI,PALIYA,2,Social/Gender Barrier
KHERI,PHOOL BEHAR,2,Higher Education Transition Issue
KUSHINAGAR,DUDAHI,1,Higher Education Transition Issue
KUSHINAGAR,HATA,2,Undetermined
KUSHINAGAR,KHADDA,2,Higher Education Transition Issue
LALITPUR,BAR,3,Higher Education Transition Issue
LALITPUR,BIRDHA,5,Higher Education Transition Issue
LALITPUR,JAKHORA,3,Higher Education Transition Issue
LALITPUR,LALITPUR,2,Undetermined
LALITPUR,MADAWRA,2,Higher Education Transition Issue
LALITPUR,MAHRONI,6,Higher Education Transition Issue
LALITPUR,TALBEHAT,2,Higher Education Transition Issue
LUCKNOW,BAKSHI KA TALAB,5,Higher Education Transition Issue
LUCKNOW,CHINHAT,1,Social/Gender Barrier
LUCKNOW,GOSHAI GANJ,2,Higher Education Transition Issue
LUCKNOW,KAKORI,2,Higher Education Transition Issue
LUCKNOW,MAAL,2,Higher Education Transition Issue
LUCKNOW,MALIHABAD,1,Higher Education Transition Issue
LUCKNOW,MOHAN LAL GANJ,4,Higher Education Transition Issue
LUCKNOW,"NAGAR SHAITRA, LUCKNOW",7,Undetermined
LUCKNOW,SAROJNI NAGAR,3,Higher Education Transition Issue
MAHARAJGANJ,BRIJMAN GANJ,1,Higher Education Transition Issue
MAHARAJGANJ,DHANI,1,Higher Education Transition Issue
MAHARAJGANJ,GHUGHLI,1,Higher Education Transition Issue
MAHARAJGANJ,LAKSHMIPUR,1,Higher Education Transition Issue
MAHARAJGANJ,MAHRAJGANJ,1,Higher Education Transition Issue
MAHARAJGANJ,NICHLOUL,1,Higher Education Transition Issue
MAHARAJGANJ,PANIYARA,1,Migration/Population Shift
MAHARAJGANJ,PARTAWAL,2,Higher Education Transition Issue
MAHOBA,CHARKHARI URBAN,2,Undetermined
MAHOBA,JAITPUR,6,Higher Education Transition Issue
MAHOBA,KABRAI,5,Higher Education Transition Issue
MAHOBA,PANWARI,3,Higher Education Transition Issue
MAINPURI,BARNAHAL,1,Higher Education Transition Issue
MAINPURI,BEWAR,2,Social/Gender Barrier
MAINPURI,GHIROR,4,Higher Education Transition Issue
MAINPURI,KARHAL,2,Low Enrollment at Board Class Boundary
MAINPURI,MAINPURI,2,Undetermined
MAINPURI,MAINPURI-CITY,1,Undetermined
MATHURA,BALDEO,2,Higher Education Transition Issue
MATHURA,MANT,1,Higher Education Transition Issue
MATHURA,MATHURA,1,Undetermined
MATHURA,NOHJHEEL,1,Higher Education Transition Issue
MATHURA,RAYA,3,Higher Education Transition Issue
MAU,BADRAW,1,Higher Education Transition Issue
MAU,RATANPURA,1,Social/Gender Barrier
MEERUT,HASTINAPUR,2,Social/Gender Barrier
MEERUT,JANI,1,Social/Gender Barrier
MEERUT,KHARKHODA,3,Higher Education Transition Issue
MEERUT,MACHRA,1,Migration/Population Shift
MEERUT,MAWANA,1,Higher Education Transition Issue
MEERUT,MEERUT,1,Higher Education Transition Issue
MEERUT,MEERUT NAGAR,3,Undetermined
MEERUT,PARIKSHIT GARH,2,Higher Education Transition Issue
MEERUT,RAJPURA,1,Higher Education Transition Issue
MEERUT,ROHTA,1,Higher Education Transition Issue
MEERUT,SARDHANA,1,Higher Education Transition Issue
MEERUT,SARURPUR,1,Higher Education Transition Issue
MIRZAPUR,HALIA,3,Higher Education Transition Issue
MIRZAPUR,LALGANJ,1,Social/Gender Barrier
MIRZAPUR,MAJHAWA,2,Undetermined
MIRZAPUR,MARIHAN,2,Higher Education Transition Issue
MIRZAPUR,NAGAR,2,Higher Education Transition Issue
MIRZAPUR,NAGAR PALIKA,2,Undetermined
MIRZAPUR,NARAYANPUR,1,Undetermined
MIRZAPUR,PAHARI,2,Social/Gender Barrier
MORADABAD,BHAGATPUR TANDA,2,Social/Gender Barrier
MORADABAD,CHAJLET,3,Higher Education Transition Issue
MORADABAD,KUNDERKI,2,Higher Education Transition Issue
MORADABAD,MORADABAD,1,Higher Education Transition Issue
MORADABAD,MORADABAD CITY BOYS,1,Migration/Population Shift
MORADABAD,MUNDAPANDAY,1,Social/Gender Barrier
MORADABAD,THAKURDWARA,3,Migration/Population Shift
MUZAFFARNAGAR,BAGHRA,1,Higher Education Transition Issue
MUZAFFARNAGAR,BUDHANA,2,Economic/Child Labour
MUZAFFARNAGAR,CHARTHAWAL,1,Higher Education Transition Issue
MUZAFFARNAGAR,JANSATH,1,Social/Gender Barrier
MUZAFFARNAGAR,KHATAULI,2,Higher Education Transition Issue
MUZAFFARNAGAR,MORNA,2,Migration/Population Shift
MUZAFFARNAGAR,PURKAJI,3,Migration/Population Shift
MUZAFFARNAGAR,SADAR,2,Higher Education Transition Issue
MUZAFFARNAGAR,SADAR [TOWN AREA],1,Economic/Child Labour
MUZAFFARNAGAR,SHAHPUR,1,Social/Gender Barrier
PILIBHIT,AMARIA,2,Migration/Population Shift
PILIBHIT,BARKHERA,1,Undetermined
PILIBHIT,BILSANDA,4,Higher Education Transition Issue
PILIBHIT,BISALPUR,1,Higher Education Transition Issue
PILIBHIT,LALORIKHERA,1,Social/Gender Barrier
PILIBHIT,MARORI,2,Social/Gender Barrier
PILIBHIT,N. P. PILIBHIT,2,Undetermined
PILIBHIT,PURANPUR,3,Higher Education Transition Issue
PRATAPGARH,BIHAR,1,Undetermined
PRATAPGARH,CITY(PRATAPGARH BELHA),2,Infrastructure/External Shock
PRATAPGARH,KALAKANKER,1,Infrastructure/External Shock
PRATAPGARH,LALGANJ,1,Infrastructure/External Shock
PRATAPGARH,LAXMANPUR,1,Higher Education Transition Issue
PRATAPGARH,MANDHATA,2,Higher Education Transition Issue
PRATAPGARH,PATTI,1,Higher Education Transition Issue
PRATAPGARH,SADWA-CHANDRIKA,1,Low Enrollment at Board Class Boundary
PRATAPGARH,SANGIPUR,1,Low Enrollment at Board Class Boundary
PRATAPGARH,SHIVGARH,1,Higher Education Transition Issue
PRAYAGRAJ,CHAKA,2,Migration/Population Shift
PRAYAGRAJ,HANDIA,1,Higher Education Transition Issue
PRAYAGRAJ,JASARA,1,Higher Education Transition Issue
PRAYAGRAJ,KORAON,1,Social/Gender Barrier
PRAYAGRAJ,MANDA,2,Migration/Population Shift
PRAYAGRAJ,NAGAR CHHETRA,2,Undetermined
PRAYAGRAJ,PHOOLPUR,1,Higher Education Transition Issue
PRAYAGRAJ,URUWA,1,Higher Education Transition Issue
RAE BARELI,AMAWAN,1,Higher Education Transition Issue
RAE BARELI,CHHATOH,1,Higher Education Transition Issue
RAE BARELI,GAURA,1,Undetermined
RAE BARELI,HARCHANDPUR,2,Higher Education Transition Issue
RAE BARELI,MAHRAJGANJ,2,Undetermined
RAE BARELI,NAGAR SHETRA (RBL),2,Undetermined
RAE BARELI,ROHANIYA,1,Social/Gender Barrier
RAE BARELI,SALON,2,Undetermined
RAE BARELI,SHIVGARH,1,Higher Education Transition Issue
RAMPUR,BILASPUR,5,Higher Education Transition Issue
RAMPUR,MILAK,1,Migration/Population Shift
RAMPUR,SHAHBAD,3,Economic/Child Labour
RAMPUR,SUAR,2,Undetermined
RAMPUR,TOWN AREA RAMPUR,5,Undetermined
SAHARANPUR,BALIA KHEDI,2,Higher Education Transition Issue
SAHARANPUR,DEOBAND,1,Social/Gender Barrier
SAHARANPUR,GANGOH,1,Higher Education Transition Issue
SAHARANPUR,MUZAFFARABAD,1,Higher Education Transition Issue
SAHARANPUR,NAGAL,1,Higher Education Transition Issue
SAHARANPUR,NAKUR,2,Economic/Child Labour
SAHARANPUR,NANAUTA,1,Higher Education Transition Issue
SAHARANPUR,PUNWARKA,2,Higher Education Transition Issue
SAHARANPUR,SADHOLI KADIM,1,Higher Education Transition Issue
SAMBHAL (BHIM NAGAR),ASMOLI,2,Higher Education Transition Issue
SAMBHAL (BHIM NAGAR),BANIYAKHERA,1,Higher Education Transition Issue
SANT KABIR NAGAR,BELHAR KALA,1,Higher Education Transition Issue
SANT KABIR NAGAR,HAINSAR BAZAR,1,Higher Education Transition Issue
SANT KABIR NAGAR,KHALILABAD,1,Higher Education Transition Issue
SANT KABIR NAGAR,PAULI,1,Higher Education Transition Issue
SANT KABIR NAGAR,SEMARINYAVA,3,Higher Education Transition Issue
SHAHJAHANPUR,BANDA,2,Social/Gender Barrier
SHAHJAHANPUR,BHAWALKHERA,1,Higher Education Transition Issue
SHAHJAHANPUR,DADRAUL,1,Social/Gender Barrier
SHAHJAHANPUR,JALALABAD,2,Higher Education Transition Issue
SHAHJAHANPUR,KALAN,1,Migration/Population Shift
SHAHJAHANPUR,KANTH,1,Higher Education Transition Issue
SHAHJAHANPUR,KHUTAR,1,Higher Education Transition Issue
SHAHJAHANPUR,NIGOHI,1,Higher Education Transition Issue
SHAHJAHANPUR,SINDHAULI,2,Higher Education Transition Issue
SHAMLI (PRABUDH NAGAR),KAIRANA,1,Undetermined
SHAMLI (PRABUDH NAGAR),KANDHLA,1,Social/Gender Barrier
SHAMLI (PRABUDH NAGAR),KANDHLA [TOWN AREA],1,Undetermined
SHAMLI (PRABUDH NAGAR),OON,1,Migration/Population Shift
SHRAWASTI,IKAUNA,1,Higher Education Transition Issue
SHRAWASTI,JAMUNHA,3,Higher Education Transition Issue
SIDDHARTHNAGAR,BHANVAPUR,1,Social/Gender Barrier
SIDDHARTHNAGAR,BIRDPUR,2,Social/Gender Barrier
SIDDHARTHNAGAR,DUMARIYAGANJ,1,Higher Education Transition Issue
SIDDHARTHNAGAR,ITAVA,1,Higher Education Transition Issue
SIDDHARTHNAGAR,JOGIYA,1,Higher Education Transition Issue
SIDDHARTHNAGAR,KHUNIYANV,1,Social/Gender Barrier
SITAPUR,BEHTA,2,Higher Education Transition Issue
SITAPUR,BISWAN,1,Higher Education Transition Issue
SITAPUR,GONDLAMAU,1,Higher Education Transition Issue
SITAPUR,MACHHAREHTA,1,Higher Education Transition Issue
SITAPUR,MAHMOODABAD,1,Undetermined
SITAPUR,MAHOLI,1,Higher Education Transition Issue
SITAPUR,N.K.BISWAN,1,Undetermined
SITAPUR,N.K.SITAPUR,2,Undetermined
SITAPUR,PISAWAN,1,Social/Gender Barrier
SITAPUR,SAKARAN,1,Migration/Population Shift
SITAPUR,SIDHAULI,1,Low Enrollment at Board Class Boundary
SONBHADRA,BABHANI,1,Higher Education Transition Issue
SONBHADRA,CHOPAN,3,Higher Education Transition Issue
SONBHADRA,DUDHI,1,Undetermined
SONBHADRA,GHORAWAL,2,Higher Education Transition Issue
SONBHADRA,MYORPUR,4,Higher Education Transition Issue
SONBHADRA,NAGWA,4,Higher Education Transition Issue
SULTANPUR,BALDIRAI,1,Higher Education Transition Issue
SULTANPUR,DHANPATGANJ,1,Social/Gender Barrier
SULTANPUR,DOSTPUR,1,Social/Gender Barrier
SULTANPUR,JAISINGHPUR,1,Social/Gender Barrier
SULTANPUR,KURWAR,2,Higher Education Transition Issue
SULTANPUR,MOTIGARPUR,1,Higher Education Transition Issue
UNNAO,ASOHA,1,Higher Education Transition Issue
UNNAO,AURAS,1,Migration/Population Shift
UNNAO,BICHHIYA,1,Higher Education Transition Issue
UNNAO,CITI AREA,2,Undetermined
UNNAO,HILOULI,1,Social/Gender Barrier
UNNAO,NAVABGANJ,1,Migration/Population Shift
UNNAO,PURWA,1,Social/Gender Barrier
UNNAO,SIKANDERPUR KARN,1,Higher Education Transition Issue
UNNAO,SUMERPUR,1,Social/Gender Barrier
VARANASI,ARAJILINES,3,Higher Education Transition Issue
VARANASI,HARHUA,1,Higher Education Transition Issue
VARANASI,NAGAR NIGAM,2,Undetermined
VARANASI,PINDRA,1,Higher Education Transition Issue
