District,Block,Avg_Continuation_Ratio,Senior_Dropout_Schools,Senior_Collapse_Schools,Both_Growing_Schools
AGRA,ACCHNERA,21.1,0,3,2
AGRA,AKOLA,25.0,0,1,1
AGRA,BAH,48.1,0,1,0
AGRA,BAROLI AHEER,39.7,0,2,2
AGRA,BICHPURI,29.4,0,1,0
AGRA,ETMADPUR,0.0,0,3,0
AGRA,FATEHABAD,6.1,0,3,0
AGRA,FATEHPUR  SIKRI,0.0,0,2,0
AGRA,JAGNER,0.0,0,2,0
AGRA,JAITPUR  KALAN,30.6,0,1,0
AGRA,KHANDOLI,37.9,0,3,0
AGRA,KHERAGARH,66.0,0,0,0
AGRA,M.C.AGRA CITY,99.4,0,0,1
AGRA,PINAHAT,0.0,0,1,0
AGRA,SAIYAN,0.0,0,1,0
AGRA,SHAMSHABAD,0.0,0,2,0
ALIGARH,AKRABAD,0.0,0,1,0
ALIGARH,ATRAULI,99.0,0,0,0
ALIGARH,BIJAULI,79.8,0,0,1
ALIGARH,CHANDAUS,69.8,0,1,0
ALIGARH,DHANIPUR,37.6,0,1,0
ALIGARH,GANGIRI,11.5,0,2,0
ALIGARH,GONDA,71.2,0,0,0
ALIGARH,IGLAS,15.5,0,2,0
ALIGARH,JAWAN,29.6,0,3,0
ALIGARH,KHAIR,77.3,0,0,1
ALIGARH,LODHA,0.0,0,2,0
ALIGARH,NAGAR ALIGARH,46.2,0,1,0
ALIGARH,NAGAR ATRAULI,94.8,0,0,0
ALIGARH,TAPPAL,21.2,0,1,0
AMBEDKAR NAGAR,AKBARPUR,60.8,0,2,2
AMBEDKAR NAGAR,BASKHARI,0.0,0,2,0
AMBEDKAR NAGAR,BHEETI,32.8,0,0,0
AMBEDKAR NAGAR,BHIYAON,34.3,1,2,0
AMBEDKAR NAGAR,JAHANGIRGANJ,27.8,0,3,1
AMBEDKAR NAGAR,JALALPUR,15.4,1,2,0
AMBEDKAR NAGAR,KATEHARI,21.7,0,2,1
AMBEDKAR NAGAR,RAMNAGAR,27.0,1,2,0
AMBEDKAR NAGAR,TANDA,41.4,1,2,0
AMBEDKAR NAGAR,TANDA TOWN AREA,68.4,0,0,1
AMETHI - CSM NAGAR,AMETHI,35.2,0,1,0
AMETHI - CSM NAGAR,BAHADURPUR,60.8,0,2,1
AMETHI - CSM NAGAR,BHADAR,60.0,0,1,0
AMETHI - CSM NAGAR,BHETUA,47.4,0,0,1
AMETHI - CSM NAGAR,GAURIGANJ,72.0,0,0,0
AMETHI - CSM NAGAR,JAGDISHPUR,21.1,0,2,1
AMETHI - CSM NAGAR,JAMO,48.4,0,1,2
AMETHI - CSM NAGAR,MUSAFIRKHANA,38.2,0,1,1
AMETHI - CSM NAGAR,SANGRAMPUR,70.0,0,0,1
AMETHI - CSM NAGAR,SHAHGARH,27.1,0,2,0
AMETHI - CSM NAGAR,SHUKULBAZAR,50.0,0,0,0
AMETHI - CSM NAGAR,SINGHPUR,33.9,0,2,1
AMETHI - CSM NAGAR,TILOI,0.0,0,3,0
AURAIYA,ACHHALDA,0.0,0,2,0
AURAIYA,AIRWAKATRA,6.2,0,2,0
AURAIYA,AURAIYA,16.8,0,2,1
AURAIYA,BHAGYANAGAR,25.3,0,2,0
AURAIYA,BIDHUNA,32.3,0,1,1
AURAIYA,SAHAR,33.3,0,2,0
AZAMGARH,ATRAULIYA,88.0,0,0,0
AZAMGARH,AZAMGRAH,102.6,0,0,0
AZAMGARH,AZMATGARH,77.6,0,0,0
AZAMGARH,BILARIYAGANJ,78.0,0,0,0
AZAMGARH,FOOLPOOR,0.0,0,1,0
AZAMGARH,HARRAIYA,32.7,0,2,0
AZAMGARH,JAHANAGANJ,0.0,0,2,0
AZAMGARH,LALGANJ,18.2,0,2,0
AZAMGARH,MAHARAJ GANJ,19.0,0,1,0
AZAMGARH,MIRZAPUR,62.3,0,0,0
AZAMGARH,MOHAMMADPUR,9.4,0,3,0
AZAMGARH,PALHNA,0.0,0,1,0
AZAMGARH,PAWAE,32.8,0,1,0
AZAMGARH,SATHIYAN,39.6,0,0,0
AZAMGARH,TAHBERPUR,0.0,0,1,0
AZAMGARH,TARWA,68.4,0,0,1
AZAMGARH,THEKMA,0.0,0,1,0
BAGHPAT,BAGPAT,32.9,0,2,1
BAGHPAT,BAROUT,35.6,0,1,0
BAGHPAT,BAROUT URBAN,77.8,0,0,0
BAGHPAT,BINOLY,28.7,0,2,0
BAGHPAT,CHHAPROLI,33.9,0,3,0
BAGHPAT,KHEKRA,0.0,0,3,0
BAGHPAT,PILANA,48.4,0,2,0
BAHRAICH,BALHA,13.1,0,3,0
BAHRAICH,CHITTAURA,0.0,0,2,0
BAHRAICH,FAKHAR PUR,16.8,0,1,0
BAHRAICH,HUJUR PUR,39.5,0,3,1
BAHRAICH,JARWAL,3.8,0,6,0
BAHRAICH,KAISER GANJ,23.9,0,5,1
BAHRAICH,MAHSI,0.0,0,3,0
BAHRAICH,MIHIN PURVA,12.5,0,6,0
BAHRAICH,NAGAR AREA,63.5,0,0,1
BAHRAICH,NAWAB GANJ,38.1,0,1,1
BAHRAICH,PAYAGPUR,32.3,0,2,0
BAHRAICH,RISIA,0.0,0,2,0
BAHRAICH,SHIV PUR,0.0,0,2,0
BAHRAICH,TAJWA PUR,33.8,0,1,1
BAHRAICH,VISHESHWAR  GANJ,7.3,0,4,0
BALLIA,BAIRIA,48.8,0,0,0
BALLIA,BALLIA N.P.,95.6,0,0,0
BALLIA,BANSDEEH,68.8,0,1,1
BALLIA,BELAHARI,0.0,0,3,0
BALLIA,CHILKAHAR,0.0,0,2,0
BALLIA,DUBAHAR,67.1,0,0,1
BALLIA,GARWAR,0.0,0,3,0
BALLIA,MANIAR,0.0,0,1,0
BALLIA,MURLI CHHAPRA,18.3,0,2,0
BALLIA,NAGARA,0.0,0,3,0
BALLIA,NAVANAGAR,48.8,0,1,0
BALLIA,PANDAH,40.0,0,1,0
BALLIA,RASARA,53.4,0,1,1
BALLIA,REVATI,0.0,0,2,0
BALLIA,SEAR,15.9,0,2,0
BALLIA,SOHAWN,68.9,0,0,0
BALRAMPUR,BALRAMPUR,0.0,0,5,0
BALRAMPUR,GAINDAS BUZURG,22.8,0,1,1
BALRAMPUR,GAINSARI,23.5,0,2,1
BALRAMPUR,HARAIYA SATGHARWA,0.0,0,1,0
BALRAMPUR,PACHPERWA,0.0,0,1,0
BALRAMPUR,REHRA BAZAR,0.0,0,2,0
BALRAMPUR,SHRIDUTTGANJ,15.7,0,3,1
BALRAMPUR,TULSIPUR,0.0,0,3,0
BALRAMPUR,UTRAULA (MUN. CORP.),51.7,0,0,0
BANDA,BABERU,23.6,1,4,1
BANDA,BADOKHAR KHURD,19.2,0,4,1
BANDA,BISANDA,39.7,0,3,1
BANDA,JASPURA,0.0,0,3,0
BANDA,KAMASIN,53.0,0,2,2
BANDA,MAHUWA,11.5,0,4,1
BANDA,NAGAR KSHETRA,127.6,1,0,0
BANDA,NARAINI,35.9,0,5,1
BANDA,TINDWARI,32.1,0,4,0
BARABANKI,BANI KODAR,31.0,0,1,0
BARABANKI,BANKI,27.6,0,4,0
BARABANKI,BARABANKI CITY,108.3,0,0,0
BARABANKI,DARIYA BAD,0.0,0,1,0
BARABANKI,DEWA,80.8,0,1,0
BARABANKI,FATEH PUR,56.2,0,1,1
BARABANKI,HAIDAR GARH,36.1,0,2,0
BARABANKI,HARAKH,61.9,0,1,0
BARABANKI,MASAULI,52.2,0,2,0
BARABANKI,NINDURA,21.9,0,4,0
BARABANKI,PURE DALAI,38.9,0,1,0
BARABANKI,SIDDHAOR,0.0,0,1,0
BARABANKI,SIRAULI GAUSPUR,134.7,0,0,0
BARABANKI,SURAT GANJ,84.4,0,1,0
BARABANKI,TRIVEDI GANJ,64.8,0,1,1
BAREILLY,ALAMPUR,0.0,0,1,0
BAREILLY,AONLA,69.6,0,0,0
BAREILLY,BAHERI,55.5,0,4,0
BAREILLY,BAHERI TOWN,87.9,0,0,0
BAREILLY,BAREILLY TOWN,116.4,1,0,1
BAREILLY,BHADPURA,16.9,0,3,1
BAREILLY,BHOJIPURA,0.0,0,2,0
BAREILLY,BHUTA,28.2,0,2,1
BAREILLY,FARIDPUR,0.0,0,3,0
BAREILLY,FATEHGANJ,53.3,0,1,0
BAREILLY,KYARA,16.6,0,5,0
BAREILLY,MAJHGAWAN,19.1,0,4,0
BAREILLY,MIRGANJ,0.0,0,1,0
BAREILLY,NAWABGANJ,39.3,0,6,3
BAREILLY,RAMNAGAR,29.2,0,1,1
BAREILLY,RICHHA(DAMKHODA),74.9,0,1,2
BAREILLY,SHERGARH,45.1,0,2,1
BAREILLY,VITHARI CHAINPUR,46.1,0,2,2
BASTI,BAHADURPUR,0.0,0,4,0
BASTI,BASTI SADAR,0.0,0,1,0
BASTI,DUBAULIA,0.0,0,3,0
BASTI,GAUR,56.9,0,2,1
BASTI,HARRIYA,0.0,0,2,0
BASTI,KAPTANGANJ,0.0,0,1,0
BASTI,KUDRAHA,0.0,0,1,0
BASTI,PARSHURAMPUR,36.4,0,1,0
BASTI,RUDHOLI,84.3,0,0,0
BASTI,SALTOVA GOPALPUR,0.0,0,1,0
BASTI,TOWN AREA,105.2,0,0,0
BASTI,VIKRAMJOT,45.2,0,0,0
BHADOI,ABHOLI,0.0,0,4,0
BHADOI,AURAI,26.2,0,7,1
BHADOI,BHADOHI,0.0,0,8,0
BHADOI,DEEGH,14.7,0,6,1
BHADOI,GYANPUR,51.3,1,3,0
BHADOI,SURIYAVAN,0.0,0,5,0
BIJNOR,AAKU(NEHTOR),18.7,0,2,0
BIJNOR,AFZALGRAH,62.2,0,2,1
BIJNOR,ALLHEPUR(DHAMPUR),54.5,1,1,1
BIJNOR,BIJNOR(NAGAR),65.3,0,0,0
BIJNOR,BURHANPUR(SEOHARA),0.0,0,1,0
BIJNOR,DHAMPUR(NAGAR),74.8,0,0,1
BIJNOR,HALDAUR,31.5,0,2,0
BIJNOR,JALILPUR,79.2,0,0,0
BIJNOR,KIRATPUR,58.8,0,1,0
BIJNOR,KOTWALI,32.4,0,3,0
BIJNOR,MOHD.PUR DEVMAL,52.1,0,1,1
BIJNOR,NAJIBABAD,48.7,0,1,0
BIJNOR,NAJIBABAD(NAGAR),67.6,0,0,0
BUDAUN,AASAFPUR,0.0,0,1,0
BUDAUN,AMBIYAPUR,0.0,0,1,0
BUDAUN,BISAULI,41.9,0,2,0
BUDAUN,BUDAUN CITY,148.6,0,0,0
BUDAUN,DATAGANJ,68.4,0,0,1
BUDAUN,DEHGANWAN,33.4,1,1,0
BUDAUN,JAGAT,8.0,0,4,1
BUDAUN,MIAUN,0.0,0,1,0
BUDAUN,QADARCHOWK,26.9,0,3,2
BUDAUN,SAHASWAN CITY,57.4,0,0,1
BUDAUN,SALARPUR,56.8,0,2,0
BUDAUN,SAMRER,0.0,0,2,0
BUDAUN,UJHANI,38.9,0,2,0
BUDAUN,USAWAN,0.0,0,1,0
BUDAUN,WAZEERGANJ,31.7,0,2,0
BULANDSHAHR,AGAUTA,0.0,0,1,0
BULANDSHAHR,ANOOPSHAHAR,31.9,0,2,1
BULANDSHAHR,ARNIA,19.3,0,2,1
BULANDSHAHR,B.B.NAGAR,54.0,0,1,0
BULANDSHAHR,BULANDSHAHR,27.6,0,4,1
BULANDSHAHR,BULANDSHAR NAGAR,91.2,0,0,1
BULANDSHAHR,DANPUR,23.5,0,4,0
BULANDSHAHR,DEBAI,26.2,1,4,1
BULANDSHAHR,GULAOTI,97.6,0,1,0
BULANDSHAHR,JAHAGIRABAD,16.9,0,2,1
BULANDSHAHR,KHURJA,38.9,0,1,0
BULANDSHAHR,LAKHAWATI,38.6,0,1,0
BULANDSHAHR,PAHASU,33.8,0,2,1
BULANDSHAHR,SHIKARPUR,63.5,0,1,1
BULANDSHAHR,SIKANDRABAD,34.9,0,1,1
BULANDSHAHR,SYNA,0.0,0,1,0
BULANDSHAHR,UCHAGAON,25.4,0,2,1
CHANDAULI,BARAHANI,12.4,0,4,1
CHANDAULI,CHAHANIYA,0.0,0,1,0
CHANDAULI,CHAKIYA,26.2,0,3,1
CHANDAULI,CHANDAULI,0.0,0,4,0
CHANDAULI,NAUGARH,17.1,0,6,0
CHANDAULI,SAKALDIHA,89.8,0,0,1
CHANDAULI,SHAHABGANJ,0.0,0,4,0
CHITRAKOOT,CHITRAKOOT,10.0,0,4,1
CHITRAKOOT,CHITRAKOOT (URBAN),74.7,0,0,1
CHITRAKOOT,MANIKPUR,17.0,0,4,0
CHITRAKOOT,MAU,22.6,0,4,1
CHITRAKOOT,PAHADI,2.9,0,9,0
CHITRAKOOT,RAM NAGAR,41.6,0,1,0
DEORIA,BARAHAJ,0.0,0,3,0
DEORIA,BHATNI,0.0,0,1,0
DEORIA,BHATPAR RANI,1.9,0,1,0
DEORIA,BHLUANI,117.5,0,0,0
DEORIA,DEORIA NAGAR KSHETRA,107.6,0,0,1
DEORIA,DESAHI DEORIA,147.1,0,0,1
DEORIA,GAURI BAZAR,41.7,0,2,0
DEORIA,LAR,0.0,0,1,0
DEORIA,PATTHRDEVA,0.0,0,2,0
DEORIA,RUDRAPUR,24.0,0,3,0
DEORIA,SALIMPUR,10.0,0,1,0
ETAH,ALIGANJ,41.2,0,1,1
ETAH,AWAGARH,17.2,0,2,1
ETAH,ETAH (URBAN),134.2,0,0,0
ETAH,JAITHARA,47.8,0,1,0
ETAH,JALESAR,0.0,0,1,0
ETAH,JALESAR (URBAN),85.0,0,0,0
ETAH,MARHARA,0.0,0,2,0
ETAH,NIDHAULI KALAN,53.3,0,2,0
ETAH,SAKEET,24.0,0,1,1
ETAH,SHEETAL PUR,40.3,0,1,2
ETAWAH,BARHPURA,108.0,0,0,0
ETAWAH,BHARTHANA,0.0,0,1,0
ETAWAH,CHAKARNAGAR,37.7,0,3,1
ETAWAH,ETAWAH NAGAR CHETRA,138.6,0,0,0
ETAWAH,JASWANT NAGAR,34.5,0,3,0
ETAWAH,MAHEWA,0.0,0,1,0
ETAWAH,SAIFAI,89.1,0,2,0
ETAWAH,TAKHA,0.0,0,1,0
FAIZABAD,AMANIGANJ,25.1,0,2,1
FAIZABAD,AYODHYA TOWN AREA,81.8,0,0,0
FAIZABAD,BIKAPUR,25.0,1,1,0
FAIZABAD,MASAUDHA,86.0,0,0,0
FAIZABAD,MAWAI,20.1,0,1,0
FAIZABAD,MAYA,23.7,0,3,0
FAIZABAD,MILKIPUR,51.1,0,2,1
FAIZABAD,PURA,31.6,0,1,0
FAIZABAD,RUDAULI,17.4,0,3,1
FAIZABAD,SOHAWAL,33.6,0,1,0
FAIZABAD,TARUN,359.9,0,0,0
FARRUKHABAD,KAMALGANJ,0.0,0,1,0
FARRUKHABAD,MOHAMDABAD,0.0,0,1,0
FARRUKHABAD,NAG. KSH.FAR.BAD,73.2,0,0,0
FARRUKHABAD,NAWABGANJ,50.9,0,0,0
FARRUKHABAD,RAJE PUR,47.1,0,1,1
FARRUKHABAD,SHAMSABAD,49.7,0,0,0
FATEHPUR,AIRAYAN,35.6,0,1,0
FATEHPUR,AMAULI,0.0,0,3,0
FATEHPUR,ASHOTHAR,0.0,0,4,0
FATEHPUR,BAHUA,39.7,0,3,0
FATEHPUR,BHITAURA,45.7,0,1,2
FATEHPUR,DEOMAI,0.0,0,2,0
FATEHPUR,DHATA,0.0,0,3,0
FATEHPUR,HASAWA,15.4,0,3,0
FATEHPUR,HATHGAOM,18.2,0,2,1
FATEHPUR,KHAJUHA,0.0,0,3,0
FATEHPUR,MALAWAN,17.8,0,4,1
FATEHPUR,NAGAR BINDKI,85.6,0,0,0
FATEHPUR,NAGAR FATEHPUR,73.5,0,1,1
FATEHPUR,TELIYANI,37.8,0,2,2
FATEHPUR,VIJAIPUR,16.9,0,2,1
FIROZABAD,ARAWN,0.0,0,4,0
FIROZABAD,EKA,0.0,0,3,0
FIROZABAD,FIROZABAD,19.6,0,2,0
FIROZABAD,JASRANA,59.0,0,1,0
FIROZABAD,KHAIRGARH,0.0,0,1,0
FIROZABAD,MADANPUR,30.0,0,1,0
FIROZABAD,NARKHI,0.0,0,1,0
FIROZABAD,SHIKOHABAD,90.4,0,0,0
FIROZABAD,TUNDLA,16.0,0,4,0
GAUTAM BUDDHA NAGAR,DADRI,0.0,0,1,0
GAUTAM BUDDHA NAGAR,DANKAUR,60.4,0,1,0
GAUTAM BUDDHA NAGAR,VISRAKH,68.2,0,1,2
GHAZIABAD,BHOJPUR,31.8,0,3,1
GHAZIABAD,GHAZIABAD (MUN.AREA),87.5,0,0,1
GHAZIABAD,LONI,52.8,0,1,0
GHAZIABAD,MURAD NAGAR,0.0,0,1,0
GHAZIABAD,RAZAPUR,0.0,0,2,0
GHAZIPUR,BHADAURA,65.4,0,0,2
GHAZIPUR,BHAWARCOL,0.0,0,2,0
GHAZIPUR,BIRNO,0.0,0,2,0
GHAZIPUR,DEOKALI,49.7,0,1,1
GHAZIPUR,GHAZIPUR SADAR,0.0,0,1,0
GHAZIPUR,KARANDA,0.0,0,2,0
GHAZIPUR,KASIMABAD,221.0,0,0,1
GHAZIPUR,MANIHARI,33.3,0,2,0
GHAZIPUR,MOHAMMADABAD,66.4,0,0,1
GHAZIPUR,NAGAR CHHETRA,158.1,0,0,0
GHAZIPUR,REOTIPUR,0.0,0,1,0
GHAZIPUR,SADAT,57.6,0,1,0
GHAZIPUR,SAIDPUR,32.2,0,2,1
GHAZIPUR,ZAKHANIA,0.0,0,2,0
GHAZIPUR,ZAMANIA,131.3,0,0,1
GONDA,BELSAR,0.0,0,3,0
GONDA,CHHAPIA,62.6,0,0,0
GONDA,COLONELGANJ,0.0,0,1,0
GONDA,GONDA(MUN. CORP.),126.7,0,0,1
GONDA,HALDHARMAU,0.0,0,1,0
GONDA,ITIYATHOK,0.0,0,1,0
GONDA,JHANJHRI,0.0,0,3,0
GONDA,KATRA BAZAR,0.0,0,1,0
GONDA,MANKAPUR,0.0,0,2,0
GONDA,MUJEHNA,0.0,0,2,0
GONDA,NAWAB GANJ,0.0,0,1,0
GONDA,PANDRI KRIPAL,0.0,0,3,0
GONDA,PARASPUR,0.0,0,1,0
GONDA,RUPAIDEEH,0.0,0,1,0
GONDA,TARABGANJ,22.6,0,1,0
GORAKHPUR,BAANSGAON,83.1,0,0,0
GORAKHPUR,BADHALGANJ,0.0,0,1,0
GORAKHPUR,BELGHAT,0.0,0,2,0
GORAKHPUR,BHATHAT,0.0,0,1,0
GORAKHPUR,CAMPIARGANJ,36.6,0,2,0
GORAKHPUR,CHARGANWA,0.0,0,2,0
GORAKHPUR,GOLA,0.0,0,1,0
GORAKHPUR,KAUDIRAM,37.4,0,1,0
GORAKHPUR,KHAJNI,47.2,0,1,0
GORAKHPUR,KHORABAR,0.0,0,1,0
GORAKHPUR,NAGAR KSHETRA,153.9,1,0,0
GORAKHPUR,PIPRAICH,0.0,0,1,0
GORAKHPUR,PIPRAULI,0.0,0,1,0
GORAKHPUR,SAHJANWA,0.0,0,2,0
GORAKHPUR,SARDARNAGAR,121.0,0,0,0
HAMIRPUR (U.P.),GOHAND,37.2,0,1,1
HAMIRPUR (U.P.),KURARA,35.5,0,2,2
HAMIRPUR (U.P.),MAUDHA,17.4,0,3,1
HAMIRPUR (U.P.),MUSKARA,43.6,0,2,2
HAMIRPUR (U.P.),NP HAMIRPUR,132.4,0,0,0
HAMIRPUR (U.P.),NP MAUDAHA,77.7,0,0,1
HAMIRPUR (U.P.),NP RATH,169.5,0,0,0
HAMIRPUR (U.P.),RATH,35.3,0,2,0
HAMIRPUR (U.P.),SARILA,29.6,0,4,0
HAMIRPUR (U.P.),SUMERPUR,35.1,0,3,1
HAPUR (PANCHSHEEL NAGAR),DHAULANA,40.2,0,1,0
HAPUR (PANCHSHEEL NAGAR),GARH MUKTESWAR,70.9,0,1,0
HAPUR (PANCHSHEEL NAGAR),HAPUR,38.3,0,1,1
HAPUR (PANCHSHEEL NAGAR),SIMBHAWALI,29.2,0,3,0
HARDOI,AHIRORI,0.0,0,4,0
HARDOI,BAWAN,0.0,0,3,0
HARDOI,BEHANDAR,0.0,0,1,0
HARDOI,BHARAWAN,13.8,0,3,1
HARDOI,BHARKHANI,27.0,0,2,0
HARDOI,BILGRAM,12.0,0,2,1
HARDOI,HARIYAWAN,0.0,0,4,0
HARDOI,HARPALPUR,0.0,0,1,0
HARDOI,KACHAUNA,0.0,0,2,0
HARDOI,KOTHAWAN,13.5,0,2,0
HARDOI,MADHOGANJ,0.0,0,2,0
HARDOI,MALLAWA,44.4,0,2,0
HARDOI,PIHANI,0.0,0,1,0
HARDOI,SANDI,0.0,0,3,0
HARDOI,SANDILA,0.0,0,1,0
HARDOI,SHAHABAD,0.0,0,3,0
HARDOI,SURSA,0.0,0,1,0
HARDOI,TANDIYAWA,32.8,0,3,1
HARDOI,TN.AR.  PIHANI,23.8,0,1,0
HARDOI,TN.AR. HARDOI,115.2,0,0,1
HARDOI,TN.AR. SANDILA,76.9,0,0,1
HARDOI,TONDARPUR,16.3,0,4,1
HATHRAS,HASAYAN,0.0,0,3,0
HATHRAS,HATHRAS,0.0,0,2,0
HATHRAS,MURSAN,25.4,0,1,1
HATHRAS,N.P. HATHRAS,42.8,0,0,0
HATHRAS,SADABAD,14.8,0,4,1
HATHRAS,SAHPAU,11.2,0,3,1
HATHRAS,SASNI,0.0,0,3,0
HATHRAS,SIKANDRA RAO,29.5,0,2,0
JALAUN,DAKOR,40.1,0,3,1
JALAUN,JALAUN,0.0,0,1,0
JALAUN,KADAURA,53.3,0,2,0
JALAUN,KONCH,0.0,0,1,0
JALAUN,KUTHAUND,0.0,0,2,0
JALAUN,MADHAUGADH,101.8,0,0,1
JALAUN,MAHEVA,35.2,0,3,0
JALAUN,NADIGAWN,32.8,0,1,1
JALAUN,RAMPURA,30.1,0,2,1
JALAUN,T. A. ORAI,116.1,0,0,0
JAUNPUR,BADLA PUR,0.0,0,2,0
JAUNPUR,BARSATHI,0.0,0,1,0
JAUNPUR,BUKSHA,0.0,0,1,0
JAUNPUR,DHARMAPUR,0.0,0,1,0
JAUNPUR,DOBHI,0.0,0,1,0
JAUNPUR,JALALPUR,0.0,0,1,0
JAUNPUR,JAUNPUR  [NAGAR],78.9,0,0,1
JAUNPUR,KARANJA KALA,0.0,0,2,0
JAUNPUR,KERAKAT,26.1,0,1,0
JAUNPUR,KHUTHAN,0.0,0,1,0
JAUNPUR,MACHHALI SHAHAR,40.4,0,1,1
JAUNPUR,MADIYAHUN,39.2,0,1,1
JAUNPUR,MAHARAJ GANJ,0.0,0,1,0
JAUNPUR,MUFTI GANJ,0.0,0,1,0
JAUNPUR,MUGRA BADSHAH PUR,0.0,0,2,0
JAUNPUR,RAM PUR,0.0,0,1,0
JAUNPUR,SHAH GANJ,4.6,0,3,0
JAUNPUR,SIKRARA,0.0,0,2,0
JAUNPUR,SIRKONI,25.0,0,2,1
JAUNPUR,SUITHA KALA,0.0,0,2,0
JAUNPUR,SUJAN GANJ,0.0,0,1,0
JHANSI,BABINA,33.8,0,5,0
JHANSI,BAMORE,0.0,0,3,0
JHANSI,BANGRA,65.8,0,2,1
JHANSI,BARAGAON,13.2,0,3,1
JHANSI,CHIRGAON,26.6,0,2,0
JHANSI,GURSARAI,42.1,0,2,0
JHANSI,JHANSI NAGARCHETRA,213.8,0,0,0
JHANSI,MAURANIPUR,0.0,0,3,0
JHANSI,MAURANIPUR  N.CHETRA,112.2,0,0,1
JHANSI,MOTH,98.2,0,1,1
JYOTIBA PHULE NAGAR (AMROHA),AMROHA,35.9,0,1,2
JYOTIBA PHULE NAGAR (AMROHA),AMROHA CITY,75.6,0,0,1
JYOTIBA PHULE NAGAR (AMROHA),DHANORA,17.5,0,4,0
JYOTIBA PHULE NAGAR (AMROHA),GAJRAULA,25.9,0,2,0
JYOTIBA PHULE NAGAR (AMROHA),GANGESHWARI,21.8,0,2,1
JYOTIBA PHULE NAGAR (AMROHA),HASANPUR,28.9,0,3,0
JYOTIBA PHULE NAGAR (AMROHA),HASANPUR CITY,77.2,0,0,0
JYOTIBA PHULE NAGAR (AMROHA),JOYA,59.0,0,0,1
KANNAUJ,CHHIBRAMAU,29.6,0,2,1
KANNAUJ,GUGRAPUR,0.0,0,2,0
KANNAUJ,HASERAN,0.0,0,1,0
KANNAUJ,JALALABAD,45.0,0,1,0
KANNAUJ,KANNAUJ,23.2,0,2,0
KANNAUJ,SAURIKH,0.0,0,2,0
KANNAUJ,TAL GRAM,46.0,0,1,1
KANNAUJ,UMARDA,35.1,0,2,0
KANPUR DEHAT,AKBARPUR,0.0,0,1,0
KANPUR DEHAT,AMARAUDHA,32.4,0,2,1
KANPUR DEHAT,DERAPUR,0.0,0,1,0
KANPUR DEHAT,JHINJHAK,43.7,0,2,0
KANPUR DEHAT,MAITHA,0.0,0,1,0
KANPUR DEHAT,MALASA,0.0,0,2,0
KANPUR DEHAT,RAJPUR,0.0,0,2,0
KANPUR DEHAT,RASULABAD,83.9,0,1,1
KANPUR DEHAT,SANDALPUR,0.0,0,1,0
KANPUR DEHAT,SARVANKHERA,19.2,0,1,0
KANPUR NAGAR,BHITERGAON,0.0,0,1,0
KANPUR NAGAR,BIDHNU,95.0,0,0,0
KANPUR NAGAR,BILHAUR,0.0,0,2,0
KANPUR NAGAR,CHAUBEPUR,0.0,0,1,0
KANPUR NAGAR,GHATAMPUR,24.3,0,2,0
KANPUR NAGAR,KAKWAN,0.0,0,1,0
KANPUR NAGAR,KALYANPUR,57.7,0,2,0
KANPUR NAGAR,PATARA,0.0,0,2,0
KANPUR NAGAR,PREMNAGAR,91.2,0,0,2
KANPUR NAGAR,SARSAUL,38.3,0,1,0
KANPUR NAGAR,SHASTRI NAGAR,124.8,1,0,0
KANPUR NAGAR,SHIVRAJPUR,0.0,0,1,0
KANSHIRAM NAGAR,AMAPUR,35.8,0,1,1
KANSHIRAM NAGAR,GANJ DUNDWARA,28.7,0,2,0
KANSHIRAM NAGAR,KASGANJ,0.0,0,1,0
KANSHIRAM NAGAR,KASGANJ (URBAN),86.3,0,0,0
KANSHIRAM NAGAR,PATIYALI,54.1,0,1,1
KANSHIRAM NAGAR,SAHAVAR,55.3,0,0,1
KANSHIRAM NAGAR,SORON,41.4,0,1,1
KAUSHAMBI,CHAYAL,0.0,0,1,0
KAUSHAMBI,KADA,35.9,0,1,2
KAUSHAMBI,KAUSHAMBI,0.0,0,2,0
KAUSHAMBI,MANJHANPUR,13.0,0,2,1
KAUSHAMBI,MURATGANJ,0.0,0,3,0
KAUSHAMBI,NEWADA,0.0,0,2,0
KAUSHAMBI,SARSAWAN,20.6,0,3,0
KAUSHAMBI,SIRATHU,18.5,0,5,2
KHERI,BANKEGANJ,22.6,0,3,0
KHERI,BEHJAM,0.0,0,1,0
KHERI,BIJUA,0.0,0,2,0
KHERI,DHAURAHARA,38.9,0,2,0
KHERI,ISANAGAR,0.0,0,5,0
KHERI,KUMBHI-GOLA,0.0,0,5,0
KHERI,LAKHIMPUR,83.5,0,0,0
KHERI,LMP,115.8,0,0,1
KHERI,MITAULI,0.0,0,4,0
KHERI,MOHAMMADI,0.0,0,2,0
KHERI,MOM,54.6,0,0,0
KHERI,NAKAHA,35.3,1,1,0
KHERI,NIGHASAN,22.9,0,4,1
KHERI,PALIYA,18.7,0,4,0
KHERI,PASGAWAN,22.9,0,1,0
KHERI,PHOOL BEHAR,7.7,0,4,0
KHERI,RAMIYA BEHAR,0.0,0,3,0
KUSHINAGAR,DUDAHI,0.0,0,1,0
KUSHINAGAR,HATA,39.0,0,1,0
KUSHINAGAR,KASIA,24.2,0,1,0
KUSHINAGAR,KHADDA,15.8,0,4,1
KUSHINAGAR,MOTICHAK,0.0,0,1,0
KUSHINAGAR,NAURANGIYA,25.8,0,1,0
KUSHINAGAR,PADARAUNA,0.0,0,1,0
KUSHINAGAR,PADRAUNA (URBAN),62.3,0,0,1
KUSHINAGAR,RAMKOLA,0.0,0,1,0
KUSHINAGAR,SEORAHI,29.6,1,2,1
KUSHINAGAR,TAMKUHI,0.0,0,1,0
KUSHINAGAR,VISHUNPURA,18.4,0,1,0
LALITPUR,BAR,18.4,0,4,0
LALITPUR,BIRDHA,8.1,0,7,0
LALITPUR,JAKHORA,11.5,0,7,1
LALITPUR,LALITPUR,107.7,0,0,0
LALITPUR,MADAWRA,0.0,0,3,0
LALITPUR,MAHRONI,19.6,0,6,0
LALITPUR,TALBEHAT,23.5,0,4,1
LUCKNOW,BAKSHI KA TALAB,16.2,0,6,0
LUCKNOW,CHINHAT,43.1,0,1,1
LUCKNOW,GOSHAI GANJ,1.4,0,6,0
LUCKNOW,KAKORI,26.0,0,4,1
LUCKNOW,MAAL,23.6,0,3,0
LUCKNOW,MALIHABAD,19.4,0,3,0
LUCKNOW,MOHAN LAL GANJ,14.4,0,5,0
LUCKNOW,"NAGAR SHAITRA, LUCKNOW",96.0,1,1,3
LUCKNOW,SAROJNI NAGAR,19.7,0,6,1
MAHARAJGANJ,BRIJMAN GANJ,46.8,0,1,0
MAHARAJGANJ,DHANI,0.0,0,1,0
MAHARAJGANJ,GHUGHLI,0.0,0,5,0
MAHARAJGANJ,LAKSHMIPUR,0.0,0,2,0
MAHARAJGANJ,MAHRAJGANJ,25.2,0,2,0
MAHARAJGANJ,MITHOURA,0.0,0,3,0
MAHARAJGANJ,NICHLOUL,8.2,0,3,0
MAHARAJGANJ,NOUTANWA,36.1,0,1,0
MAHARAJGANJ,PANIYARA,52.5,0,1,0
MAHARAJGANJ,PARTAWAL,0.0,0,4,0
MAHARAJGANJ,PHARENDA,89.4,0,0,0
MAHOBA,CHARKHARI,24.8,1,3,0
MAHOBA,CHARKHARI URBAN,89.4,0,0,0
MAHOBA,JAITPUR,58.1,1,6,1
MAHOBA,KABRAI,20.8,0,7,0
MAHOBA,NAGAR PALIKA MAHOBA,106.9,0,0,0
MAHOBA,PANWARI,28.8,0,4,2
MAINPURI,BARNAHAL,0.0,0,1,0
MAINPURI,BEWAR,15.9,0,2,0
MAINPURI,GHIROR,61.4,0,3,2
MAINPURI,JAGIR,0.0,0,1,0
MAINPURI,KARHAL,52.6,0,1,1
MAINPURI,KISHANI,202.3,0,0,0
MAINPURI,KURAWALI,0.0,0,1,0
MAINPURI,MAINPURI,53.9,0,2,0
MAINPURI,MAINPURI-CITY,100.6,0,0,0
MAINPURI,SULTANGANJ,0.0,0,1,0
MATHURA,BALDEO,38.6,0,2,1
MATHURA,CHAUMUHAN,19.9,0,2,1
MATHURA,CHHATA,0.0,0,2,0
MATHURA,FARAH,33.2,0,2,1
MATHURA,GOVERDHAN,46.8,1,1,2
MATHURA,MANT,17.5,0,4,0
MATHURA,MATHURA,58.7,0,2,1
MATHURA,NANDGAON,50.4,0,2,1
MATHURA,NOHJHEEL,0.0,0,2,0
MATHURA,RAYA,15.2,0,4,1
MAU,BADRAW,114.2,0,0,0
MAU,DOHRIGHAT,0.0,0,2,0
MAU,GHOSI,0.0,0,2,0
MAU,KOPAGANG,0.0,0,1,0
MAU,MOHAMMADABAD,44.0,0,1,0
MAU,NAGAR KSHETRA MAU,103.3,0,0,1
MAU,PARDAHA,0.0,0,1,0
MAU,RANIPUR,0.0,0,1,0
MAU,RATANPURA,17.6,0,4,0
MEERUT,DAURALA,0.0,0,3,0
MEERUT,HASTINAPUR,42.5,1,3,0
MEERUT,JANI,21.2,0,2,0
MEERUT,KHARKHODA,37.5,0,6,1
MEERUT,MACHRA,64.9,0,1,0
MEERUT,MAWANA,0.0,0,3,0
MEERUT,MEERUT,0.0,0,2,0
MEERUT,MEERUT NAGAR,120.4,0,0,0
MEERUT,PARIKSHIT GARH,32.4,0,3,1
MEERUT,RAJPURA,20.7,0,2,0
MEERUT,ROHTA,24.5,0,2,0
MEERUT,SARDHANA,54.7,0,1,2
MEERUT,SARURPUR,17.8,0,4,0
MIRZAPUR,CHHANBEY,0.0,0,7,0
MIRZAPUR,HALIA,7.7,0,9,1
MIRZAPUR,JAMALPUR,0.0,0,2,0
MIRZAPUR,KONE,0.0,0,6,0
MIRZAPUR,LALGANJ,0.0,0,7,0
MIRZAPUR,MAJHAWA,35.7,0,2,0
MIRZAPUR,MARIHAN,0.0,0,3,0
MIRZAPUR,NAGAR,0.0,0,6,0
MIRZAPUR,NAGAR PALIKA,83.1,0,0,0
MIRZAPUR,NARAYANPUR,88.2,0,0,0
MIRZAPUR,PAHARI,0.0,0,6,0
MIRZAPUR,RAJGARH,0.0,0,4,0
MIRZAPUR,SEEKHAR,15.9,1,2,0
MORADABAD,BHAGATPUR TANDA,35.8,0,4,0
MORADABAD,BILARI,13.7,1,5,0
MORADABAD,CHAJLET,30.6,0,4,1
MORADABAD,DILARI,36.6,0,2,1
MORADABAD,KUNDERKI,23.7,0,4,0
MORADABAD,MORADABAD,16.1,0,4,0
MORADABAD,MORADABAD CITY BOYS,124.7,0,0,0
MORADABAD,MORADABAD CITY GIRLS,70.6,0,0,0
MORADABAD,MUNDAPANDAY,25.2,0,4,1
MORADABAD,THAKURDWARA,64.3,0,3,1
MUZAFFARNAGAR,BAGHRA,35.2,0,2,0
MUZAFFARNAGAR,BUDHANA,106.7,0,4,1
MUZAFFARNAGAR,CHARTHAWAL,40.4,0,1,0
MUZAFFARNAGAR,JANSATH,25.6,0,4,3
MUZAFFARNAGAR,KHATAULI,25.4,0,2,0
MUZAFFARNAGAR,MORNA,48.4,0,1,1
MUZAFFARNAGAR,PURKAJI,39.8,0,3,1
MUZAFFARNAGAR,SADAR,38.8,0,3,1
MUZAFFARNAGAR,SADAR [TOWN AREA],231.5,0,0,0
MUZAFFARNAGAR,SHAHPUR,100.3,0,2,0
PILIBHIT,AMARIA,36.6,0,5,0
PILIBHIT,BARKHERA,33.5,0,2,1
PILIBHIT,BILSANDA,38.8,0,3,1
PILIBHIT,BISALPUR,0.0,0,2,0
PILIBHIT,LALORIKHERA,68.1,0,0,1
PILIBHIT,MARORI,37.0,0,2,0
PILIBHIT,N. P. PILIBHIT,103.1,0,0,1
PILIBHIT,PURANPUR,29.5,0,4,0
PRATAPGARH,AASPUR-DEOSARA,23.3,0,3,2
PRATAPGARH,BABA BHELKHARNATH,0.0,0,2,0
PRATAPGARH,BABAGANJ,40.4,0,1,0
PRATAPGARH,BIHAR,38.8,0,2,0
PRATAPGARH,CITY(PRATAPGARH BELHA),105.1,0,0,0
PRATAPGARH,GAURA,22.9,0,3,1
PRATAPGARH,KALAKANKER,66.6,0,1,0
PRATAPGARH,LALGANJ,64.9,0,0,0
PRATAPGARH,LAXMANPUR,0.0,0,2,0
PRATAPGARH,MANDHATA,44.9,0,1,0
PRATAPGARH,MANGRAURA,16.4,0,2,0
PRATAPGARH,PATTI,30.7,0,2,0
PRATAPGARH,SADAR,83.4,0,0,0
PRATAPGARH,SADWA-CHANDRIKA,27.4,0,1,0
PRATAPGARH,SANGIPUR,33.3,0,2,0
PRATAPGARH,SHIVGARH,44.7,0,2,1
PRAYAGRAJ,BAHARIYA,24.5,0,1,1
PRAYAGRAJ,CHAKA,19.0,0,2,0
PRAYAGRAJ,DHANUPUR,70.8,0,0,1
PRAYAGRAJ,HANDIA,22.8,0,1,0
PRAYAGRAJ,JASARA,82.8,0,1,0
PRAYAGRAJ,KARCHHANA,71.0,0,0,1
PRAYAGRAJ,KORAON,21.2,0,2,0
PRAYAGRAJ,MANDA,37.4,0,2,0
PRAYAGRAJ,MAUAIMA,0.0,0,1,0
PRAYAGRAJ,MEJA,0.0,0,2,0
PRAYAGRAJ,NAGAR CHHETRA,120.8,0,0,2
PRAYAGRAJ,PHOOLPUR,32.8,0,1,0
PRAYAGRAJ,PRATAP PUR,0.0,0,1,0
PRAYAGRAJ,SAIDABAD,86.0,0,0,1
PRAYAGRAJ,SHANKAR GARH,36.9,0,1,2
PRAYAGRAJ,SORAON,0.0,0,1,0
PRAYAGRAJ,URUWA,52.1,0,1,0
RAE BARELI,AMAWAN,51.8,0,1,0
RAE BARELI,BACHHRAWAN,58.8,0,1,1
RAE BARELI,CHHATOH,45.2,0,1,2
RAE BARELI,DALMAU,47.2,0,0,1
RAE BARELI,DEEH,42.4,0,1,0
RAE BARELI,GAURA,49.4,0,1,0
RAE BARELI,HARCHANDPUR,17.1,0,2,0
RAE BARELI,JAGATPUR,0.0,0,2,0
RAE BARELI,KHIRON,84.5,0,0,1
RAE BARELI,LALGANJ,40.3,0,1,0
RAE BARELI,MAHRAJGANJ,52.5,0,2,1
RAE BARELI,NAGAR SHETRA (RBL),124.0,0,0,1
RAE BARELI,RAHI,33.7,0,2,1
RAE BARELI,ROHANIYA,25.3,0,2,1
RAE BARELI,SALON,33.7,0,1,0
RAE BARELI,SARENI,0.0,0,1,0
RAE BARELI,SATAON,69.9,0,0,0
RAE BARELI,SHIVGARH,34.4,0,1,0
RAMPUR,BILASPUR,50.3,0,2,1
RAMPUR,CHAMRAUVA,34.8,0,2,2
RAMPUR,MILAK,82.7,0,0,0
RAMPUR,SAID NAGAR,92.9,0,1,3
RAMPUR,SHAHBAD,74.1,1,1,2
RAMPUR,SUAR,65.9,1,2,1
RAMPUR,TOWN AREA RAMPUR,88.9,1,1,1
SAHARANPUR,BALIA KHEDI,21.9,0,2,0
SAHARANPUR,DEOBAND,38.2,0,3,1
SAHARANPUR,GANGOH,28.5,0,3,1
SAHARANPUR,MUZAFFARABAD,18.0,0,7,0
SAHARANPUR,NAGAL,27.1,0,3,1
SAHARANPUR,NAKUR,57.6,0,4,0
SAHARANPUR,NANAUTA,24.3,0,3,1
SAHARANPUR,PUNWARKA,36.8,0,5,2
SAHARANPUR,RAMPUR MANIHARAN,0.0,0,2,0
SAHARANPUR,SADHOLI KADIM,32.0,0,2,2
SAHARANPUR,SARSAVA,22.5,0,3,1
SAHARANPUR,T.A. DEOBAND,95.7,0,0,1
SAHARANPUR,T.A. SAHAHRANPUR,76.8,0,1,2
SAMBHAL (BHIM NAGAR),ASMOLI,13.4,0,2,0
SAMBHAL (BHIM NAGAR),BANIYAKHERA,0.0,0,2,0
SAMBHAL (BHIM NAGAR),BEHJOI,63.6,0,0,1
SAMBHAL (BHIM NAGAR),GUNNOR,34.7,0,0,0
SAMBHAL (BHIM NAGAR),JUNAVAI,43.9,0,0,1
SAMBHAL (BHIM NAGAR),PAWANSA,52.6,0,0,0
SAMBHAL (BHIM NAGAR),RAJPURA,42.7,0,0,0
SAMBHAL (BHIM NAGAR),SAMBHAL,58.5,0,0,2
SAMBHAL (BHIM NAGAR),SAMBHAL CITY,44.7,0,1,0
SANT KABIR NAGAR,BAGHAULI,12.8,0,4,0
SANT KABIR NAGAR,BELHAR KALA,0.0,0,1,0
SANT KABIR NAGAR,HAINSAR BAZAR,0.0,0,2,0
SANT KABIR NAGAR,KHALILABAD,23.1,0,2,1
SANT KABIR NAGAR,MEHNDAVAL,30.1,0,0,0
SANT KABIR NAGAR,NATHNAGAR,0.0,0,1,0
SANT KABIR NAGAR,PAULI,0.0,0,1,0
SANT KABIR NAGAR,SANTHA,0.0,0,1,0
SANT KABIR NAGAR,SEMARINYAVA,0.0,0,5,0
SHAHJAHANPUR,BANDA,0.0,0,5,0
SHAHJAHANPUR,BHAWALKHERA,22.9,0,2,1
SHAHJAHANPUR,DADRAUL,26.2,0,5,0
SHAHJAHANPUR,JAITIPUR,0.0,0,2,0
SHAHJAHANPUR,JALALABAD,0.0,0,3,0
SHAHJAHANPUR,KALAN,30.8,0,2,0
SHAHJAHANPUR,KANTH,24.5,0,4,1
SHAHJAHANPUR,KATRA KHUDAGANJ,16.8,0,1,1
SHAHJAHANPUR,KHUTAR,0.0,0,2,0
SHAHJAHANPUR,MADNAPUR,0.0,0,2,0
SHAHJAHANPUR,MIRJAPUR,0.0,0,2,0
SHAHJAHANPUR,NIGOHI,0.0,0,2,0
SHAHJAHANPUR,PUWAYA,24.4,0,3,1
SHAHJAHANPUR,SINDHAULI,22.8,0,2,1
SHAHJAHANPUR,T.A.SHAHJAHANPUR,115.1,0,0,0
SHAHJAHANPUR,TILHAR,14.2,0,4,0
SHAMLI (PRABUDH NAGAR),KAIRANA,53.1,0,1,2
SHAMLI (PRABUDH NAGAR),KANDHLA,64.1,0,1,0
SHAMLI (PRABUDH NAGAR),KANDHLA [TOWN AREA],62.5,0,0,0
SHAMLI (PRABUDH NAGAR),OON,41.5,0,4,1
SHAMLI (PRABUDH NAGAR),SHAMLI,18.8,0,1,1
SHAMLI (PRABUDH NAGAR),THANABHAWAN,80.6,0,1,0
SHRAWASTI,GILAULA,25.0,0,3,1
SHRAWASTI,HARIHARPUR RANI,8.6,0,6,1
SHRAWASTI,IKAUNA,22.6,0,4,0
SHRAWASTI,JAMUNHA,0.0,0,4,0
SHRAWASTI,SIRSIYA,7.2,0,7,1
SIDDHARTHNAGAR,BANSI,16.3,0,2,0
SIDDHARTHNAGAR,BARHANI,10.4,0,2,0
SIDDHARTHNAGAR,BHANVAPUR,0.0,0,1,0
SIDDHARTHNAGAR,BIRDPUR,22.5,0,2,0
SIDDHARTHNAGAR,DUMARIYAGANJ,34.2,0,2,0
SIDDHARTHNAGAR,ITAVA,19.2,0,2,0
SIDDHARTHNAGAR,JOGIYA,0.0,0,1,0
SIDDHARTHNAGAR,KHESARAHA,25.4,0,1,1
SIDDHARTHNAGAR,KHUNIYANV,17.9,0,2,0
SIDDHARTHNAGAR,MITHAVAL,0.0,0,1,0
SIDDHARTHNAGAR,NAUGARH,37.0,0,2,1
SIDDHARTHNAGAR,SHOHARATGARH,0.0,0,1,0
SITAPUR,ALIYA,13.1,0,2,0
SITAPUR,BEHTA,1.1,0,6,0
SITAPUR,BISWAN,25.9,0,2,1
SITAPUR,GONDLAMAU,0.0,0,2,0
SITAPUR,HARGAON,0.0,0,2,0
SITAPUR,KASMANDA,33.7,0,1,1
SITAPUR,KHAIRABAD,0.0,0,2,0
SITAPUR,LAHARPUR,45.7,0,0,2
SITAPUR,MACHHAREHTA,39.9,0,2,0
SITAPUR,MAHMOODABAD,49.6,0,1,2
SITAPUR,MAHOLI,28.0,0,1,0
SITAPUR,MISRIKH,28.5,0,2,1
SITAPUR,N.K.BISWAN,116.0,0,0,0
SITAPUR,N.K.KHAIRABAD,83.1,0,0,0
SITAPUR,N.K.SITAPUR,138.0,0,0,0
SITAPUR,PAHALA,18.6,0,3,1
SITAPUR,PARSENDI,0.0,0,1,0
SITAPUR,PISAWAN,53.2,0,1,0
SITAPUR,RAMPURMATHURA,35.8,0,2,3
SITAPUR,REUSA,0.0,0,2,0
SITAPUR,SAKARAN,20.6,0,2,0
SITAPUR,SIDHAULI,38.4,0,2,0
SONBHADRA,BABHANI,13.6,0,3,1
SONBHADRA,CHATRA,28.8,0,1,0
SONBHADRA,CHOPAN,26.1,0,5,3
SONBHADRA,DUDHI,32.8,0,4,0
SONBHADRA,GHORAWAL,35.8,0,3,4
SONBHADRA,MYORPUR,32.1,0,5,0
SONBHADRA,NAGWA,0.0,0,9,0
SONBHADRA,ROBERTSGANJ,22.3,0,2,0
SULTANPUR,BALDIRAI,11.8,0,2,0
SULTANPUR,BHADAIYAN,20.5,0,4,0
SULTANPUR,DHANPATGANJ,0.0,0,2,0
SULTANPUR,DOSTPUR,30.0,0,1,0
SULTANPUR,DUBEYPUR,55.0,0,0,1
SULTANPUR,JAISINGHPUR,42.8,0,1,1
SULTANPUR,KADIPUR,75.1,0,0,0
SULTANPUR,KARAUNDI KALA,0.0,0,1,0
SULTANPUR,KUREBHAR,27.1,0,1,0
SULTANPUR,KURWAR,0.0,0,2,0
SULTANPUR,MOTIGARPUR,0.0,0,2,0
SULTANPUR,SULTANPUR CITY,106.8,0,0,1
UNNAO,ASOHA,0.0,0,1,0
UNNAO,AURAS,25.5,0,4,0
UNNAO,BAGARMAU,44.7,0,2,0
UNNAO,BICHHIYA,50.5,1,1,0
UNNAO,BIGHAPUR,0.0,0,2,0
UNNAO,CITI AREA,105.8,0,0,0
UNNAO,FATEHPUR 84,155.6,0,0,0
UNNAO,GANGMURADABAD,35.7,0,1,0
UNNAO,HASANGANJ,0.0,0,1,0
UNNAO,HILOULI,0.0,0,3,0
UNNAO,MIYAGANJ,0.0,0,2,0
UNNAO,NAVABGANJ,38.0,0,3,0
UNNAO,PURWA,41.1,0,1,1
UNNAO,SAFIPUR,43.2,0,1,0
UNNAO,SIKANDERPUR KARN,30.4,0,2,0
UNNAO,SIKANDERPUR SAROSI,29.5,0,1,0
UNNAO,SUMERPUR,0.0,0,1,0
VARANASI,ARAJILINES,23.6,1,6,1
VARANASI,BARAGAON,0.0,0,2,0
VARANASI,CHIRAIGAON,0.0,0,3,0
VARANASI,CHOLAPUR,47.7,0,1,1
VARANASI,HARHUA,0.0,0,2,0
VARANASI,KASHIVIDYAPEETH,54.4,0,1,0
VARANASI,NAGAR NIGAM,88.8,1,0,0
VARANASI,NAGAR PALIKA RAMNAGAR,76.6,0,0,2
VARANASI,PINDRA,0.0,0,2,0
VARANASI,SEWAPURI,0.0,0,5,0
