District,Block,Boys_Only_Schools,Girls_Only_Schools,Boys_Dominated_Schools,Balanced_Schools,Avg_Girls_pct_2223,Avg_Girls_pct_2526,Block_Gender_Direction
AGRA,ACCHNERA,0,1,0,2,59.1,62.4,Improving
AGRA,AKOLA,0,0,0,1,59.6,53.4,Declining
AGRA,BAH,0,0,0,1,51.0,43.7,Declining
AGRA,BAROLI AHEER,0,2,0,0,70.1,75.3,Improving
AGRA,BICHPURI,0,0,0,1,50.6,55.6,Improving
AGRA,ETMADPUR,0,0,0,1,51.9,59.9,Improving
AGRA,FATEHABAD,0,0,0,0,32.8,54.5,Improving
AGRA,FATEHPUR  SIKRI,0,0,0,0,58.0,64.6,Improving
AGRA,JAGNER,0,0,0,0,59.2,50.0,Declining
AGRA,JAITPUR  KALAN,0,0,0,1,44.8,53.7,Improving
AGRA,KHANDOLI,0,1,0,2,61.1,64.4,Improving
AGRA,KHERAGARH,0,1,0,0,100.0,100.0,Stable
AGRA,M.C.AGRA CITY,1,1,0,0,50.0,50.0,Stable
AGRA,PINAHAT,0,0,0,1,43.6,50.9,Improving
AGRA,SAIYAN,0,0,0,0,48.2,63.8,Improving
AGRA,SHAMSHABAD,0,0,0,0,63.8,57.4,Declining
ALIGARH,AKRABAD,0,0,0,1,47.6,53.6,Improving
ALIGARH,ATRAULI,0,2,0,0,80.5,85.9,Improving
ALIGARH,BIJAULI,0,1,0,1,68.4,77.4,Improving
ALIGARH,CHANDAUS,0,1,0,1,59.8,62.0,Improving
ALIGARH,DHANIPUR,0,1,0,1,71.0,76.6,Improving
ALIGARH,GANGIRI,0,2,0,0,79.0,87.6,Improving
ALIGARH,GONDA,0,0,0,3,51.3,53.0,Stable
ALIGARH,IGLAS,0,1,0,1,69.5,71.3,Stable
ALIGARH,JAWAN,0,1,0,2,55.6,63.3,Improving
ALIGARH,KHAIR,0,0,0,2,50.1,48.2,Stable
ALIGARH,LODHA,0,0,0,1,28.2,54.5,Improving
ALIGARH,NAGAR ALIGARH,1,1,0,1,33.3,50.0,Improving
ALIGARH,NAGAR ATRAULI,0,1,0,0,100.0,100.0,Stable
ALIGARH,TAPPAL,0,1,0,1,74.6,75.0,Stable
AMBEDKAR NAGAR,AKBARPUR,0,3,0,4,73.1,72.3,Stable
AMBEDKAR NAGAR,BASKHARI,0,0,0,0,60.3,63.4,Improving
AMBEDKAR NAGAR,BHEETI,0,1,0,0,100.0,100.0,Stable
AMBEDKAR NAGAR,BHIYAON,0,0,0,1,45.2,48.8,Improving
AMBEDKAR NAGAR,JAHANGIRGANJ,0,0,0,1,45.5,49.0,Improving
AMBEDKAR NAGAR,JALALPUR,0,1,0,0,71.5,75.5,Improving
AMBEDKAR NAGAR,KATEHARI,0,0,0,1,49.8,55.7,Improving
AMBEDKAR NAGAR,RAMNAGAR,0,1,0,1,54.1,54.7,Stable
AMBEDKAR NAGAR,TANDA,0,1,0,2,55.6,56.1,Stable
AMBEDKAR NAGAR,TANDA TOWN AREA,0,1,0,0,100.0,100.0,Stable
AMETHI - CSM NAGAR,AMETHI,0,1,0,1,69.6,75.4,Improving
AMETHI - CSM NAGAR,BAHADURPUR,0,1,0,4,59.2,54.9,Declining
AMETHI - CSM NAGAR,BHADAR,0,1,0,0,65.3,69.2,Improving
AMETHI - CSM NAGAR,BHETUA,0,0,0,0,47.4,37.9,Declining
AMETHI - CSM NAGAR,GAURIGANJ,0,1,0,0,77.6,77.8,Stable
AMETHI - CSM NAGAR,JAGDISHPUR,0,2,0,1,52.4,74.1,Improving
AMETHI - CSM NAGAR,JAMO,0,1,1,1,50.8,57.7,Improving
AMETHI - CSM NAGAR,MUSAFIRKHANA,0,1,0,1,60.6,68.9,Improving
AMETHI - CSM NAGAR,SANGRAMPUR,0,1,0,0,100.0,100.0,Stable
AMETHI - CSM NAGAR,SHAHGARH,0,1,0,1,72.1,69.8,Declining
AMETHI - CSM NAGAR,SHUKULBAZAR,0,1,0,0,100.0,100.0,Stable
AMETHI - CSM NAGAR,SINGHPUR,0,0,0,2,47.8,44.6,Declining
AMETHI - CSM NAGAR,TILOI,0,0,0,1,44.7,40.9,Declining
AURAIYA,ACHHALDA,0,0,0,1,58.8,59.8,Stable
AURAIYA,AIRWAKATRA,0,1,0,0,73.8,68.6,Declining
AURAIYA,AURAIYA,0,0,0,2,57.1,48.1,Declining
AURAIYA,BHAGYANAGAR,0,1,0,1,68.9,68.6,Stable
AURAIYA,BIDHUNA,0,1,0,0,77.6,81.0,Improving
AURAIYA,SAHAR,0,1,0,1,75.1,71.6,Declining
AZAMGARH,ATRAULIYA,0,1,0,0,100.0,100.0,Stable
AZAMGARH,AZAMGRAH,0,1,0,0,100.0,100.0,Stable
AZAMGARH,AZMATGARH,0,1,0,0,100.0,100.0,Stable
AZAMGARH,BILARIYAGANJ,0,1,0,0,100.0,100.0,Stable
AZAMGARH,FOOLPOOR,0,0,0,0,55.7,42.2,Declining
AZAMGARH,HARRAIYA,0,0,0,0,54.2,45.9,Declining
AZAMGARH,JAHANAGANJ,0,0,0,0,59.4,50.6,Declining
AZAMGARH,LALGANJ,0,1,0,0,68.5,72.0,Improving
AZAMGARH,MAHARAJ GANJ,0,0,0,0,48.6,42.0,Declining
AZAMGARH,MIRZAPUR,0,1,0,0,100.0,100.0,Stable
AZAMGARH,MOHAMMADPUR,0,1,0,0,68.0,65.4,Declining
AZAMGARH,PALHNA,0,0,0,1,67.9,48.9,Declining
AZAMGARH,PAWAE,0,1,0,1,65.0,74.0,Improving
AZAMGARH,SATHIYAN,0,0,0,1,0.0,51.7,Improving
AZAMGARH,TAHBERPUR,0,0,0,0,51.2,60.0,Improving
AZAMGARH,TARWA,0,1,0,0,100.0,100.0,Stable
AZAMGARH,THEKMA,0,0,0,1,36.9,50.0,Improving
BAGHPAT,BAGPAT,0,1,0,1,62.2,62.3,Stable
BAGHPAT,BAROUT,0,1,0,1,72.9,75.0,Improving
BAGHPAT,BAROUT URBAN,0,1,0,0,100.0,100.0,Stable
BAGHPAT,BINOLY,0,1,0,1,67.4,62.5,Declining
BAGHPAT,CHHAPROLI,0,2,0,1,52.3,69.9,Improving
BAGHPAT,KHEKRA,0,0,0,0,47.0,45.6,Stable
BAGHPAT,PILANA,0,0,0,0,30.6,43.5,Improving
BAHRAICH,BALHA,0,1,0,1,36.1,65.0,Improving
BAHRAICH,CHITTAURA,0,0,0,2,32.6,52.8,Improving
BAHRAICH,FAKHAR PUR,0,1,0,1,26.0,73.5,Improving
BAHRAICH,HUJUR PUR,0,1,0,3,45.3,61.0,Improving
BAHRAICH,JARWAL,0,1,0,1,39.9,58.6,Improving
BAHRAICH,KAISER GANJ,0,1,0,4,58.3,59.4,Stable
BAHRAICH,MAHSI,0,0,0,1,50.1,49.1,Stable
BAHRAICH,MIHIN PURVA,0,0,0,5,48.5,53.1,Improving
BAHRAICH,NAGAR AREA,0,1,1,0,51.0,59.4,Improving
BAHRAICH,NAWAB GANJ,0,1,0,0,72.3,65.4,Declining
BAHRAICH,PAYAGPUR,0,1,0,1,74.5,70.6,Declining
BAHRAICH,RISIA,0,0,0,0,48.6,48.6,Stable
BAHRAICH,SHIV PUR,0,0,0,0,48.0,43.8,Declining
BAHRAICH,TAJWA PUR,0,0,0,1,40.4,44.8,Improving
BAHRAICH,VISHESHWAR  GANJ,0,0,0,0,45.8,53.5,Improving
BALLIA,BAIRIA,0,1,0,0,100.0,100.0,Stable
BALLIA,BALLIA N.P.,1,1,0,0,50.0,50.0,Stable
BALLIA,BANSDEEH,0,1,0,0,71.7,79.6,Improving
BALLIA,BELAHARI,0,0,0,0,50.5,59.6,Improving
BALLIA,CHILKAHAR,0,0,0,0,51.4,59.4,Improving
BALLIA,DUBAHAR,0,1,0,0,100.0,100.0,Stable
BALLIA,GARWAR,0,0,0,0,46.2,52.2,Improving
BALLIA,MANIAR,0,0,0,0,36.2,36.2,Stable
BALLIA,MURLI CHHAPRA,0,1,0,0,65.6,69.2,Improving
BALLIA,NAGARA,0,0,0,2,54.8,41.8,Declining
BALLIA,NAVANAGAR,0,0,0,1,24.7,62.4,Improving
BALLIA,PANDAH,0,0,0,1,43.8,41.1,Declining
BALLIA,RASARA,0,1,0,2,62.5,65.9,Improving
BALLIA,REVATI,0,0,0,1,57.3,45.6,Declining
BALLIA,SEAR,0,0,0,1,33.3,55.5,Improving
BALLIA,SOHAWN,0,1,0,0,100.0,100.0,Stable
BALRAMPUR,BALRAMPUR,0,0,0,3,54.3,55.3,Stable
BALRAMPUR,GAINDAS BUZURG,0,0,0,0,40.6,42.2,Stable
BALRAMPUR,GAINSARI,0,0,0,2,42.4,46.8,Improving
BALRAMPUR,HARAIYA SATGHARWA,0,0,0,1,38.8,45.3,Improving
BALRAMPUR,PACHPERWA,0,0,0,0,61.5,60.0,Stable
BALRAMPUR,REHRA BAZAR,0,0,0,0,61.4,55.3,Declining
BALRAMPUR,SHRIDUTTGANJ,0,0,0,0,56.8,62.7,Improving
BALRAMPUR,TULSIPUR,0,0,0,2,45.2,50.7,Improving
BALRAMPUR,UTRAULA (MUN. CORP.),0,1,0,0,100.0,100.0,Stable
BANDA,BABERU,0,1,0,4,63.8,58.9,Declining
BANDA,BADOKHAR KHURD,0,0,0,5,46.1,52.1,Improving
BANDA,BISANDA,0,2,0,2,60.6,65.5,Improving
BANDA,JASPURA,0,0,0,3,52.7,48.8,Declining
BANDA,KAMASIN,0,1,0,2,58.4,55.9,Declining
BANDA,MAHUWA,0,0,0,1,49.4,50.4,Stable
BANDA,NAGAR KSHETRA,1,1,0,0,50.0,50.0,Stable
BANDA,NARAINI,0,1,0,3,50.9,54.1,Improving
BANDA,TINDWARI,0,1,0,2,57.0,52.3,Declining
BARABANKI,BANI KODAR,0,0,0,2,45.0,48.3,Improving
BARABANKI,BANKI,0,0,0,4,53.2,53.0,Stable
BARABANKI,BARABANKI CITY,1,1,0,0,50.0,50.0,Stable
BARABANKI,DARIYA BAD,0,0,0,0,53.0,64.7,Improving
BARABANKI,DEWA,0,1,0,0,77.8,79.8,Stable
BARABANKI,FATEH PUR,0,1,0,2,67.3,65.4,Stable
BARABANKI,HAIDAR GARH,0,1,0,2,61.0,66.0,Improving
BARABANKI,HARAKH,0,2,0,1,83.0,84.6,Stable
BARABANKI,MASAULI,0,1,0,0,67.3,71.3,Improving
BARABANKI,NINDURA,0,0,0,3,51.5,52.4,Stable
BARABANKI,PURE DALAI,0,1,0,1,25.2,77.3,Improving
BARABANKI,SIDDHAOR,0,0,0,0,49.7,59.0,Improving
BARABANKI,SIRAULI GAUSPUR,0,0,0,1,35.7,45.5,Improving
BARABANKI,SURAT GANJ,0,0,0,1,41.2,47.0,Improving
BARABANKI,TRIVEDI GANJ,0,0,0,0,49.2,50.4,Stable
BAREILLY,ALAMPUR,0,0,0,0,43.1,55.8,Improving
BAREILLY,AONLA,0,1,0,0,100.0,100.0,Stable
BAREILLY,BAHERI,0,1,0,1,42.9,59.4,Improving
BAREILLY,BAHERI TOWN,0,1,0,0,100.0,100.0,Stable
BAREILLY,BAREILLY TOWN,1,1,0,0,50.0,49.9,Stable
BAREILLY,BHADPURA,0,0,0,3,54.9,48.3,Declining
BAREILLY,BHOJIPURA,0,0,0,1,38.4,45.0,Improving
BAREILLY,BHUTA,0,0,0,0,41.3,48.1,Improving
BAREILLY,FARIDPUR,0,0,0,3,49.6,47.3,Declining
BAREILLY,FATEHGANJ,0,0,0,0,44.0,59.8,Improving
BAREILLY,KYARA,0,0,0,4,37.8,49.5,Improving
BAREILLY,MAJHGAWAN,0,0,0,1,46.7,44.5,Declining
BAREILLY,MIRGANJ,0,0,0,1,62.5,51.6,Declining
BAREILLY,NAWABGANJ,0,2,0,5,52.8,64.7,Improving
BAREILLY,RAMNAGAR,0,0,0,1,49.6,57.8,Improving
BAREILLY,RICHHA(DAMKHODA),0,1,0,1,58.6,58.7,Stable
BAREILLY,SHERGARH,0,1,0,1,35.8,71.2,Improving
BAREILLY,VITHARI CHAINPUR,0,1,0,1,52.1,56.7,Improving
BASTI,BAHADURPUR,0,0,0,2,59.6,55.6,Declining
BASTI,BASTI SADAR,0,0,0,0,54.8,41.8,Declining
BASTI,DUBAULIA,0,0,0,1,66.7,55.0,Declining
BASTI,GAUR,0,1,0,0,68.2,68.1,Stable
BASTI,HARRIYA,0,0,0,1,54.6,52.8,Stable
BASTI,KAPTANGANJ,0,0,0,0,57.4,42.3,Declining
BASTI,KUDRAHA,0,0,0,0,62.5,66.7,Improving
BASTI,PARSHURAMPUR,0,0,0,1,54.3,54.9,Stable
BASTI,RUDHOLI,0,0,0,1,34.8,47.8,Improving
BASTI,SALTOVA GOPALPUR,0,0,0,0,56.1,58.6,Improving
BASTI,TOWN AREA,1,1,0,0,50.0,50.0,Stable
BASTI,VIKRAMJOT,0,1,0,0,100.0,100.0,Stable
BHADOI,ABHOLI,0,0,0,2,49.2,47.2,Stable
BHADOI,AURAI,0,2,0,3,64.2,64.3,Stable
BHADOI,BHADOHI,0,0,0,4,50.4,49.5,Stable
BHADOI,DEEGH,0,0,0,3,51.3,50.0,Stable
BHADOI,GYANPUR,0,0,1,1,39.3,49.4,Improving
BHADOI,SURIYAVAN,0,0,0,2,45.5,47.3,Stable
BIJNOR,AAKU(NEHTOR),0,1,0,2,72.9,66.1,Declining
BIJNOR,AFZALGRAH,0,2,1,2,60.9,62.1,Stable
BIJNOR,ALLHEPUR(DHAMPUR),0,2,0,3,52.7,70.1,Improving
BIJNOR,BIJNOR(NAGAR),1,1,0,0,50.0,50.0,Stable
BIJNOR,BURHANPUR(SEOHARA),0,0,0,0,34.8,42.4,Improving
BIJNOR,DHAMPUR(NAGAR),0,1,0,0,100.0,100.0,Stable
BIJNOR,HALDAUR,0,1,0,0,71.4,66.3,Declining
BIJNOR,JALILPUR,0,1,0,0,100.0,100.0,Stable
BIJNOR,KIRATPUR,0,1,0,1,72.5,72.6,Stable
BIJNOR,KOTWALI,0,1,0,1,61.5,70.6,Improving
BIJNOR,MOHD.PUR DEVMAL,0,1,0,1,54.8,70.3,Improving
BIJNOR,NAJIBABAD,0,1,0,3,37.8,61.8,Improving
BIJNOR,NAJIBABAD(NAGAR),1,0,0,0,0.0,0.0,Stable
BUDAUN,AASAFPUR,0,0,0,0,68.7,55.2,Declining
BUDAUN,AMBIYAPUR,0,0,0,1,55.3,50.0,Declining
BUDAUN,BISAULI,0,1,0,3,58.2,64.5,Improving
BUDAUN,BUDAUN CITY,1,1,0,0,50.0,50.0,Stable
BUDAUN,DATAGANJ,0,2,0,0,50.0,100.0,Improving
BUDAUN,DEHGANWAN,0,0,0,1,42.7,42.9,Stable
BUDAUN,JAGAT,0,0,0,2,50.9,51.3,Stable
BUDAUN,MIAUN,0,0,0,1,62.5,50.0,Declining
BUDAUN,QADARCHOWK,0,1,0,0,51.6,54.0,Improving
BUDAUN,SAHASWAN CITY,0,1,0,0,100.0,100.0,Stable
BUDAUN,SALARPUR,0,0,0,1,29.3,48.0,Improving
BUDAUN,SAMRER,0,0,0,0,41.8,37.0,Declining
BUDAUN,UJHANI,0,0,0,0,29.8,49.1,Improving
BUDAUN,USAWAN,0,0,0,0,36.7,38.5,Stable
BUDAUN,WAZEERGANJ,0,1,0,2,69.3,69.0,Stable
BULANDSHAHR,AGAUTA,0,0,0,1,88.9,51.2,Declining
BULANDSHAHR,ANOOPSHAHAR,0,0,0,0,61.3,52.3,Declining
BULANDSHAHR,ARNIA,0,0,0,0,38.4,48.2,Improving
BULANDSHAHR,B.B.NAGAR,0,1,0,0,84.9,84.5,Stable
BULANDSHAHR,BULANDSHAHR,0,0,0,3,53.9,52.9,Stable
BULANDSHAHR,BULANDSHAR NAGAR,1,1,0,0,50.0,50.0,Stable
BULANDSHAHR,DANPUR,0,1,0,1,69.4,61.6,Declining
BULANDSHAHR,DEBAI,0,3,0,1,76.2,79.7,Improving
BULANDSHAHR,GULAOTI,0,0,0,1,55.1,45.0,Declining
BULANDSHAHR,JAHAGIRABAD,0,0,0,1,60.5,56.1,Declining
BULANDSHAHR,KHURJA,0,0,0,1,49.3,54.6,Improving
BULANDSHAHR,LAKHAWATI,0,1,0,0,20.8,70.3,Improving
BULANDSHAHR,PAHASU,0,1,0,1,73.4,70.9,Declining
BULANDSHAHR,SHIKARPUR,0,1,0,1,83.9,68.0,Declining
BULANDSHAHR,SIKANDRABAD,0,1,0,0,72.0,71.2,Stable
BULANDSHAHR,SYNA,0,0,0,0,72.0,72.5,Stable
BULANDSHAHR,UCHAGAON,0,0,0,2,60.5,45.8,Declining
CHANDAULI,BARAHANI,0,1,0,1,62.7,55.9,Declining
CHANDAULI,CHAHANIYA,0,0,0,1,60.8,53.0,Declining
CHANDAULI,CHAKIYA,0,0,0,3,48.3,49.7,Stable
CHANDAULI,CHANDAULI,0,0,0,2,54.8,51.3,Declining
CHANDAULI,NAUGARH,0,0,0,5,47.1,50.7,Improving
CHANDAULI,SAKALDIHA,0,1,0,0,100.0,100.0,Stable
CHANDAULI,SHAHABGANJ,0,0,0,2,39.4,45.2,Improving
CHITRAKOOT,CHITRAKOOT,0,0,0,3,53.8,56.6,Improving
CHITRAKOOT,CHITRAKOOT (URBAN),0,1,0,0,100.0,100.0,Stable
CHITRAKOOT,MANIKPUR,0,1,0,2,52.4,57.8,Improving
CHITRAKOOT,MAU,0,0,0,4,52.1,51.8,Stable
CHITRAKOOT,PAHADI,0,1,1,2,53.8,56.6,Improving
CHITRAKOOT,RAM NAGAR,0,1,0,1,72.6,75.4,Improving
DEORIA,BARAHAJ,0,0,0,1,57.6,60.8,Improving
DEORIA,BHATNI,0,0,0,1,58.6,45.5,Declining
DEORIA,BHATPAR RANI,0,1,0,0,0.0,100.0,Improving
DEORIA,BHLUANI,0,0,0,0,0.0,43.4,Improving
DEORIA,DEORIA NAGAR KSHETRA,0,1,0,0,62.1,67.8,Improving
DEORIA,DESAHI DEORIA,0,0,0,0,44.9,37.7,Declining
DEORIA,GAURI BAZAR,0,1,0,0,67.6,76.2,Improving
DEORIA,LAR,0,0,0,0,70.8,65.2,Declining
DEORIA,PATTHRDEVA,0,0,0,2,60.2,50.6,Declining
DEORIA,RUDRAPUR,0,0,0,2,35.8,50.0,Improving
DEORIA,SALIMPUR,0,1,0,0,100.0,100.0,Stable
ETAH,ALIGANJ,0,1,0,1,69.3,70.6,Stable
ETAH,AWAGARH,0,0,0,1,58.6,51.3,Declining
ETAH,ETAH (URBAN),0,1,1,0,50.0,53.2,Improving
ETAH,JAITHARA,0,0,0,1,65.5,61.3,Declining
ETAH,JALESAR,0,0,0,0,58.5,61.7,Improving
ETAH,JALESAR (URBAN),0,1,0,0,100.0,99.6,Stable
ETAH,MARHARA,0,0,0,1,50.4,56.2,Improving
ETAH,NIDHAULI KALAN,0,2,0,2,69.4,68.4,Stable
ETAH,SAKEET,0,0,0,1,50.6,51.0,Stable
ETAH,SHEETAL PUR,0,1,0,1,68.9,76.0,Improving
ETAWAH,BARHPURA,0,1,0,0,100.0,100.0,Stable
ETAWAH,BHARTHANA,0,0,0,0,68.4,55.4,Declining
ETAWAH,CHAKARNAGAR,0,1,0,3,54.1,58.8,Improving
ETAWAH,ETAWAH NAGAR CHETRA,1,1,0,0,54.6,50.4,Declining
ETAWAH,JASWANT NAGAR,0,1,0,2,59.6,62.9,Improving
ETAWAH,MAHEWA,0,0,0,1,52.5,54.5,Stable
ETAWAH,SAIFAI,1,1,0,0,47.0,53.6,Improving
ETAWAH,TAKHA,0,0,0,1,62.6,54.5,Declining
FAIZABAD,AMANIGANJ,0,2,0,0,86.2,88.5,Improving
FAIZABAD,AYODHYA TOWN AREA,1,2,0,0,66.8,66.7,Stable
FAIZABAD,BIKAPUR,0,1,0,0,80.6,79.8,Stable
FAIZABAD,MASAUDHA,0,1,0,0,100.0,100.0,Stable
FAIZABAD,MAWAI,0,0,0,0,43.4,57.4,Improving
FAIZABAD,MAYA,0,1,0,2,64.6,66.6,Stable
FAIZABAD,MILKIPUR,0,0,0,3,33.9,48.1,Improving
FAIZABAD,PURA,0,0,0,1,28.4,45.6,Improving
FAIZABAD,RUDAULI,0,1,0,1,78.4,70.1,Declining
FAIZABAD,SOHAWAL,0,1,0,1,88.2,74.2,Declining
FAIZABAD,TARUN,0,1,0,0,100.0,100.0,Stable
FARRUKHABAD,KAMALGANJ,0,0,0,0,64.3,62.5,Stable
FARRUKHABAD,MOHAMDABAD,0,0,0,0,43.5,56.6,Improving
FARRUKHABAD,NAG. KSH.FAR.BAD,2,1,0,0,33.3,33.3,Stable
FARRUKHABAD,NAWABGANJ,0,0,0,1,43.2,48.7,Improving
FARRUKHABAD,RAJE PUR,0,1,0,2,65.5,65.8,Stable
FARRUKHABAD,SHAMSABAD,0,0,0,1,50.9,52.7,Stable
FATEHPUR,AIRAYAN,0,0,0,1,45.2,45.3,Stable
FATEHPUR,AMAULI,0,0,0,1,48.8,55.2,Improving
FATEHPUR,ASHOTHAR,0,0,0,2,59.6,65.7,Improving
FATEHPUR,BAHUA,0,0,0,0,56.4,56.7,Stable
FATEHPUR,BHITAURA,0,1,0,1,68.7,64.8,Declining
FATEHPUR,DEOMAI,0,0,0,2,58.0,51.1,Declining
FATEHPUR,DHATA,0,0,0,1,55.9,52.0,Declining
FATEHPUR,HASAWA,0,0,0,2,65.3,56.7,Declining
FATEHPUR,HATHGAOM,0,0,0,1,54.4,51.5,Declining
FATEHPUR,KHAJUHA,0,0,0,1,51.2,48.4,Declining
FATEHPUR,MALAWAN,0,1,0,2,67.8,63.2,Declining
FATEHPUR,NAGAR BINDKI,0,1,0,0,100.0,100.0,Stable
FATEHPUR,NAGAR FATEHPUR,1,1,0,0,52.7,46.7,Declining
FATEHPUR,TELIYANI,0,1,0,1,65.6,62.1,Declining
FATEHPUR,VIJAIPUR,0,0,0,1,57.3,53.3,Declining
FIROZABAD,ARAWN,0,0,0,3,55.8,52.4,Declining
FIROZABAD,EKA,0,0,0,0,55.2,56.2,Stable
FIROZABAD,FIROZABAD,0,0,0,0,35.6,49.2,Improving
FIROZABAD,JASRANA,0,1,0,0,76.8,79.8,Improving
FIROZABAD,KHAIRGARH,0,0,0,0,62.2,57.4,Declining
FIROZABAD,MADANPUR,0,1,0,0,77.1,81.6,Improving
FIROZABAD,NARKHI,0,0,0,0,52.9,55.5,Improving
FIROZABAD,SHIKOHABAD,0,0,0,1,41.8,48.7,Improving
FIROZABAD,TUNDLA,0,1,0,2,64.1,63.8,Stable
GAUTAM BUDDHA NAGAR,DADRI,0,0,0,1,38.4,46.8,Improving
GAUTAM BUDDHA NAGAR,DANKAUR,0,0,0,1,39.7,46.8,Improving
GAUTAM BUDDHA NAGAR,VISRAKH,0,2,0,1,71.3,71.7,Stable
GHAZIABAD,BHOJPUR,0,1,0,0,49.5,53.7,Improving
GHAZIABAD,GHAZIABAD (MUN.AREA),0,1,0,0,69.0,69.7,Stable
GHAZIABAD,LONI,1,1,0,0,0.0,50.0,Improving
GHAZIABAD,MURAD NAGAR,0,0,0,1,20.0,51.9,Improving
GHAZIABAD,RAZAPUR,0,0,0,1,48.3,44.2,Declining
GHAZIPUR,BHADAURA,0,2,0,0,100.0,100.0,Stable
GHAZIPUR,BHAWARCOL,0,0,0,0,70.8,59.8,Declining
GHAZIPUR,BIRNO,0,0,0,0,53.6,59.8,Improving
GHAZIPUR,DEOKALI,0,2,0,0,88.1,90.4,Improving
GHAZIPUR,GHAZIPUR SADAR,0,0,0,0,57.9,59.7,Stable
GHAZIPUR,KARANDA,0,0,0,0,60.0,49.0,Declining
GHAZIPUR,KASIMABAD,0,1,0,0,100.0,100.0,Stable
GHAZIPUR,MANIHARI,0,1,0,0,77.0,66.6,Declining
GHAZIPUR,MOHAMMADABAD,0,1,0,0,100.0,100.0,Stable
GHAZIPUR,NAGAR CHHETRA,1,1,0,0,50.0,50.0,Stable
GHAZIPUR,REOTIPUR,0,0,0,0,34.9,66.7,Improving
GHAZIPUR,SADAT,0,1,0,1,73.4,74.6,Stable
GHAZIPUR,SAIDPUR,0,2,0,0,79.8,80.0,Stable
GHAZIPUR,ZAKHANIA,0,0,0,0,57.5,46.2,Declining
GHAZIPUR,ZAMANIA,0,1,0,0,100.0,100.0,Stable
GONDA,BELSAR,0,0,0,2,52.1,54.7,Improving
GONDA,CHHAPIA,0,1,0,1,50.0,75.2,Improving
GONDA,COLONELGANJ,0,0,0,1,58.2,53.7,Declining
GONDA,GONDA(MUN. CORP.),1,1,0,0,50.0,50.0,Stable
GONDA,HALDHARMAU,0,0,0,0,52.8,58.8,Improving
GONDA,ITIYATHOK,0,0,0,1,52.7,47.8,Declining
GONDA,JHANJHRI,0,0,0,0,55.0,64.5,Improving
GONDA,KATRA BAZAR,0,0,0,0,67.5,65.3,Declining
GONDA,MANKAPUR,0,0,0,0,55.4,59.2,Improving
GONDA,MUJEHNA,0,0,0,0,50.8,67.0,Improving
GONDA,NAWAB GANJ,0,0,0,0,78.3,78.8,Stable
GONDA,PANDRI KRIPAL,0,0,0,0,56.5,64.7,Improving
GONDA,PARASPUR,0,0,0,0,53.2,55.1,Stable
GONDA,RUPAIDEEH,0,0,0,0,47.8,60.9,Improving
GONDA,TARABGANJ,0,0,0,0,23.2,64.9,Improving
GORAKHPUR,BAANSGAON,0,1,0,0,100.0,100.0,Stable
GORAKHPUR,BADHALGANJ,0,0,0,1,51.5,50.0,Stable
GORAKHPUR,BELGHAT,0,0,0,2,50.6,48.0,Declining
GORAKHPUR,BHATHAT,0,0,0,0,59.1,63.3,Improving
GORAKHPUR,CAMPIARGANJ,0,1,0,2,67.1,66.0,Stable
GORAKHPUR,CHARGANWA,0,0,0,1,48.2,60.2,Improving
GORAKHPUR,GOLA,0,0,0,1,49.5,53.5,Improving
GORAKHPUR,KAUDIRAM,0,0,0,0,63.8,59.4,Declining
GORAKHPUR,KHAJNI,0,1,0,0,76.2,71.8,Declining
GORAKHPUR,KHORABAR,0,0,0,1,49.8,49.7,Stable
GORAKHPUR,NAGAR KSHETRA,1,1,0,0,50.0,50.0,Stable
GORAKHPUR,PIPRAICH,0,0,0,1,62.5,46.4,Declining
GORAKHPUR,PIPRAULI,0,0,0,0,50.0,64.5,Improving
GORAKHPUR,SAHJANWA,0,0,0,1,60.6,45.8,Declining
GORAKHPUR,SARDARNAGAR,0,1,0,0,100.0,100.0,Stable
HAMIRPUR (U.P.),GOHAND,0,1,0,1,83.4,73.4,Declining
HAMIRPUR (U.P.),KURARA,0,0,0,2,48.2,47.2,Stable
HAMIRPUR (U.P.),MAUDHA,0,1,0,2,62.7,61.4,Stable
HAMIRPUR (U.P.),MUSKARA,0,0,0,3,38.5,46.0,Improving
HAMIRPUR (U.P.),NP HAMIRPUR,1,1,0,0,50.0,50.4,Stable
HAMIRPUR (U.P.),NP MAUDAHA,0,1,0,0,100.0,100.0,Stable
HAMIRPUR (U.P.),NP RATH,0,1,0,0,100.0,100.0,Stable
HAMIRPUR (U.P.),RATH,0,0,0,2,51.1,55.0,Improving
HAMIRPUR (U.P.),SARILA,0,0,0,2,46.8,46.8,Stable
HAMIRPUR (U.P.),SUMERPUR,0,1,0,2,62.7,60.8,Stable
HAPUR (PANCHSHEEL NAGAR),DHAULANA,0,0,0,1,47.8,49.2,Stable
HAPUR (PANCHSHEEL NAGAR),GARH MUKTESWAR,0,0,0,3,50.6,50.8,Stable
HAPUR (PANCHSHEEL NAGAR),HAPUR,0,1,0,3,60.2,60.1,Stable
HAPUR (PANCHSHEEL NAGAR),SIMBHAWALI,0,0,0,4,55.7,48.9,Declining
HARDOI,AHIRORI,0,0,0,3,50.7,48.6,Declining
HARDOI,BAWAN,0,0,0,0,46.0,44.0,Stable
HARDOI,BEHANDAR,0,0,0,1,59.7,46.6,Declining
HARDOI,BHARAWAN,0,0,0,0,46.0,50.4,Improving
HARDOI,BHARKHANI,0,1,0,1,68.1,70.4,Improving
HARDOI,BILGRAM,0,1,0,1,76.2,75.7,Stable
HARDOI,HARIYAWAN,0,0,0,1,41.8,39.2,Declining
HARDOI,HARPALPUR,0,0,0,0,43.5,43.9,Stable
HARDOI,KACHAUNA,0,0,0,1,39.2,39.3,Stable
HARDOI,KOTHAWAN,0,0,0,2,44.0,50.0,Improving
HARDOI,MADHOGANJ,0,0,0,0,53.0,53.2,Stable
HARDOI,MALLAWA,0,0,1,0,57.0,43.2,Declining
HARDOI,PIHANI,0,0,0,0,39.1,44.0,Improving
HARDOI,SANDI,0,0,0,0,49.2,53.7,Improving
HARDOI,SANDILA,0,0,0,0,49.5,60.1,Improving
HARDOI,SHAHABAD,0,0,0,1,62.6,53.7,Declining
HARDOI,SURSA,0,0,0,0,47.0,43.1,Declining
HARDOI,TANDIYAWA,0,0,0,1,39.1,37.7,Stable
HARDOI,TN.AR.  PIHANI,0,1,0,0,100.0,100.0,Stable
HARDOI,TN.AR. HARDOI,1,1,0,0,50.0,50.0,Stable
HARDOI,TN.AR. SANDILA,0,1,0,1,89.4,77.5,Declining
HARDOI,TONDARPUR,0,1,0,1,59.6,64.2,Improving
HATHRAS,HASAYAN,0,0,0,0,40.9,46.8,Improving
HATHRAS,HATHRAS,0,0,0,0,55.4,56.4,Stable
HATHRAS,MURSAN,0,0,0,1,52.0,59.0,Improving
HATHRAS,N.P. HATHRAS,0,1,0,0,100.0,100.0,Stable
HATHRAS,SADABAD,0,0,0,2,44.7,51.0,Improving
HATHRAS,SAHPAU,0,0,0,2,49.9,45.2,Declining
HATHRAS,SASNI,0,0,0,2,50.7,51.0,Stable
HATHRAS,SIKANDRA RAO,0,0,0,2,49.2,53.0,Improving
JALAUN,DAKOR,0,0,0,2,53.9,53.2,Stable
JALAUN,JALAUN,0,0,0,0,40.9,33.3,Declining
JALAUN,KADAURA,0,0,0,2,48.9,54.0,Improving
JALAUN,KONCH,0,0,0,0,51.5,61.7,Improving
JALAUN,KUTHAUND,0,0,0,2,44.0,50.4,Improving
JALAUN,MADHAUGADH,0,1,0,0,100.0,100.0,Stable
JALAUN,MAHEVA,0,1,0,3,60.7,58.3,Declining
JALAUN,NADIGAWN,0,0,0,1,49.0,51.3,Improving
JALAUN,RAMPURA,0,1,0,2,65.0,67.6,Improving
JALAUN,T. A. ORAI,0,1,0,0,54.9,63.0,Improving
JAUNPUR,BADLA PUR,0,0,0,2,56.4,47.8,Declining
JAUNPUR,BARSATHI,0,0,0,1,52.5,46.6,Declining
JAUNPUR,BUKSHA,0,0,0,1,57.4,53.6,Declining
JAUNPUR,DHARMAPUR,0,0,0,0,76.2,58.1,Declining
JAUNPUR,DOBHI,0,0,0,0,30.6,41.9,Improving
JAUNPUR,JALALPUR,0,0,0,0,64.8,70.5,Improving
JAUNPUR,JAUNPUR  [NAGAR],0,1,0,0,100.0,100.0,Stable
JAUNPUR,KARANJA KALA,0,0,0,0,37.0,46.0,Improving
JAUNPUR,KERAKAT,0,0,0,1,25.5,57.0,Improving
JAUNPUR,KHUTHAN,0,0,0,0,61.4,56.5,Declining
JAUNPUR,MACHHALI SHAHAR,0,1,0,0,77.8,81.4,Improving
JAUNPUR,MADIYAHUN,0,1,0,0,87.5,86.0,Stable
JAUNPUR,MAHARAJ GANJ,0,0,0,1,47.2,45.2,Stable
JAUNPUR,MUFTI GANJ,0,0,0,0,67.2,44.4,Declining
JAUNPUR,MUGRA BADSHAH PUR,0,0,0,2,46.2,47.5,Stable
JAUNPUR,RAM PUR,0,0,0,0,55.4,58.1,Improving
JAUNPUR,SHAH GANJ,0,0,0,1,63.0,58.6,Declining
JAUNPUR,SIKRARA,0,0,0,0,66.7,47.6,Declining
JAUNPUR,SIRKONI,0,1,0,0,79.2,73.5,Declining
JAUNPUR,SUITHA KALA,0,0,0,1,54.3,56.3,Stable
JAUNPUR,SUJAN GANJ,0,0,0,0,74.5,57.7,Declining
JHANSI,BABINA,0,1,0,4,54.4,55.5,Stable
JHANSI,BAMORE,0,0,0,1,51.4,50.8,Stable
JHANSI,BANGRA,0,1,0,4,56.3,59.0,Improving
JHANSI,BARAGAON,0,1,0,1,59.4,58.2,Stable
JHANSI,CHIRGAON,0,0,0,2,47.7,46.8,Stable
JHANSI,GURSARAI,0,1,0,1,62.3,63.5,Stable
JHANSI,JHANSI NAGARCHETRA,0,1,1,0,50.0,53.4,Improving
JHANSI,MAURANIPUR,0,0,0,3,46.6,47.9,Stable
JHANSI,MAURANIPUR  N.CHETRA,0,1,0,0,100.0,100.0,Stable
JHANSI,MOTH,0,0,0,2,37.9,42.3,Improving
JYOTIBA PHULE NAGAR (AMROHA),AMROHA,0,0,0,1,54.1,56.3,Improving
JYOTIBA PHULE NAGAR (AMROHA),AMROHA CITY,0,1,0,0,56.7,69.5,Improving
JYOTIBA PHULE NAGAR (AMROHA),DHANORA,0,1,0,2,55.8,62.1,Improving
JYOTIBA PHULE NAGAR (AMROHA),GAJRAULA,0,1,0,0,49.6,53.8,Improving
JYOTIBA PHULE NAGAR (AMROHA),GANGESHWARI,0,1,1,1,67.8,55.4,Declining
JYOTIBA PHULE NAGAR (AMROHA),HASANPUR,0,0,0,3,33.5,48.6,Improving
JYOTIBA PHULE NAGAR (AMROHA),HASANPUR CITY,0,1,0,0,100.0,100.0,Stable
JYOTIBA PHULE NAGAR (AMROHA),JOYA,0,0,0,1,55.2,58.6,Improving
KANNAUJ,CHHIBRAMAU,0,1,0,0,56.3,79.8,Improving
KANNAUJ,GUGRAPUR,0,0,0,2,58.0,48.6,Declining
KANNAUJ,HASERAN,0,0,0,1,71.4,54.2,Declining
KANNAUJ,JALALABAD,0,0,0,1,61.7,57.2,Declining
KANNAUJ,KANNAUJ,0,0,0,1,51.0,44.6,Declining
KANNAUJ,SAURIKH,0,0,0,1,50.1,51.1,Stable
KANNAUJ,TAL GRAM,0,0,0,1,39.0,46.7,Improving
KANNAUJ,UMARDA,0,0,0,1,58.3,48.4,Declining
KANPUR DEHAT,AKBARPUR,0,0,0,1,52.1,54.1,Stable
KANPUR DEHAT,AMARAUDHA,0,1,0,0,64.6,74.4,Improving
KANPUR DEHAT,DERAPUR,0,0,0,1,35.4,46.4,Improving
KANPUR DEHAT,JHINJHAK,0,0,0,1,36.6,49.4,Improving
KANPUR DEHAT,MAITHA,0,0,0,0,59.1,39.3,Declining
KANPUR DEHAT,MALASA,0,0,0,0,45.6,57.4,Improving
KANPUR DEHAT,RAJPUR,0,0,0,2,48.3,50.8,Improving
KANPUR DEHAT,RASULABAD,0,1,0,1,64.0,74.5,Improving
KANPUR DEHAT,SANDALPUR,0,0,0,0,64.5,56.8,Declining
KANPUR DEHAT,SARVANKHERA,0,0,0,1,24.6,53.4,Improving
KANPUR NAGAR,BHITERGAON,0,0,0,0,51.6,58.3,Improving
KANPUR NAGAR,BIDHNU,0,0,0,0,50.6,57.6,Improving
KANPUR NAGAR,BILHAUR,0,0,0,2,50.6,51.7,Stable
KANPUR NAGAR,CHAUBEPUR,0,0,0,1,50.8,48.6,Declining
KANPUR NAGAR,GHATAMPUR,0,1,0,0,68.2,60.5,Declining
KANPUR NAGAR,KAKWAN,0,0,0,1,54.3,48.1,Declining
KANPUR NAGAR,KALYANPUR,0,1,0,3,62.6,63.0,Stable
KANPUR NAGAR,PATARA,0,0,0,1,60.6,45.8,Declining
KANPUR NAGAR,PREMNAGAR,0,1,1,0,50.0,56.3,Improving
KANPUR NAGAR,SARSAUL,0,1,0,0,78.8,71.6,Declining
KANPUR NAGAR,SHASTRI NAGAR,0,1,0,0,100.0,100.0,Stable
KANPUR NAGAR,SHIVRAJPUR,0,0,0,0,55.2,61.0,Improving
KANSHIRAM NAGAR,AMAPUR,0,0,0,2,46.2,45.3,Stable
KANSHIRAM NAGAR,GANJ DUNDWARA,0,0,0,2,21.1,46.7,Improving
KANSHIRAM NAGAR,KASGANJ,0,0,0,0,61.9,57.4,Declining
KANSHIRAM NAGAR,KASGANJ (URBAN),0,1,0,0,100.0,99.9,Stable
KANSHIRAM NAGAR,PATIYALI,0,1,0,1,45.7,56.3,Improving
KANSHIRAM NAGAR,SAHAVAR,0,0,0,0,48.0,43.9,Declining
KANSHIRAM NAGAR,SORON,0,0,0,0,44.1,53.6,Improving
KAUSHAMBI,CHAYAL,0,0,0,0,50.0,62.5,Improving
KAUSHAMBI,KADA,0,1,0,0,70.7,64.3,Declining
KAUSHAMBI,KAUSHAMBI,0,0,0,1,54.0,56.0,Stable
KAUSHAMBI,MANJHANPUR,0,0,0,1,74.6,57.7,Declining
KAUSHAMBI,MURATGANJ,0,0,0,2,50.0,54.3,Improving
KAUSHAMBI,NEWADA,0,0,0,0,50.2,44.6,Declining
KAUSHAMBI,SARSAWAN,0,0,0,2,48.7,48.4,Stable
KAUSHAMBI,SIRATHU,0,1,1,3,56.0,54.1,Stable
KHERI,BANKEGANJ,0,1,0,3,51.0,61.8,Improving
KHERI,BEHJAM,0,0,0,1,51.2,49.4,Stable
KHERI,BIJUA,0,0,0,2,34.9,48.7,Improving
KHERI,DHAURAHARA,1,1,0,0,43.6,45.8,Improving
KHERI,ISANAGAR,0,0,0,2,43.0,42.0,Stable
KHERI,KUMBHI-GOLA,0,0,0,4,42.9,46.7,Improving
KHERI,LAKHIMPUR,0,1,0,0,100.0,99.3,Stable
KHERI,LMP,1,1,0,0,50.0,50.0,Stable
KHERI,MITAULI,0,0,0,2,39.6,53.0,Improving
KHERI,MOHAMMADI,0,0,0,1,36.4,41.8,Improving
KHERI,MOM,0,1,0,0,100.0,100.0,Stable
KHERI,NAKAHA,0,0,0,1,44.6,44.8,Stable
KHERI,NIGHASAN,0,1,0,3,56.7,57.2,Stable
KHERI,PALIYA,0,0,0,2,41.1,47.7,Improving
KHERI,PASGAWAN,0,0,0,0,20.4,43.3,Improving
KHERI,PHOOL BEHAR,0,1,0,2,56.4,63.3,Improving
KHERI,RAMIYA BEHAR,0,0,0,0,39.7,45.9,Improving
KUSHINAGAR,DUDAHI,0,0,0,0,44.0,81.8,Improving
KUSHINAGAR,HATA,0,1,0,0,84.5,92.8,Improving
KUSHINAGAR,KASIA,0,0,0,0,0.0,57.3,Improving
KUSHINAGAR,KHADDA,0,0,0,0,55.1,58.2,Improving
KUSHINAGAR,MOTICHAK,0,0,0,0,52.2,70.8,Improving
KUSHINAGAR,NAURANGIYA,0,0,0,0,41.5,57.4,Improving
KUSHINAGAR,PADARAUNA,0,0,0,0,54.8,56.2,Stable
KUSHINAGAR,PADRAUNA (URBAN),0,1,0,0,100.0,100.0,Stable
KUSHINAGAR,RAMKOLA,0,0,0,0,49.2,56.1,Improving
KUSHINAGAR,SEORAHI,0,1,0,1,66.6,61.5,Declining
KUSHINAGAR,TAMKUHI,0,0,0,0,53.4,63.7,Improving
KUSHINAGAR,VISHUNPURA,0,0,0,0,55.7,64.3,Improving
LALITPUR,BAR,0,0,0,1,43.3,44.4,Stable
LALITPUR,BIRDHA,0,0,0,3,47.0,51.1,Improving
LALITPUR,JAKHORA,0,0,0,6,45.4,49.3,Improving
LALITPUR,LALITPUR,1,1,0,0,50.0,50.0,Stable
LALITPUR,MADAWRA,0,0,0,1,40.6,46.7,Improving
LALITPUR,MAHRONI,0,1,0,2,56.6,52.3,Declining
LALITPUR,TALBEHAT,0,1,2,0,44.3,42.0,Declining
LUCKNOW,BAKSHI KA TALAB,0,0,0,3,53.5,56.1,Improving
LUCKNOW,CHINHAT,0,1,0,0,70.4,68.0,Declining
LUCKNOW,GOSHAI GANJ,0,0,0,3,41.4,47.4,Improving
LUCKNOW,KAKORI,0,1,0,1,59.6,66.4,Improving
LUCKNOW,MAAL,0,1,0,2,59.9,63.0,Improving
LUCKNOW,MALIHABAD,0,1,0,0,67.5,66.6,Stable
LUCKNOW,MOHAN LAL GANJ,0,0,0,4,48.2,53.6,Improving
LUCKNOW,"NAGAR SHAITRA, LUCKNOW",2,8,0,0,61.2,72.9,Improving
LUCKNOW,SAROJNI NAGAR,0,0,0,3,46.9,45.9,Stable
MAHARAJGANJ,BRIJMAN GANJ,0,0,0,0,54.2,59.1,Improving
MAHARAJGANJ,DHANI,0,0,0,1,36.2,54.5,Improving
MAHARAJGANJ,GHUGHLI,0,1,0,2,63.4,65.6,Improving
MAHARAJGANJ,LAKSHMIPUR,0,0,0,1,58.2,59.8,Stable
MAHARAJGANJ,MAHRAJGANJ,0,1,0,0,69.4,73.7,Improving
MAHARAJGANJ,MITHOURA,0,0,0,1,67.2,68.3,Stable
MAHARAJGANJ,NICHLOUL,0,0,0,0,59.7,67.4,Improving
MAHARAJGANJ,NOUTANWA,0,1,0,0,75.9,81.2,Improving
MAHARAJGANJ,PANIYARA,0,0,0,0,45.4,56.2,Improving
MAHARAJGANJ,PARTAWAL,0,0,0,1,57.8,60.2,Improving
MAHARAJGANJ,PHARENDA,0,1,0,0,100.0,99.8,Stable
MAHOBA,CHARKHARI,0,1,0,2,66.0,66.8,Stable
MAHOBA,CHARKHARI URBAN,1,1,0,0,50.0,50.1,Stable
MAHOBA,JAITPUR,0,2,1,5,53.3,54.3,Stable
MAHOBA,KABRAI,0,0,0,6,45.2,50.6,Improving
MAHOBA,NAGAR PALIKA MAHOBA,1,1,0,0,50.0,50.2,Stable
MAHOBA,PANWARI,0,1,0,3,56.4,62.1,Improving
MAINPURI,BARNAHAL,0,0,0,0,50.0,70.0,Improving
MAINPURI,BEWAR,0,1,0,0,63.8,67.0,Improving
MAINPURI,GHIROR,0,1,0,3,58.1,60.2,Improving
MAINPURI,JAGIR,0,0,0,0,53.8,65.2,Improving
MAINPURI,KARHAL,0,2,0,1,80.2,78.2,Stable
MAINPURI,KISHANI,0,1,0,0,100.0,100.0,Stable
MAINPURI,KURAWALI,0,0,0,1,60.0,49.6,Declining
MAINPURI,MAINPURI,1,1,0,1,53.7,47.8,Declining
MAINPURI,MAINPURI-CITY,0,1,0,0,100.0,100.0,Stable
MAINPURI,SULTANGANJ,0,0,0,0,53.6,61.2,Improving
MATHURA,BALDEO,0,1,0,1,64.4,63.8,Stable
MATHURA,CHAUMUHAN,0,0,0,1,54.8,50.6,Declining
MATHURA,CHHATA,0,0,0,1,57.9,56.8,Stable
MATHURA,FARAH,0,2,0,0,82.5,80.8,Stable
MATHURA,GOVERDHAN,1,1,0,1,52.4,53.0,Stable
MATHURA,MANT,0,1,0,1,62.4,66.0,Improving
MATHURA,MATHURA,1,0,0,1,39.5,38.4,Stable
MATHURA,NANDGAON,0,0,0,1,43.5,44.5,Stable
MATHURA,NOHJHEEL,0,0,0,1,52.8,57.0,Improving
MATHURA,RAYA,0,0,0,3,58.4,49.5,Declining
MAU,BADRAW,0,1,0,0,80.2,79.3,Stable
MAU,DOHRIGHAT,0,0,0,2,56.9,46.3,Declining
MAU,GHOSI,0,0,0,0,46.9,58.5,Improving
MAU,KOPAGANG,0,0,0,1,65.8,52.9,Declining
MAU,MOHAMMADABAD,0,0,0,0,33.4,57.8,Improving
MAU,NAGAR KSHETRA MAU,0,1,0,0,100.0,99.5,Stable
MAU,PARDAHA,0,0,0,0,62.5,59.3,Declining
MAU,RANIPUR,0,0,0,0,43.9,58.2,Improving
MAU,RATANPURA,0,0,0,3,58.0,52.0,Declining
MEERUT,DAURALA,0,0,0,1,46.8,48.1,Stable
MEERUT,HASTINAPUR,1,1,1,0,41.3,38.6,Declining
MEERUT,JANI,0,0,0,0,28.5,35.4,Improving
MEERUT,KHARKHODA,0,0,0,4,38.9,45.3,Improving
MEERUT,MACHRA,0,1,0,1,72.3,73.9,Stable
MEERUT,MAWANA,0,0,0,3,56.5,46.7,Declining
MEERUT,MEERUT,0,0,0,0,59.8,69.2,Improving
MEERUT,MEERUT NAGAR,1,2,1,0,50.1,51.4,Stable
MEERUT,PARIKSHIT GARH,0,1,0,2,67.0,64.8,Declining
MEERUT,RAJPURA,0,1,0,0,66.0,72.5,Improving
MEERUT,ROHTA,0,0,0,2,54.5,47.3,Declining
MEERUT,SARDHANA,0,0,0,1,51.4,57.1,Improving
MEERUT,SARURPUR,0,1,1,1,24.8,47.6,Improving
MIRZAPUR,CHHANBEY,0,0,0,5,52.8,53.8,Stable
MIRZAPUR,HALIA,0,1,1,3,58.0,56.4,Stable
MIRZAPUR,JAMALPUR,0,0,0,1,53.6,52.9,Stable
MIRZAPUR,KONE,0,0,0,1,53.4,55.4,Stable
MIRZAPUR,LALGANJ,0,0,0,4,57.1,55.9,Stable
MIRZAPUR,MAJHAWA,0,1,0,2,64.9,65.8,Stable
MIRZAPUR,MARIHAN,0,0,0,1,52.5,57.6,Improving
MIRZAPUR,NAGAR,0,0,0,3,55.7,55.2,Stable
MIRZAPUR,NAGAR PALIKA,1,2,0,0,66.7,66.7,Stable
MIRZAPUR,NARAYANPUR,0,1,0,0,100.0,100.0,Stable
MIRZAPUR,PAHARI,0,0,0,2,45.8,49.2,Improving
MIRZAPUR,RAJGARH,0,0,0,3,66.4,55.4,Declining
MIRZAPUR,SEEKHAR,0,1,0,1,75.5,68.6,Declining
MORADABAD,BHAGATPUR TANDA,0,0,0,1,44.5,59.0,Improving
MORADABAD,BILARI,0,0,0,3,40.6,56.6,Improving
MORADABAD,CHAJLET,0,1,0,0,62.3,62.8,Stable
MORADABAD,DILARI,0,0,0,2,28.2,56.1,Improving
MORADABAD,KUNDERKI,0,1,0,1,55.7,67.0,Improving
MORADABAD,MORADABAD,0,0,0,1,19.9,61.1,Improving
MORADABAD,MORADABAD CITY BOYS,0,0,0,1,40.5,46.0,Improving
MORADABAD,MORADABAD CITY GIRLS,0,1,0,0,100.0,100.0,Stable
MORADABAD,MUNDAPANDAY,0,0,0,2,44.7,51.1,Improving
MORADABAD,THAKURDWARA,0,2,1,2,48.9,58.1,Improving
MUZAFFARNAGAR,BAGHRA,0,0,0,1,19.4,48.5,Improving
MUZAFFARNAGAR,BUDHANA,0,0,0,2,46.0,50.1,Improving
MUZAFFARNAGAR,CHARTHAWAL,0,0,0,0,41.5,55.8,Improving
MUZAFFARNAGAR,JANSATH,0,1,0,0,48.6,55.8,Improving
MUZAFFARNAGAR,KHATAULI,0,1,0,0,75.1,73.6,Stable
MUZAFFARNAGAR,MORNA,0,0,1,2,43.7,46.7,Improving
MUZAFFARNAGAR,PURKAJI,0,0,1,1,49.1,41.3,Declining
MUZAFFARNAGAR,SADAR,0,0,0,0,27.2,44.8,Improving
MUZAFFARNAGAR,SADAR [TOWN AREA],0,0,1,0,3.7,10.9,Improving
MUZAFFARNAGAR,SHAHPUR,0,1,0,2,52.5,57.2,Improving
PILIBHIT,AMARIA,0,0,0,2,23.0,54.3,Improving
PILIBHIT,BARKHERA,0,1,0,1,57.4,61.9,Improving
PILIBHIT,BILSANDA,0,1,0,2,53.7,56.0,Improving
PILIBHIT,BISALPUR,0,0,0,1,34.6,38.2,Improving
PILIBHIT,LALORIKHERA,0,0,0,1,44.8,46.7,Stable
PILIBHIT,MARORI,0,1,1,2,53.8,51.4,Declining
PILIBHIT,N. P. PILIBHIT,1,1,0,0,59.7,60.4,Stable
PILIBHIT,PURANPUR,0,2,0,1,39.4,62.3,Improving
PRATAPGARH,AASPUR-DEOSARA,0,1,0,0,55.7,67.1,Improving
PRATAPGARH,BABA BHELKHARNATH,0,0,0,0,52.3,52.0,Stable
PRATAPGARH,BABAGANJ,0,0,0,1,52.9,45.3,Declining
PRATAPGARH,BIHAR,0,1,0,0,66.6,59.3,Declining
PRATAPGARH,CITY(PRATAPGARH BELHA),1,1,0,0,50.0,50.0,Stable
PRATAPGARH,GAURA,0,1,0,3,60.0,62.4,Improving
PRATAPGARH,KALAKANKER,0,1,0,0,60.8,60.3,Stable
PRATAPGARH,LALGANJ,0,1,0,0,100.0,100.0,Stable
PRATAPGARH,LAXMANPUR,0,0,0,0,50.6,53.2,Improving
PRATAPGARH,MANDHATA,0,1,0,0,70.6,71.7,Stable
PRATAPGARH,MANGRAURA,0,0,0,2,34.1,47.8,Improving
PRATAPGARH,PATTI,0,1,0,0,76.6,74.4,Declining
PRATAPGARH,SADAR,0,0,0,0,0.0,38.1,Improving
PRATAPGARH,SADWA-CHANDRIKA,0,0,0,1,40.4,46.7,Improving
PRATAPGARH,SANGIPUR,0,1,0,1,80.0,80.0,Stable
PRATAPGARH,SHIVGARH,0,0,0,1,40.2,56.2,Improving
PRAYAGRAJ,BAHARIYA,0,0,0,0,66.2,67.1,Stable
PRAYAGRAJ,CHAKA,0,0,0,1,52.7,51.5,Stable
PRAYAGRAJ,DHANUPUR,0,1,0,0,100.0,100.0,Stable
PRAYAGRAJ,HANDIA,0,1,0,0,75.8,80.4,Improving
PRAYAGRAJ,JASARA,0,1,0,1,75.2,75.2,Stable
PRAYAGRAJ,KARCHHANA,0,1,0,0,100.0,100.0,Stable
PRAYAGRAJ,KORAON,0,0,0,1,40.2,58.9,Improving
PRAYAGRAJ,MANDA,0,0,0,3,46.0,54.9,Improving
PRAYAGRAJ,MAUAIMA,0,0,0,0,56.8,38.5,Declining
PRAYAGRAJ,MEJA,0,0,0,2,79.9,48.0,Declining
PRAYAGRAJ,NAGAR CHHETRA,1,3,0,0,75.0,75.0,Stable
PRAYAGRAJ,PHOOLPUR,0,1,0,1,73.3,75.2,Stable
PRAYAGRAJ,PRATAP PUR,0,0,0,0,57.3,58.6,Stable
PRAYAGRAJ,SAIDABAD,0,1,0,0,100.0,100.0,Stable
PRAYAGRAJ,SHANKAR GARH,0,2,0,0,82.5,80.8,Stable
PRAYAGRAJ,SORAON,0,0,0,0,46.5,55.3,Improving
PRAYAGRAJ,URUWA,0,0,0,1,61.7,69.8,Improving
RAE BARELI,AMAWAN,0,1,0,2,52.6,68.0,Improving
RAE BARELI,BACHHRAWAN,0,1,0,0,50.0,79.1,Improving
RAE BARELI,CHHATOH,0,0,0,1,67.7,69.7,Stable
RAE BARELI,DALMAU,0,0,0,1,55.1,52.3,Declining
RAE BARELI,DEEH,0,1,0,1,59.9,57.6,Declining
RAE BARELI,GAURA,0,1,0,0,61.9,66.6,Improving
RAE BARELI,HARCHANDPUR,0,0,0,0,59.7,65.8,Improving
RAE BARELI,JAGATPUR,0,0,0,0,64.2,58.6,Declining
RAE BARELI,KHIRON,0,0,0,1,58.5,55.1,Declining
RAE BARELI,LALGANJ,0,1,0,0,78.6,84.4,Improving
RAE BARELI,MAHRAJGANJ,0,1,0,1,59.3,62.4,Improving
RAE BARELI,NAGAR SHETRA (RBL),0,2,1,0,66.7,70.6,Improving
RAE BARELI,RAHI,0,0,0,2,53.7,52.3,Stable
RAE BARELI,ROHANIYA,0,0,0,0,62.0,54.7,Declining
RAE BARELI,SALON,0,1,0,0,78.5,79.4,Stable
RAE BARELI,SARENI,0,0,0,1,45.8,46.9,Stable
RAE BARELI,SATAON,0,1,0,0,29.9,78.2,Improving
RAE BARELI,SHIVGARH,0,0,0,1,24.4,56.6,Improving
RAMPUR,BILASPUR,0,0,0,4,39.2,54.3,Improving
RAMPUR,CHAMRAUVA,0,0,0,2,52.0,64.0,Improving
RAMPUR,MILAK,0,0,0,1,43.6,47.8,Improving
RAMPUR,SAID NAGAR,0,1,0,1,61.7,55.3,Declining
RAMPUR,SHAHBAD,1,2,1,0,51.3,52.4,Stable
RAMPUR,SUAR,0,3,1,1,48.6,66.3,Improving
RAMPUR,TOWN AREA RAMPUR,2,3,2,0,52.3,47.0,Declining
SAHARANPUR,BALIA KHEDI,0,1,0,0,65.9,69.2,Improving
SAHARANPUR,DEOBAND,0,0,0,2,56.0,47.8,Declining
SAHARANPUR,GANGOH,0,0,0,4,40.5,56.8,Improving
SAHARANPUR,MUZAFFARABAD,0,0,0,3,41.4,50.1,Improving
SAHARANPUR,NAGAL,0,0,0,1,48.7,56.0,Improving
SAHARANPUR,NAKUR,0,2,0,2,61.4,66.3,Improving
SAHARANPUR,NANAUTA,0,1,0,1,62.4,55.7,Declining
SAHARANPUR,PUNWARKA,0,2,0,2,60.4,70.5,Improving
SAHARANPUR,RAMPUR MANIHARAN,0,0,0,1,72.1,59.2,Declining
SAHARANPUR,SADHOLI KADIM,1,0,0,1,32.4,40.7,Improving
SAHARANPUR,SARSAVA,0,0,0,1,49.2,55.8,Improving
SAHARANPUR,T.A. DEOBAND,0,1,0,0,100.0,100.0,Stable
SAHARANPUR,T.A. SAHAHRANPUR,1,2,0,0,66.7,66.7,Stable
SAMBHAL (BHIM NAGAR),ASMOLI,0,0,0,1,36.3,54.7,Improving
SAMBHAL (BHIM NAGAR),BANIYAKHERA,0,0,0,1,47.8,52.0,Improving
SAMBHAL (BHIM NAGAR),BEHJOI,0,0,0,0,41.3,41.8,Stable
SAMBHAL (BHIM NAGAR),GUNNOR,0,0,0,0,0.0,40.2,Improving
SAMBHAL (BHIM NAGAR),JUNAVAI,0,0,0,0,35.8,36.8,Stable
SAMBHAL (BHIM NAGAR),PAWANSA,0,0,0,0,23.4,63.3,Improving
SAMBHAL (BHIM NAGAR),RAJPURA,0,0,0,0,0.0,29.8,Improving
SAMBHAL (BHIM NAGAR),SAMBHAL,0,1,0,2,50.9,67.4,Improving
SAMBHAL (BHIM NAGAR),SAMBHAL CITY,0,1,1,0,54.6,52.6,Stable
SANT KABIR NAGAR,BAGHAULI,0,0,0,1,44.9,56.4,Improving
SANT KABIR NAGAR,BELHAR KALA,0,0,0,0,50.6,56.3,Improving
SANT KABIR NAGAR,HAINSAR BAZAR,0,0,0,1,53.4,54.2,Stable
SANT KABIR NAGAR,KHALILABAD,0,1,0,0,71.4,72.1,Stable
SANT KABIR NAGAR,MEHNDAVAL,0,0,0,1,0.0,54.0,Improving
SANT KABIR NAGAR,NATHNAGAR,0,0,0,0,60.5,64.7,Improving
SANT KABIR NAGAR,PAULI,0,0,0,0,49.0,56.7,Improving
SANT KABIR NAGAR,SANTHA,0,0,0,0,0.0,30.8,Improving
SANT KABIR NAGAR,SEMARINYAVA,0,0,0,3,27.0,46.9,Improving
SHAHJAHANPUR,BANDA,0,0,0,1,47.5,43.7,Declining
SHAHJAHANPUR,BHAWALKHERA,0,0,0,2,41.6,46.7,Improving
SHAHJAHANPUR,DADRAUL,0,1,0,3,43.0,58.8,Improving
SHAHJAHANPUR,JAITIPUR,0,0,0,2,59.1,51.8,Declining
SHAHJAHANPUR,JALALABAD,0,0,0,1,46.5,48.5,Stable
SHAHJAHANPUR,KALAN,0,0,0,0,43.4,46.3,Improving
SHAHJAHANPUR,KANTH,0,0,0,1,44.0,43.1,Stable
SHAHJAHANPUR,KATRA KHUDAGANJ,0,0,0,0,55.7,58.6,Improving
SHAHJAHANPUR,KHUTAR,0,0,0,1,50.7,56.0,Improving
SHAHJAHANPUR,MADNAPUR,0,0,0,1,38.2,41.2,Improving
SHAHJAHANPUR,MIRJAPUR,0,0,0,1,57.8,59.1,Stable
SHAHJAHANPUR,NIGOHI,0,0,0,1,49.3,46.4,Declining
SHAHJAHANPUR,PUWAYA,0,1,0,2,63.9,68.2,Improving
SHAHJAHANPUR,SINDHAULI,0,0,0,1,45.8,47.0,Stable
SHAHJAHANPUR,T.A.SHAHJAHANPUR,1,1,0,0,50.0,50.0,Stable
SHAHJAHANPUR,TILHAR,0,1,0,2,57.4,65.0,Improving
SHAMLI (PRABUDH NAGAR),KAIRANA,0,1,1,0,63.5,59.1,Declining
SHAMLI (PRABUDH NAGAR),KANDHLA,0,1,0,0,62.3,52.2,Declining
SHAMLI (PRABUDH NAGAR),KANDHLA [TOWN AREA],0,1,0,0,100.0,100.0,Stable
SHAMLI (PRABUDH NAGAR),OON,0,1,0,3,50.6,49.6,Stable
SHAMLI (PRABUDH NAGAR),SHAMLI,0,1,0,1,76.8,72.6,Declining
SHAMLI (PRABUDH NAGAR),THANABHAWAN,0,2,0,0,37.2,69.0,Improving
SHRAWASTI,GILAULA,0,1,0,0,67.1,71.3,Improving
SHRAWASTI,HARIHARPUR RANI,0,1,0,3,51.3,53.5,Improving
SHRAWASTI,IKAUNA,0,1,0,0,49.8,62.7,Improving
SHRAWASTI,JAMUNHA,0,0,0,1,51.3,46.5,Declining
SHRAWASTI,SIRSIYA,0,0,0,4,50.0,44.3,Declining
SIDDHARTHNAGAR,BANSI,0,1,0,0,74.3,79.0,Improving
SIDDHARTHNAGAR,BARHANI,0,0,0,1,28.2,56.1,Improving
SIDDHARTHNAGAR,BHANVAPUR,0,0,0,0,56.1,44.9,Declining
SIDDHARTHNAGAR,BIRDPUR,0,0,1,0,30.0,39.2,Improving
SIDDHARTHNAGAR,DUMARIYAGANJ,0,1,0,1,66.0,65.4,Stable
SIDDHARTHNAGAR,ITAVA,0,0,0,2,57.3,56.9,Stable
SIDDHARTHNAGAR,JOGIYA,0,0,0,0,54.9,73.3,Improving
SIDDHARTHNAGAR,KHESARAHA,0,0,0,1,46.8,55.0,Improving
SIDDHARTHNAGAR,KHUNIYANV,0,0,0,2,50.6,54.1,Improving
SIDDHARTHNAGAR,MITHAVAL,0,0,0,0,72.2,69.1,Declining
SIDDHARTHNAGAR,NAUGARH,0,1,0,2,56.6,63.7,Improving
SIDDHARTHNAGAR,SHOHARATGARH,0,0,0,0,34.1,69.8,Improving
SITAPUR,ALIYA,0,1,0,0,64.0,62.9,Stable
SITAPUR,BEHTA,0,0,0,2,49.4,52.7,Improving
SITAPUR,BISWAN,0,0,0,3,47.9,47.8,Stable
SITAPUR,GONDLAMAU,0,0,0,2,54.1,47.9,Declining
SITAPUR,HARGAON,0,0,0,1,42.6,44.4,Stable
SITAPUR,KASMANDA,0,1,0,1,79.1,77.3,Stable
SITAPUR,KHAIRABAD,0,0,0,2,64.8,49.3,Declining
SITAPUR,LAHARPUR,0,1,0,0,65.0,58.5,Declining
SITAPUR,MACHHAREHTA,0,0,0,2,45.4,50.6,Improving
SITAPUR,MAHMOODABAD,0,1,0,2,62.3,66.2,Improving
SITAPUR,MAHOLI,0,1,0,0,69.8,67.0,Declining
SITAPUR,MISRIKH,0,1,0,0,68.1,65.9,Declining
SITAPUR,N.K.BISWAN,0,1,0,0,100.0,99.5,Stable
SITAPUR,N.K.KHAIRABAD,0,1,0,0,100.0,100.0,Stable
SITAPUR,N.K.SITAPUR,1,1,0,0,50.0,50.0,Stable
SITAPUR,PAHALA,0,0,0,2,53.4,54.2,Stable
SITAPUR,PARSENDI,0,0,0,0,45.8,44.8,Stable
SITAPUR,PISAWAN,0,2,0,0,67.9,69.1,Stable
SITAPUR,RAMPURMATHURA,0,0,0,4,48.7,49.9,Stable
SITAPUR,REUSA,0,0,0,2,53.2,48.6,Declining
SITAPUR,SAKARAN,0,0,0,2,44.6,46.0,Stable
SITAPUR,SIDHAULI,0,0,0,3,45.8,51.8,Improving
SONBHADRA,BABHANI,0,0,0,2,59.4,59.3,Stable
SONBHADRA,CHATRA,0,0,0,1,47.0,59.1,Improving
SONBHADRA,CHOPAN,0,1,0,5,54.0,55.6,Stable
SONBHADRA,DUDHI,1,1,0,1,50.2,50.8,Stable
SONBHADRA,GHORAWAL,0,1,0,2,56.5,58.7,Improving
SONBHADRA,MYORPUR,0,0,0,4,54.6,50.4,Declining
SONBHADRA,NAGWA,0,0,0,5,55.2,56.6,Stable
SONBHADRA,ROBERTSGANJ,0,1,0,2,73.1,67.8,Declining
SULTANPUR,BALDIRAI,0,0,0,1,49.6,59.2,Improving
SULTANPUR,BHADAIYAN,0,1,1,1,47.8,50.6,Improving
SULTANPUR,DHANPATGANJ,0,0,0,1,60.8,51.6,Declining
SULTANPUR,DOSTPUR,0,0,0,1,54.4,41.4,Declining
SULTANPUR,DUBEYPUR,1,0,0,1,0.0,25.8,Improving
SULTANPUR,JAISINGHPUR,0,0,0,2,50.8,46.8,Declining
SULTANPUR,KADIPUR,0,1,0,0,100.0,100.0,Stable
SULTANPUR,KARAUNDI KALA,0,0,0,1,41.4,47.0,Improving
SULTANPUR,KUREBHAR,0,0,0,1,45.8,51.4,Improving
SULTANPUR,KURWAR,0,0,0,0,49.3,59.2,Improving
SULTANPUR,MOTIGARPUR,0,0,0,2,49.6,49.8,Stable
SULTANPUR,SULTANPUR CITY,1,1,0,0,50.0,50.0,Stable
UNNAO,ASOHA,0,0,0,0,42.4,57.1,Improving
UNNAO,AURAS,0,0,0,1,48.4,49.9,Stable
UNNAO,BAGARMAU,0,1,0,0,74.0,70.9,Declining
UNNAO,BICHHIYA,0,1,0,0,84.2,78.3,Declining
UNNAO,BIGHAPUR,0,0,0,1,34.2,61.2,Improving
UNNAO,CITI AREA,1,1,0,0,50.0,50.0,Stable
UNNAO,FATEHPUR 84,0,1,0,0,100.0,100.0,Stable
UNNAO,GANGMURADABAD,0,1,0,0,70.9,79.4,Improving
UNNAO,HASANGANJ,0,0,0,1,75.9,52.6,Declining
UNNAO,HILOULI,0,0,0,1,55.1,53.7,Stable
UNNAO,MIYAGANJ,0,0,0,2,50.3,49.1,Stable
UNNAO,NAVABGANJ,0,1,0,3,63.8,58.5,Declining
UNNAO,PURWA,0,1,0,1,80.3,77.0,Declining
UNNAO,SAFIPUR,0,1,0,0,80.0,72.4,Declining
UNNAO,SIKANDERPUR KARN,0,1,0,2,48.2,61.5,Improving
UNNAO,SIKANDERPUR SAROSI,0,0,0,1,23.1,45.3,Improving
UNNAO,SUMERPUR,0,0,0,1,70.7,50.0,Declining
VARANASI,ARAJILINES,1,1,0,4,55.7,54.3,Stable
VARANASI,BARAGAON,0,0,0,2,55.2,48.0,Declining
VARANASI,CHIRAIGAON,0,0,0,1,43.8,52.3,Improving
VARANASI,CHOLAPUR,0,1,0,0,77.2,78.2,Stable
VARANASI,HARHUA,0,0,0,2,40.4,49.2,Improving
VARANASI,KASHIVIDYAPEETH,0,1,0,1,79.8,76.0,Declining
VARANASI,NAGAR NIGAM,1,1,0,0,50.0,50.9,Stable
VARANASI,NAGAR PALIKA RAMNAGAR,1,1,0,0,50.0,50.0,Stable
VARANASI,PINDRA,0,0,0,0,48.7,51.2,Improving
VARANASI,SEWAPURI,0,0,0,1,53.9,60.9,Improving
