District,Block,Avg_Girls_Progression,Avg_C10_C11_pct,Collapsed_Enrollment_Schools,C1011_Gap_Schools,Strong_Enrollment_Schools,Block_Girls_Enrollment_Health
AGRA,ACCHNERA,62.0,20.5,0,1,0,Strong
AGRA,AKOLA,72.2,40.9,0,0,0,Strong
AGRA,BAH,80.0,80.0,0,0,1,Strong
AGRA,BAROLI AHEER,93.2,56.4,0,1,1,Strong
AGRA,BICHPURI,63.6,55.7,0,0,0,Strong
AGRA,ETMADPUR,0.0,0.0,0,0,0,Weak
AGRA,FATEHABAD,0.0,11.1,1,0,0,Weak
AGRA,FATEHPUR  SIKRI,0.0,0.0,0,0,0,Weak
AGRA,JAGNER,0.0,0.0,0,0,0,Weak
AGRA,JAITPUR  KALAN,42.8,150.0,0,0,0,Moderate
AGRA,KHANDOLI,136.5,57.4,0,0,1,Strong
AGRA,KHERAGARH,250.0,70.7,0,0,0,Strong
AGRA,M.C.AGRA CITY,210.0,108.0,0,0,1,Strong
AGRA,PINAHAT,0.0,0.0,0,0,0,Weak
AGRA,SAIYAN,0.0,0.0,0,0,0,Weak
AGRA,SHAMSHABAD,0.0,0.0,0,0,0,Weak
ALIGARH,AKRABAD,0.0,0.0,0,0,0,Weak
ALIGARH,ATRAULI,3600120.6,78.2,0,2,1,Strong
ALIGARH,BIJAULI,1050081.2,32.5,0,2,0,Strong
ALIGARH,CHANDAUS,2200037.0,61.2,0,1,1,Strong
ALIGARH,DHANIPUR,93.8,34.7,0,1,0,Strong
ALIGARH,GANGIRI,60.0,10.8,0,1,0,Moderate
ALIGARH,GONDA,202.0,99.0,0,1,2,Strong
ALIGARH,IGLAS,44.1,16.4,0,1,0,Moderate
ALIGARH,JAWAN,1540000.0,28.7,1,0,0,Moderate
ALIGARH,KHAIR,1333420.6,68.7,0,1,0,Strong
ALIGARH,LODHA,0.0,0.0,0,0,0,Weak
ALIGARH,NAGAR ALIGARH,89.4,53.6,0,0,1,Strong
ALIGARH,NAGAR ATRAULI,293.3,115.8,0,0,1,Strong
ALIGARH,TAPPAL,45.2,26.4,0,1,0,Moderate
AMBEDKAR NAGAR,AKBARPUR,4242900.0,55.2,0,1,3,Strong
AMBEDKAR NAGAR,BASKHARI,0.0,0.0,0,0,0,Weak
AMBEDKAR NAGAR,BHEETI,2400000.0,22.2,0,1,0,Strong
AMBEDKAR NAGAR,BHIYAON,103.2,52.4,0,0,0,Strong
AMBEDKAR NAGAR,JAHANGIRGANJ,675000.0,38.1,0,0,0,Strong
AMBEDKAR NAGAR,JALALPUR,48.2,16.0,0,1,0,Moderate
AMBEDKAR NAGAR,KATEHARI,1200000.0,41.7,0,0,0,Strong
AMBEDKAR NAGAR,RAMNAGAR,625175.0,28.4,0,1,0,Strong
AMBEDKAR NAGAR,TANDA,1000055.8,42.4,0,0,1,Strong
AMBEDKAR NAGAR,TANDA TOWN AREA,139.1,126.9,0,0,0,Strong
AMETHI - CSM NAGAR,AMETHI,247.5,20.3,0,1,0,Strong
AMETHI - CSM NAGAR,BAHADURPUR,2467298.8,73.5,0,0,2,Strong
AMETHI - CSM NAGAR,BHADAR,527.0,67.8,0,0,2,Strong
AMETHI - CSM NAGAR,BHETUA,93.7,60.9,0,1,0,Strong
AMETHI - CSM NAGAR,GAURIGANJ,400205.0,102.8,0,1,0,Strong
AMETHI - CSM NAGAR,JAGDISHPUR,325043.3,39.3,0,1,0,Strong
AMETHI - CSM NAGAR,JAMO,366747.2,111.9,0,1,0,Strong
AMETHI - CSM NAGAR,MUSAFIRKHANA,155.4,69.1,1,0,1,Moderate
AMETHI - CSM NAGAR,SANGRAMPUR,700000.0,58.3,0,1,0,Strong
AMETHI - CSM NAGAR,SHAHGARH,98.8,36.7,0,0,1,Strong
AMETHI - CSM NAGAR,SHUKULBAZAR,108.0,38.5,0,1,0,Strong
AMETHI - CSM NAGAR,SINGHPUR,137.5,84.4,0,1,0,Strong
AMETHI - CSM NAGAR,TILOI,0.0,0.0,0,0,0,Weak
AURAIYA,ACHHALDA,0.0,0.0,0,0,0,Weak
AURAIYA,AIRWAKATRA,0.0,12.5,1,0,0,Weak
AURAIYA,AURAIYA,61.1,50.0,0,0,0,Strong
AURAIYA,BHAGYANAGAR,39.6,40.6,0,0,0,Moderate
AURAIYA,BIDHUNA,230.8,33.2,0,1,0,Strong
AURAIYA,SAHAR,100.0,8.3,0,0,0,Strong
AZAMGARH,ATRAULIYA,7100000.0,85.7,0,0,0,Strong
AZAMGARH,AZAMGRAH,381.5,109.4,0,0,1,Strong
AZAMGARH,AZMATGARH,276.8,91.7,0,0,1,Strong
AZAMGARH,BILARIYAGANJ,4500000.0,100.0,0,0,0,Strong
AZAMGARH,FOOLPOOR,0.0,0.0,0,0,0,Weak
AZAMGARH,HARRAIYA,180.0,56.7,0,0,0,Strong
AZAMGARH,JAHANAGANJ,0.0,0.0,0,0,0,Weak
AZAMGARH,LALGANJ,1266666.7,20.9,0,1,0,Strong
AZAMGARH,MAHARAJ GANJ,11.1,50.0,1,0,0,Weak
AZAMGARH,MIRZAPUR,156.7,65.0,0,1,0,Strong
AZAMGARH,MOHAMMADPUR,0.0,47.2,1,0,0,Weak
AZAMGARH,PALHNA,0.0,0.0,0,0,0,Weak
AZAMGARH,PAWAE,1824.1,32.7,0,1,0,Strong
AZAMGARH,SATHIYAN,333.3,31.9,0,0,0,Strong
AZAMGARH,TAHBERPUR,0.0,0.0,0,0,0,Weak
AZAMGARH,TARWA,400000.0,112.5,0,0,0,Strong
AZAMGARH,THEKMA,0.0,0.0,0,0,0,Weak
BAGHPAT,BAGPAT,300038.0,42.8,0,0,1,Strong
BAGHPAT,BAROUT,58.4,52.1,0,0,1,Moderate
BAGHPAT,BAROUT URBAN,259.1,55.6,0,1,0,Strong
BAGHPAT,BINOLY,115.5,32.4,0,0,0,Strong
BAGHPAT,CHHAPROLI,400014.2,35.3,0,1,0,Strong
BAGHPAT,KHEKRA,0.0,0.0,0,0,0,Weak
BAGHPAT,PILANA,166.5,43.3,0,0,0,Strong
BAHRAICH,BALHA,625000.0,11.6,0,1,0,Strong
BAHRAICH,CHITTAURA,0.0,0.0,0,0,0,Weak
BAHRAICH,FAKHAR PUR,22.6,40.8,0,0,0,Weak
BAHRAICH,HUJUR PUR,383355.6,108.4,0,1,0,Strong
BAHRAICH,JARWAL,5.1,6.5,0,0,0,Weak
BAHRAICH,KAISER GANJ,120.4,24.0,0,0,1,Strong
BAHRAICH,MAHSI,0.0,0.0,0,0,0,Weak
BAHRAICH,MIHIN PURVA,171428.6,18.9,0,0,0,Strong
BAHRAICH,NAGAR AREA,315.1,146.6,0,0,1,Strong
BAHRAICH,NAWAB GANJ,1566747.2,42.6,0,0,0,Strong
BAHRAICH,PAYAGPUR,2066666.7,34.3,0,0,1,Strong
BAHRAICH,RISIA,0.0,0.0,0,0,0,Weak
BAHRAICH,SHIV PUR,0.0,0.0,0,0,0,Weak
BAHRAICH,TAJWA PUR,96.4,38.4,0,0,0,Strong
BAHRAICH,VISHESHWAR  GANJ,0.0,13.0,1,0,0,Weak
BALLIA,BAIRIA,96.4,43.7,0,1,0,Strong
BALLIA,BALLIA N.P.,221.4,95.5,0,0,1,Strong
BALLIA,BANSDEEH,249.9,85.7,0,0,1,Strong
BALLIA,BELAHARI,0.0,0.0,0,0,0,Weak
BALLIA,CHILKAHAR,0.0,0.0,0,0,0,Weak
BALLIA,DUBAHAR,127.8,68.4,0,1,0,Strong
BALLIA,GARWAR,0.0,0.0,0,0,0,Weak
BALLIA,MANIAR,0.0,0.0,0,0,0,Weak
BALLIA,MURLI CHHAPRA,55.6,21.1,0,1,0,Moderate
BALLIA,NAGARA,0.0,0.0,0,0,0,Weak
BALLIA,NAVANAGAR,0.0,81.8,1,0,0,Weak
BALLIA,PANDAH,549.4,43.8,0,0,0,Strong
BALLIA,RASARA,112.7,51.5,0,1,1,Strong
BALLIA,REVATI,0.0,0.0,0,0,0,Weak
BALLIA,SEAR,0.0,45.1,1,0,0,Weak
BALLIA,SOHAWN,162.1,109.5,0,0,0,Strong
BALRAMPUR,BALRAMPUR,0.0,0.0,0,0,0,Weak
BALRAMPUR,GAINDAS BUZURG,48.9,22.4,0,1,0,Moderate
BALRAMPUR,GAINSARI,128.8,36.1,0,0,0,Strong
BALRAMPUR,HARAIYA SATGHARWA,0.0,0.0,0,0,0,Weak
BALRAMPUR,PACHPERWA,0.0,0.0,0,0,0,Weak
BALRAMPUR,REHRA BAZAR,0.0,0.0,0,0,0,Weak
BALRAMPUR,SHRIDUTTGANJ,45.0,28.6,0,0,0,Moderate
BALRAMPUR,TULSIPUR,0.0,0.0,0,0,0,Weak
BALRAMPUR,UTRAULA (MUN. CORP.),187.5,52.5,0,1,0,Strong
BANDA,BABERU,71.6,26.4,0,0,1,Strong
BANDA,BADOKHAR KHURD,69.8,29.5,0,1,0,Strong
BANDA,BISANDA,5016726.2,46.9,0,0,1,Strong
BANDA,JASPURA,0.0,0.0,0,0,0,Weak
BANDA,KAMASIN,3820030.0,72.8,0,0,3,Strong
BANDA,MAHUWA,1080000.0,22.4,0,0,0,Strong
BANDA,NAGAR KSHETRA,1304.1,187.2,0,0,1,Strong
BANDA,NARAINI,1277848.6,44.3,0,0,1,Strong
BANDA,TINDWARI,5033333.3,38.2,0,0,2,Strong
BARABANKI,BANI KODAR,181.2,29.0,0,1,0,Strong
BARABANKI,BANKI,357.4,30.0,0,0,1,Strong
BARABANKI,BARABANKI CITY,845.7,119.3,0,0,1,Strong
BARABANKI,DARIYA BAD,0.0,0.0,0,0,0,Weak
BARABANKI,DEWA,14600000.0,85.0,0,0,1,Strong
BARABANKI,FATEH PUR,348.6,58.4,0,0,1,Strong
BARABANKI,HAIDAR GARH,2975148.8,41.7,0,1,0,Strong
BARABANKI,HARAKH,5700124.0,52.8,0,0,1,Strong
BARABANKI,MASAULI,4200000.0,37.8,0,0,1,Strong
BARABANKI,NINDURA,6760000.0,24.0,1,0,0,Moderate
BARABANKI,PURE DALAI,50000.0,300000.0,0,0,0,Strong
BARABANKI,SIDDHAOR,0.0,0.0,0,0,0,Weak
BARABANKI,SIRAULI GAUSPUR,13000000.0,97.0,0,0,1,Strong
BARABANKI,SURAT GANJ,415.7,79.0,0,0,1,Strong
BARABANKI,TRIVEDI GANJ,7000000.0,55.4,0,0,1,Strong
BAREILLY,ALAMPUR,0.0,0.0,0,0,0,Weak
BAREILLY,AONLA,229.8,70.5,0,0,0,Strong
BAREILLY,BAHERI,20.0,459.5,0,0,0,Weak
BAREILLY,BAHERI TOWN,185.9,124.4,0,0,1,Strong
BAREILLY,BAREILLY TOWN,117.2,50.0,0,0,1,Strong
BAREILLY,BHADPURA,75.0,23.4,0,0,1,Strong
BAREILLY,BHOJIPURA,0.0,0.0,0,0,0,Weak
BAREILLY,BHUTA,100.0,30.8,0,0,1,Strong
BAREILLY,FARIDPUR,0.0,0.0,0,0,0,Weak
BAREILLY,FATEHGANJ,201.5,925043.2,1,0,2,Moderate
BAREILLY,KYARA,214.2,25.7,1,1,0,Moderate
BAREILLY,MAJHGAWAN,43.6,22.6,0,0,1,Moderate
BAREILLY,MIRGANJ,0.0,0.0,0,0,0,Weak
BAREILLY,NAWABGANJ,167.2,83.1,0,0,0,Strong
BAREILLY,RAMNAGAR,79.2,40.2,0,0,1,Strong
BAREILLY,RICHHA(DAMKHODA),300992.5,71.9,0,2,1,Strong
BAREILLY,SHERGARH,1050050.0,63.7,0,0,0,Strong
BAREILLY,VITHARI CHAINPUR,105.7,59.0,0,0,1,Strong
BASTI,BAHADURPUR,0.0,0.0,0,0,0,Weak
BASTI,BASTI SADAR,0.0,0.0,0,0,0,Weak
BASTI,DUBAULIA,0.0,0.0,0,0,0,Weak
BASTI,GAUR,1050149.9,78.5,0,1,0,Strong
BASTI,HARRIYA,0.0,0.0,0,0,0,Weak
BASTI,KAPTANGANJ,0.0,0.0,0,0,0,Weak
BASTI,KUDRAHA,0.0,0.0,0,0,0,Weak
BASTI,PARSHURAMPUR,144.4,56.0,0,0,0,Strong
BASTI,RUDHOLI,353.8,138.0,0,0,0,Strong
BASTI,SALTOVA GOPALPUR,0.0,0.0,0,0,0,Weak
BASTI,TOWN AREA,322.9,106.3,0,0,1,Strong
BASTI,VIKRAMJOT,2000000.0,40.0,0,1,0,Strong
BHADOI,ABHOLI,0.0,0.0,0,0,0,Weak
BHADOI,AURAI,1630032.2,33.7,0,0,1,Strong
BHADOI,BHADOHI,0.0,0.0,0,0,0,Weak
BHADOI,DEEGH,64.3,21.0,0,0,0,Strong
BHADOI,GYANPUR,3880000.0,3524.5,0,0,0,Strong
BHADOI,SURIYAVAN,0.0,0.0,0,0,0,Weak
BIJNOR,AAKU(NEHTOR),38.2,21.8,0,1,0,Moderate
BIJNOR,AFZALGRAH,914.2,67.8,0,0,2,Strong
BIJNOR,ALLHEPUR(DHAMPUR),80151.8,87.2,0,1,0,Strong
BIJNOR,BIJNOR(NAGAR),160.8,97.3,0,0,1,Strong
BIJNOR,BURHANPUR(SEOHARA),0.0,0.0,0,0,0,Weak
BIJNOR,DHAMPUR(NAGAR),212.0,97.5,0,0,0,Strong
BIJNOR,HALDAUR,79.3,39.3,0,0,1,Strong
BIJNOR,JALILPUR,313.8,88.5,0,0,1,Strong
BIJNOR,KIRATPUR,278.3,66.7,0,0,2,Strong
BIJNOR,KOTWALI,100.2,27.7,0,1,1,Strong
BIJNOR,MOHD.PUR DEVMAL,89.9,57.6,0,0,0,Strong
BIJNOR,NAJIBABAD,3275125.0,59.7,0,0,0,Strong
BIJNOR,NAJIBABAD(NAGAR),,,0,0,0,Moderate
BUDAUN,AASAFPUR,0.0,0.0,0,0,0,Weak
BUDAUN,AMBIYAPUR,0.0,0.0,0,0,0,Weak
BUDAUN,BISAULI,140.9,40.4,0,1,1,Strong
BUDAUN,BUDAUN CITY,596.1,120.2,0,0,1,Strong
BUDAUN,DATAGANJ,1950092.4,98.1,0,0,0,Strong
BUDAUN,DEHGANWAN,100.0,87.3,0,0,0,Strong
BUDAUN,JAGAT,46.7,10.0,0,1,0,Moderate
BUDAUN,MIAUN,0.0,0.0,0,0,0,Weak
BUDAUN,QADARCHOWK,31.7,42.4,1,0,0,Moderate
BUDAUN,SAHASWAN CITY,109.1,118.7,0,0,0,Strong
BUDAUN,SALARPUR,400114.3,78.6,0,0,1,Strong
BUDAUN,SAMRER,0.0,0.0,0,0,0,Weak
BUDAUN,UJHANI,400000.0,63.6,0,0,0,Strong
BUDAUN,USAWAN,0.0,0.0,0,0,0,Weak
BUDAUN,WAZEERGANJ,66.7,51.3,0,0,0,Strong
BULANDSHAHR,AGAUTA,0.0,0.0,0,0,0,Weak
BULANDSHAHR,ANOOPSHAHAR,58.3,28.6,0,0,0,Moderate
BULANDSHAHR,ARNIA,29.8,20.8,0,0,0,Moderate
BULANDSHAHR,B.B.NAGAR,130.9,76.8,0,0,1,Strong
BULANDSHAHR,BULANDSHAHR,383386.1,36.7,0,0,0,Strong
BULANDSHAHR,BULANDSHAR NAGAR,255.3,128.1,0,0,1,Strong
BULANDSHAHR,DANPUR,100051.4,17.7,0,1,0,Strong
BULANDSHAHR,DEBAI,71.8,39.0,0,1,0,Strong
BULANDSHAHR,GULAOTI,2250000.0,112.0,0,0,1,Strong
BULANDSHAHR,JAHAGIRABAD,59.3,35.1,0,0,1,Moderate
BULANDSHAHR,KHURJA,160.0,73.0,0,0,0,Strong
BULANDSHAHR,LAKHAWATI,2200000.0,66.0,0,0,0,Strong
BULANDSHAHR,PAHASU,80.9,34.2,0,0,1,Strong
BULANDSHAHR,SHIKARPUR,400056.8,208.6,0,1,0,Strong
BULANDSHAHR,SIKANDRABAD,650000.0,52.2,0,0,0,Strong
BULANDSHAHR,SYNA,0.0,0.0,0,0,0,Weak
BULANDSHAHR,UCHAGAON,35.6,77.8,0,0,0,Moderate
CHANDAULI,BARAHANI,35.8,16.0,0,0,0,Moderate
CHANDAULI,CHAHANIYA,0.0,0.0,0,0,0,Weak
CHANDAULI,CHAKIYA,195.6,24.9,0,0,1,Strong
CHANDAULI,CHANDAULI,0.0,0.0,0,0,0,Weak
CHANDAULI,NAUGARH,83.5,19.3,0,0,1,Strong
CHANDAULI,SAKALDIHA,5100000.0,69.8,0,1,0,Strong
CHANDAULI,SHAHABGANJ,0.0,0.0,0,0,0,Weak
CHITRAKOOT,CHITRAKOOT,60.0,10.2,0,1,0,Moderate
CHITRAKOOT,CHITRAKOOT (URBAN),178.7,105.6,0,0,1,Strong
CHITRAKOOT,MANIKPUR,88.5,18.2,0,1,0,Strong
CHITRAKOOT,MAU,82.3,34.0,0,0,1,Strong
CHITRAKOOT,PAHADI,0.0,6.2,1,0,0,Weak
CHITRAKOOT,RAM NAGAR,113.8,54.0,0,0,1,Strong
DEORIA,BARAHAJ,0.0,0.0,0,0,0,Weak
DEORIA,BHATNI,0.0,0.0,0,0,0,Weak
DEORIA,BHATPAR RANI,200000.0,0.0,0,1,0,Strong
DEORIA,BHLUANI,2600000.0,174.4,0,0,0,Strong
DEORIA,DEORIA NAGAR KSHETRA,488.2,158.0,0,0,1,Strong
DEORIA,DESAHI DEORIA,2099.0,84.2,0,0,1,Strong
DEORIA,GAURI BAZAR,1966666.7,45.5,0,0,1,Strong
DEORIA,LAR,0.0,0.0,0,0,0,Weak
DEORIA,PATTHRDEVA,0.0,0.0,0,0,0,Weak
DEORIA,RUDRAPUR,1025000.0,21.3,0,0,0,Strong
DEORIA,SALIMPUR,0.0,14.3,1,0,0,Weak
ETAH,ALIGANJ,136.7,41.2,0,1,1,Strong
ETAH,AWAGARH,66.7,23.8,0,0,0,Strong
ETAH,ETAH (URBAN),375.0,47.8,1,0,1,Moderate
ETAH,JAITHARA,81.1,67.8,0,0,1,Strong
ETAH,JALESAR,0.0,0.0,0,0,0,Weak
ETAH,JALESAR (URBAN),438.3,61.5,0,1,0,Strong
ETAH,MARHARA,0.0,0.0,0,0,0,Weak
ETAH,NIDHAULI KALAN,160.2,53.8,0,1,2,Strong
ETAH,SAKEET,262.4,26.4,0,1,0,Strong
ETAH,SHEETAL PUR,64.0,59.6,0,0,1,Strong
ETAWAH,BARHPURA,7200000.0,102.7,0,0,1,Strong
ETAWAH,BHARTHANA,0.0,0.0,0,0,0,Weak
ETAWAH,CHAKARNAGAR,1300050.2,36.3,0,1,1,Strong
ETAWAH,ETAWAH NAGAR CHETRA,403.1,59.6,0,0,1,Strong
ETAWAH,JASWANT NAGAR,220382.5,53.2,0,0,0,Strong
ETAWAH,MAHEWA,0.0,0.0,0,0,0,Weak
ETAWAH,SAIFAI,174.3,34.3,0,0,1,Strong
ETAWAH,TAKHA,0.0,0.0,0,0,0,Weak
FAIZABAD,AMANIGANJ,833333.3,46.2,0,0,0,Strong
FAIZABAD,AYODHYA TOWN AREA,286.0,75.4,0,1,1,Strong
FAIZABAD,BIKAPUR,58.8,34.1,0,1,0,Moderate
FAIZABAD,MASAUDHA,553.3,96.7,0,0,0,Strong
FAIZABAD,MAWAI,900000.0,25.4,0,0,0,Strong
FAIZABAD,MAYA,499.5,19.0,0,0,0,Strong
FAIZABAD,MILKIPUR,550162.5,200026.5,0,0,0,Strong
FAIZABAD,PURA,850000.0,66.4,0,0,0,Strong
FAIZABAD,RUDAULI,40.1,27.8,0,0,0,Moderate
FAIZABAD,SOHAWAL,290.0,30.6,0,1,0,Strong
FAIZABAD,TARUN,1300000.0,166.6,0,0,1,Strong
FARRUKHABAD,KAMALGANJ,0.0,0.0,0,0,0,Weak
FARRUKHABAD,MOHAMDABAD,0.0,0.0,0,0,0,Weak
FARRUKHABAD,NAG. KSH.FAR.BAD,293.7,81.5,0,0,1,Strong
FARRUKHABAD,NAWABGANJ,270.0,46.7,0,1,0,Strong
FARRUKHABAD,RAJE PUR,469.2,65.7,0,0,0,Strong
FARRUKHABAD,SHAMSABAD,252.6,70.1,0,0,0,Strong
FATEHPUR,AIRAYAN,142.5,28.8,0,1,0,Strong
FATEHPUR,AMAULI,0.0,0.0,0,0,0,Weak
FATEHPUR,ASHOTHAR,0.0,0.0,0,0,0,Weak
FATEHPUR,BAHUA,319.9,48.7,0,0,1,Strong
FATEHPUR,BHITAURA,3033333.3,42.1,0,1,1,Strong
FATEHPUR,DEOMAI,0.0,0.0,0,0,0,Weak
FATEHPUR,DHATA,0.0,0.0,0,0,0,Weak
FATEHPUR,HASAWA,51.8,18.2,0,0,0,Moderate
FATEHPUR,HATHGAOM,44.4,19.0,0,1,0,Moderate
FATEHPUR,KHAJUHA,0.0,0.0,0,0,0,Weak
FATEHPUR,MALAWAN,1900000.0,18.4,0,0,0,Strong
FATEHPUR,NAGAR BINDKI,345.8,97.3,0,0,1,Strong
FATEHPUR,NAGAR FATEHPUR,220.6,47.8,0,0,1,Strong
FATEHPUR,TELIYANI,1825799.2,47.2,0,0,0,Strong
FATEHPUR,VIJAIPUR,41.8,17.4,0,1,0,Moderate
FIROZABAD,ARAWN,0.0,0.0,0,0,0,Weak
FIROZABAD,EKA,0.0,0.0,0,0,0,Weak
FIROZABAD,FIROZABAD,0.0,56.7,1,0,0,Weak
FIROZABAD,JASRANA,369.6,51.7,0,0,1,Strong
FIROZABAD,KHAIRGARH,0.0,0.0,0,0,0,Weak
FIROZABAD,MADANPUR,34.8,66.6,0,0,0,Moderate
FIROZABAD,NARKHI,0.0,0.0,0,0,0,Weak
FIROZABAD,SHIKOHABAD,280.0,70.3,0,0,0,Strong
FIROZABAD,TUNDLA,38.0,24.5,0,0,0,Moderate
GAUTAM BUDDHA NAGAR,DADRI,0.0,0.0,0,0,0,Weak
GAUTAM BUDDHA NAGAR,DANKAUR,360.0,86.1,0,0,0,Strong
GAUTAM BUDDHA NAGAR,VISRAKH,293.9,84.8,0,0,2,Strong
GHAZIABAD,BHOJPUR,233363.8,42.8,0,0,0,Strong
GHAZIABAD,GHAZIABAD (MUN.AREA),309.8,103.8,0,0,2,Strong
GHAZIABAD,LONI,2000000.0,206.7,0,0,0,Strong
GHAZIABAD,MURAD NAGAR,0.0,0.0,0,0,0,Weak
GHAZIABAD,RAZAPUR,0.0,0.0,0,0,0,Weak
GHAZIPUR,BHADAURA,358.2,149.8,0,0,0,Strong
GHAZIPUR,BHAWARCOL,0.0,0.0,0,0,0,Weak
GHAZIPUR,BIRNO,0.0,0.0,0,0,0,Weak
GHAZIPUR,DEOKALI,78.9,63.0,0,0,1,Strong
GHAZIPUR,GHAZIPUR SADAR,0.0,0.0,0,0,0,Weak
GHAZIPUR,KARANDA,0.0,0.0,0,0,0,Weak
GHAZIPUR,KASIMABAD,2800000.0,175.0,0,0,0,Strong
GHAZIPUR,MANIHARI,60.0,11.1,0,0,0,Moderate
GHAZIPUR,MOHAMMADABAD,216.7,78.6,0,0,0,Strong
GHAZIPUR,NAGAR CHHETRA,272.2,134.6,0,0,1,Strong
GHAZIPUR,REOTIPUR,0.0,0.0,0,0,0,Weak
GHAZIPUR,SADAT,116.6,59.0,0,0,1,Strong
GHAZIPUR,SAIDPUR,118.8,139.5,1,1,0,Moderate
GHAZIPUR,ZAKHANIA,0.0,0.0,0,0,0,Weak
GHAZIPUR,ZAMANIA,665.9,147.2,0,0,1,Strong
GONDA,BELSAR,0.0,0.0,0,0,0,Weak
GONDA,CHHAPIA,233.3,106.8,1,1,0,Moderate
GONDA,COLONELGANJ,0.0,0.0,0,0,0,Weak
GONDA,GONDA(MUN. CORP.),370.8,160.0,0,0,1,Strong
GONDA,HALDHARMAU,0.0,0.0,0,0,0,Weak
GONDA,ITIYATHOK,0.0,0.0,0,0,0,Weak
GONDA,JHANJHRI,0.0,0.0,0,0,0,Weak
GONDA,KATRA BAZAR,0.0,0.0,0,0,0,Weak
GONDA,MANKAPUR,0.0,0.0,0,0,0,Weak
GONDA,MUJEHNA,0.0,0.0,0,0,0,Weak
GONDA,NAWAB GANJ,0.0,0.0,0,0,0,Weak
GONDA,PANDRI KRIPAL,0.0,0.0,0,0,0,Weak
GONDA,PARASPUR,0.0,0.0,0,0,0,Weak
GONDA,RUPAIDEEH,0.0,0.0,0,0,0,Weak
GONDA,TARABGANJ,10.0,70.8,1,0,0,Weak
GORAKHPUR,BAANSGAON,238.5,86.8,0,0,1,Strong
GORAKHPUR,BADHALGANJ,0.0,0.0,0,0,0,Weak
GORAKHPUR,BELGHAT,0.0,0.0,0,0,0,Weak
GORAKHPUR,BHATHAT,0.0,0.0,0,0,0,Weak
GORAKHPUR,CAMPIARGANJ,151.0,56.2,0,1,0,Strong
GORAKHPUR,CHARGANWA,0.0,0.0,0,0,0,Weak
GORAKHPUR,GOLA,0.0,0.0,0,0,0,Weak
GORAKHPUR,KAUDIRAM,172.2,46.8,0,0,1,Strong
GORAKHPUR,KHAJNI,275.0,48.5,0,0,1,Strong
GORAKHPUR,KHORABAR,0.0,0.0,0,0,0,Weak
GORAKHPUR,NAGAR KSHETRA,432.4,124.2,0,0,1,Strong
GORAKHPUR,PIPRAICH,0.0,0.0,0,0,0,Weak
GORAKHPUR,PIPRAULI,0.0,0.0,0,0,0,Weak
GORAKHPUR,SAHJANWA,0.0,0.0,0,0,0,Weak
GORAKHPUR,SARDARNAGAR,500.0,132.2,0,0,1,Strong
HAMIRPUR (U.P.),GOHAND,700000.0,54.6,0,0,0,Strong
HAMIRPUR (U.P.),KURARA,174.6,60.3,0,0,0,Strong
HAMIRPUR (U.P.),MAUDHA,95.1,13.6,0,1,0,Strong
HAMIRPUR (U.P.),MUSKARA,197.0,51.2,0,1,1,Strong
HAMIRPUR (U.P.),NP HAMIRPUR,620.6,65.6,0,0,1,Strong
HAMIRPUR (U.P.),NP MAUDAHA,269.1,100.9,0,0,1,Strong
HAMIRPUR (U.P.),NP RATH,1277.6,167.6,0,0,1,Strong
HAMIRPUR (U.P.),RATH,111.1,36.0,0,0,0,Strong
HAMIRPUR (U.P.),SARILA,454.9,40.0,0,0,0,Strong
HAMIRPUR (U.P.),SUMERPUR,618.8,41.7,0,0,2,Strong
HAPUR (PANCHSHEEL NAGAR),DHAULANA,167.6,61.8,0,0,1,Strong
HAPUR (PANCHSHEEL NAGAR),GARH MUKTESWAR,1033343.6,113.9,0,1,0,Strong
HAPUR (PANCHSHEEL NAGAR),HAPUR,975050.0,49.1,0,2,0,Strong
HAPUR (PANCHSHEEL NAGAR),SIMBHAWALI,360060.0,16.7,0,2,0,Strong
HARDOI,AHIRORI,0.0,0.0,0,0,0,Weak
HARDOI,BAWAN,0.0,0.0,0,0,0,Weak
HARDOI,BEHANDAR,0.0,0.0,0,0,0,Weak
HARDOI,BHARAWAN,31.9,19.0,0,0,0,Moderate
HARDOI,BHARKHANI,103.7,15.9,0,1,0,Strong
HARDOI,BILGRAM,20.4,27.8,0,0,0,Weak
HARDOI,HARIYAWAN,0.0,0.0,0,0,0,Weak
HARDOI,HARPALPUR,0.0,0.0,0,0,0,Weak
HARDOI,KACHAUNA,0.0,0.0,0,0,0,Weak
HARDOI,KOTHAWAN,19.6,14.7,0,1,0,Weak
HARDOI,MADHOGANJ,0.0,0.0,0,0,0,Weak
HARDOI,MALLAWA,33333.3,33333.3,0,0,0,Strong
HARDOI,PIHANI,0.0,0.0,0,0,0,Weak
HARDOI,SANDI,0.0,0.0,0,0,0,Weak
HARDOI,SANDILA,0.0,0.0,0,0,0,Weak
HARDOI,SHAHABAD,0.0,0.0,0,0,0,Weak
HARDOI,SURSA,0.0,0.0,0,0,0,Weak
HARDOI,TANDIYAWA,118.7,54.6,0,1,0,Strong
HARDOI,TN.AR.  PIHANI,80.8,17.9,0,1,0,Strong
HARDOI,TN.AR. HARDOI,195.8,53.4,0,0,1,Strong
HARDOI,TN.AR. SANDILA,348.6,96.6,0,0,0,Strong
HARDOI,TONDARPUR,1840000.0,15.5,0,0,0,Strong
HATHRAS,HASAYAN,0.0,0.0,0,0,0,Weak
HATHRAS,HATHRAS,0.0,0.0,0,0,0,Weak
HATHRAS,MURSAN,119.2,17.6,0,1,0,Strong
HATHRAS,N.P. HATHRAS,51.0,75.0,0,0,0,Moderate
HATHRAS,SADABAD,540000.0,19.4,0,0,0,Strong
HATHRAS,SAHPAU,149.8,25.0,0,0,0,Strong
HATHRAS,SASNI,0.0,0.0,0,0,0,Weak
HATHRAS,SIKANDRA RAO,150.0,55.2,0,0,0,Strong
JALAUN,DAKOR,96.2,76.5,0,0,1,Strong
JALAUN,JALAUN,0.0,0.0,0,0,0,Weak
JALAUN,KADAURA,287.8,68.9,0,0,0,Strong
JALAUN,KONCH,0.0,0.0,0,0,0,Weak
JALAUN,KUTHAUND,0.0,0.0,0,0,0,Weak
JALAUN,MADHAUGADH,5400000.0,111.5,0,0,1,Strong
JALAUN,MAHEVA,833402.3,39.8,0,1,0,Strong
JALAUN,NADIGAWN,95.8,43.6,0,0,0,Strong
JALAUN,RAMPURA,566666.7,33.3,0,0,0,Strong
JALAUN,T. A. ORAI,764.2,106.5,0,0,1,Strong
JAUNPUR,BADLA PUR,0.0,0.0,0,0,0,Weak
JAUNPUR,BARSATHI,0.0,0.0,0,0,0,Weak
JAUNPUR,BUKSHA,0.0,0.0,0,0,0,Weak
JAUNPUR,DHARMAPUR,0.0,0.0,0,0,0,Weak
JAUNPUR,DOBHI,0.0,0.0,0,0,0,Weak
JAUNPUR,JALALPUR,0.0,0.0,0,0,0,Weak
JAUNPUR,JAUNPUR  [NAGAR],183.7,103.8,0,0,1,Strong
JAUNPUR,KARANJA KALA,0.0,0.0,0,0,0,Weak
JAUNPUR,KERAKAT,0.0,59.4,1,0,0,Weak
JAUNPUR,KHUTHAN,0.0,0.0,0,0,0,Weak
JAUNPUR,MACHHALI SHAHAR,106.4,44.4,0,0,1,Strong
JAUNPUR,MADIYAHUN,1550000.0,37.0,0,0,0,Strong
JAUNPUR,MAHARAJ GANJ,0.0,0.0,0,0,0,Weak
JAUNPUR,MUFTI GANJ,0.0,0.0,0,0,0,Weak
JAUNPUR,MUGRA BADSHAH PUR,0.0,0.0,0,0,0,Weak
JAUNPUR,RAM PUR,0.0,0.0,0,0,0,Weak
JAUNPUR,SHAH GANJ,0.0,106.6,1,0,0,Weak
JAUNPUR,SIKRARA,0.0,0.0,0,0,0,Weak
JAUNPUR,SIRKONI,172.2,21.0,0,1,0,Strong
JAUNPUR,SUITHA KALA,0.0,0.0,0,0,0,Weak
JAUNPUR,SUJAN GANJ,0.0,0.0,0,0,0,Weak
JHANSI,BABINA,505.6,42.1,0,0,1,Strong
JHANSI,BAMORE,0.0,0.0,0,0,0,Weak
JHANSI,BANGRA,997.2,67.8,0,0,3,Strong
JHANSI,BARAGAON,29.4,19.2,0,0,0,Moderate
JHANSI,CHIRGAON,266.6,21.3,0,1,0,Strong
JHANSI,GURSARAI,777.5,39.7,0,0,1,Strong
JHANSI,JHANSI NAGARCHETRA,394.2,1551.6,0,0,1,Strong
JHANSI,MAURANIPUR,0.0,0.0,0,0,0,Weak
JHANSI,MAURANIPUR  N.CHETRA,519.6,155.5,0,0,0,Strong
JHANSI,MOTH,4123.8,134.3,1,0,2,Moderate
JYOTIBA PHULE NAGAR (AMROHA),AMROHA,113.0,61.5,0,0,1,Strong
JYOTIBA PHULE NAGAR (AMROHA),AMROHA CITY,138.8,116.0,0,0,0,Strong
JYOTIBA PHULE NAGAR (AMROHA),DHANORA,42.5,27.5,0,0,0,Moderate
JYOTIBA PHULE NAGAR (AMROHA),GAJRAULA,1175016.6,48.0,0,0,0,Strong
JYOTIBA PHULE NAGAR (AMROHA),GANGESHWARI,36.8,49.0,0,0,0,Moderate
JYOTIBA PHULE NAGAR (AMROHA),HASANPUR,760014.5,35.7,0,0,0,Strong
JYOTIBA PHULE NAGAR (AMROHA),HASANPUR CITY,159.4,114.2,0,0,1,Strong
JYOTIBA PHULE NAGAR (AMROHA),JOYA,405.2,69.2,0,0,0,Strong
KANNAUJ,CHHIBRAMAU,1000000.0,43.7,0,0,0,Strong
KANNAUJ,GUGRAPUR,0.0,0.0,0,0,0,Weak
KANNAUJ,HASERAN,0.0,0.0,0,0,0,Weak
KANNAUJ,JALALABAD,420.0,44.1,0,0,1,Strong
KANNAUJ,KANNAUJ,44.4,73.3,0,0,0,Moderate
KANNAUJ,SAURIKH,0.0,0.0,0,0,0,Weak
KANNAUJ,TAL GRAM,241.4,66.2,0,0,0,Strong
KANNAUJ,UMARDA,1864.8,27.4,0,0,1,Strong
KANPUR DEHAT,AKBARPUR,0.0,0.0,0,0,0,Weak
KANPUR DEHAT,AMARAUDHA,79.9,40.5,0,0,1,Strong
KANPUR DEHAT,DERAPUR,0.0,0.0,0,0,0,Weak
KANPUR DEHAT,JHINJHAK,266666.7,87.5,0,0,0,Strong
KANPUR DEHAT,MAITHA,0.0,0.0,0,0,0,Weak
KANPUR DEHAT,MALASA,0.0,0.0,0,0,0,Weak
KANPUR DEHAT,RAJPUR,0.0,0.0,0,0,0,Weak
KANPUR DEHAT,RASULABAD,1500000.0,67.6,0,0,0,Strong
KANPUR DEHAT,SANDALPUR,0.0,0.0,0,0,0,Weak
KANPUR DEHAT,SARVANKHERA,1900000.0,24.1,0,1,0,Strong
KANPUR NAGAR,BHITERGAON,0.0,0.0,0,0,0,Weak
KANPUR NAGAR,BIDHNU,6500000.0,105.5,0,0,1,Strong
KANPUR NAGAR,BILHAUR,0.0,0.0,0,0,0,Weak
KANPUR NAGAR,CHAUBEPUR,0.0,0.0,0,0,0,Weak
KANPUR NAGAR,GHATAMPUR,63.1,34.5,0,0,0,Strong
KANPUR NAGAR,KAKWAN,0.0,0.0,0,0,0,Weak
KANPUR NAGAR,KALYANPUR,3000131.2,53.3,0,0,2,Strong
KANPUR NAGAR,PATARA,0.0,0.0,0,0,0,Weak
KANPUR NAGAR,PREMNAGAR,153.8,96.0,0,0,1,Strong
KANPUR NAGAR,SARSAUL,300.0,30.6,0,0,0,Strong
KANPUR NAGAR,SHASTRI NAGAR,376.2,129.5,0,0,1,Strong
KANPUR NAGAR,SHIVRAJPUR,0.0,0.0,0,0,0,Weak
KANSHIRAM NAGAR,AMAPUR,81.8,53.2,0,0,0,Strong
KANSHIRAM NAGAR,GANJ DUNDWARA,22.2,50.0,0,0,0,Weak
KANSHIRAM NAGAR,KASGANJ,0.0,0.0,0,0,0,Weak
KANSHIRAM NAGAR,KASGANJ (URBAN),254.8,105.6,0,0,1,Strong
KANSHIRAM NAGAR,PATIYALI,129.1,58.6,1,0,1,Moderate
KANSHIRAM NAGAR,SAHAVAR,95.9,86.5,0,0,0,Strong
KANSHIRAM NAGAR,SORON,121.6,68.0,0,0,0,Strong
KAUSHAMBI,CHAYAL,0.0,0.0,0,0,0,Weak
KAUSHAMBI,KADA,112.4,44.1,0,1,0,Strong
KAUSHAMBI,KAUSHAMBI,0.0,0.0,0,0,0,Weak
KAUSHAMBI,MANJHANPUR,41.7,20.6,0,1,0,Moderate
KAUSHAMBI,MURATGANJ,0.0,0.0,0,0,0,Weak
KAUSHAMBI,NEWADA,0.0,0.0,0,0,0,Weak
KAUSHAMBI,SARSAWAN,94.2,12.5,0,1,0,Strong
KAUSHAMBI,SIRATHU,51.6,32.5,0,0,0,Moderate
KHERI,BANKEGANJ,196.0,66.0,0,0,0,Strong
KHERI,BEHJAM,0.0,0.0,0,0,0,Weak
KHERI,BIJUA,0.0,0.0,0,0,0,Weak
KHERI,DHAURAHARA,93.3,28.4,0,0,1,Strong
KHERI,ISANAGAR,0.0,0.0,0,0,0,Weak
KHERI,KUMBHI-GOLA,0.0,0.0,0,0,0,Weak
KHERI,LAKHIMPUR,218.7,102.1,0,0,1,Strong
KHERI,LMP,385.1,121.9,0,0,1,Strong
KHERI,MITAULI,0.0,0.0,0,0,0,Weak
KHERI,MOHAMMADI,0.0,0.0,0,0,0,Weak
KHERI,MOM,6000000.0,68.1,0,1,0,Strong
KHERI,NAKAHA,52.9,45.4,0,0,0,Moderate
KHERI,NIGHASAN,56.6,27.9,0,0,0,Moderate
KHERI,PALIYA,92.9,28.6,0,0,0,Strong
KHERI,PASGAWAN,53.6,40.3,0,0,0,Moderate
KHERI,PHOOL BEHAR,20.5,9.1,0,1,0,Weak
KHERI,RAMIYA BEHAR,0.0,0.0,0,0,0,Weak
KUSHINAGAR,DUDAHI,0.0,0.0,0,0,0,Weak
KUSHINAGAR,HATA,118.4,42.0,0,0,1,Strong
KUSHINAGAR,KASIA,0.0,52.6,1,0,0,Weak
KUSHINAGAR,KHADDA,59.5,28.2,1,0,0,Moderate
KUSHINAGAR,MOTICHAK,0.0,0.0,0,0,0,Weak
KUSHINAGAR,NAURANGIYA,50.0,63.6,0,0,0,Moderate
KUSHINAGAR,PADARAUNA,0.0,0.0,0,0,0,Weak
KUSHINAGAR,PADRAUNA (URBAN),193.3,58.6,0,1,0,Strong
KUSHINAGAR,RAMKOLA,0.0,0.0,0,0,0,Weak
KUSHINAGAR,SEORAHI,135.4,37.6,0,1,0,Strong
KUSHINAGAR,TAMKUHI,0.0,0.0,0,0,0,Weak
KUSHINAGAR,VISHUNPURA,64.3,14.3,0,1,0,Strong
LALITPUR,BAR,250.0,8.1,0,1,0,Strong
LALITPUR,BIRDHA,25000.0,17.6,0,0,0,Strong
LALITPUR,JAKHORA,167.1,22.2,1,0,0,Moderate
LALITPUR,LALITPUR,1790.5,121.8,0,0,1,Strong
LALITPUR,MADAWRA,0.0,0.0,0,0,0,Weak
LALITPUR,MAHRONI,223.8,22.0,0,0,0,Strong
LALITPUR,TALBEHAT,98.8,31.5,0,0,1,Strong
LUCKNOW,BAKSHI KA TALAB,1614285.7,17.4,0,0,1,Strong
LUCKNOW,CHINHAT,2466666.7,63.8,1,0,0,Moderate
LUCKNOW,GOSHAI GANJ,0.0,4.2,1,0,0,Weak
LUCKNOW,KAKORI,87.9,31.1,0,0,1,Strong
LUCKNOW,MAAL,72.4,30.8,0,0,0,Strong
LUCKNOW,MALIHABAD,41.0,23.4,0,0,1,Moderate
LUCKNOW,MOHAN LAL GANJ,40.0,11.1,0,1,0,Moderate
LUCKNOW,"NAGAR SHAITRA, LUCKNOW",248.5,130.8,0,0,4,Strong
LUCKNOW,SAROJNI NAGAR,1071428.6,20.5,0,0,1,Strong
MAHARAJGANJ,BRIJMAN GANJ,1350000.0,75.7,0,0,0,Strong
MAHARAJGANJ,DHANI,0.0,0.0,0,0,0,Weak
MAHARAJGANJ,GHUGHLI,0.0,0.0,0,0,0,Weak
MAHARAJGANJ,LAKSHMIPUR,0.0,0.0,0,0,0,Weak
MAHARAJGANJ,MAHRAJGANJ,84.8,35.1,0,0,0,Strong
MAHARAJGANJ,MITHOURA,0.0,0.0,0,0,0,Weak
MAHARAJGANJ,NICHLOUL,0.0,15.8,1,0,0,Weak
MAHARAJGANJ,NOUTANWA,200.9,39.6,0,0,0,Strong
MAHARAJGANJ,PANIYARA,33414.5,87.0,0,0,0,Strong
MAHARAJGANJ,PARTAWAL,0.0,0.0,0,0,0,Weak
MAHARAJGANJ,PHARENDA,371.6,94.3,0,0,1,Strong
MAHOBA,CHARKHARI,600000.0,25.8,0,0,0,Strong
MAHOBA,CHARKHARI URBAN,973.2,53.4,0,0,1,Strong
MAHOBA,JAITPUR,2536363.6,65.7,0,1,1,Strong
MAHOBA,KABRAI,3311111.1,19.3,0,1,1,Strong
MAHOBA,NAGAR PALIKA MAHOBA,50268.2,150049.4,0,0,1,Strong
MAHOBA,PANWARI,2450000.0,32.2,0,0,2,Strong
MAINPURI,BARNAHAL,0.0,0.0,0,0,0,Weak
MAINPURI,BEWAR,30.7,30.4,0,0,0,Moderate
MAINPURI,GHIROR,2450053.7,76.5,0,0,1,Strong
MAINPURI,JAGIR,0.0,0.0,0,0,0,Weak
MAINPURI,KARHAL,254.6,56.4,0,0,1,Strong
MAINPURI,KISHANI,5000000.0,284.6,0,0,0,Strong
MAINPURI,KURAWALI,0.0,0.0,0,0,0,Weak
MAINPURI,MAINPURI,866666.7,26.9,0,0,1,Strong
MAINPURI,MAINPURI-CITY,195.3,134.8,0,0,1,Strong
MAINPURI,SULTANGANJ,0.0,0.0,0,0,0,Weak
MATHURA,BALDEO,90.0,44.1,0,0,0,Strong
MATHURA,CHAUMUHAN,71.4,34.6,0,0,0,Strong
MATHURA,CHHATA,0.0,0.0,0,0,0,Weak
MATHURA,FARAH,90.0,43.0,0,1,0,Strong
MATHURA,GOVERDHAN,156.3,51.5,0,0,0,Strong
MATHURA,MANT,365.0,24.4,1,0,0,Moderate
MATHURA,MATHURA,666666.7,93.3,0,0,0,Strong
MATHURA,NANDGAON,233333.3,22.2,0,1,0,Strong
MATHURA,NOHJHEEL,0.0,0.0,0,0,0,Weak
MATHURA,RAYA,540000.0,12.9,0,1,0,Strong
MAU,BADRAW,2500000.0,43.8,0,2,0,Strong
MAU,DOHRIGHAT,0.0,0.0,0,0,0,Weak
MAU,GHOSI,0.0,0.0,0,0,0,Weak
MAU,KOPAGANG,0.0,0.0,0,0,0,Weak
MAU,MOHAMMADABAD,0.0,76.6,1,0,0,Weak
MAU,NAGAR KSHETRA MAU,338.4,147.1,0,0,0,Strong
MAU,PARDAHA,0.0,0.0,0,0,0,Weak
MAU,RANIPUR,0.0,0.0,0,0,0,Weak
MAU,RATANPURA,165.0,15.8,0,0,0,Strong
MEERUT,DAURALA,0.0,0.0,0,0,0,Weak
MEERUT,HASTINAPUR,182.4,149.3,0,0,1,Strong
MEERUT,JANI,37.9,35.7,0,0,1,Moderate
MEERUT,KHARKHODA,232.4,55.2,0,0,0,Strong
MEERUT,MACHRA,700026.5,124.7,0,0,0,Strong
MEERUT,MAWANA,0.0,0.0,0,0,0,Weak
MEERUT,MEERUT,0.0,0.0,0,0,0,Weak
MEERUT,MEERUT NAGAR,240.8,135.8,0,0,0,Strong
MEERUT,PARIKSHIT GARH,200040.3,44.6,0,0,1,Strong
MEERUT,RAJPURA,64.9,21.4,0,1,0,Strong
MEERUT,ROHTA,77.8,45.3,0,0,0,Strong
MEERUT,SARDHANA,633366.7,60.8,0,0,0,Strong
MEERUT,SARURPUR,69.6,37.4,0,1,0,Strong
MIRZAPUR,CHHANBEY,0.0,0.0,0,0,0,Weak
MIRZAPUR,HALIA,520000.0,8.1,0,0,0,Strong
MIRZAPUR,JAMALPUR,0.0,0.0,0,0,0,Weak
MIRZAPUR,KONE,0.0,0.0,0,0,0,Weak
MIRZAPUR,LALGANJ,0.0,0.0,0,0,0,Weak
MIRZAPUR,MAJHAWA,472.1,26.5,0,0,0,Strong
MIRZAPUR,MARIHAN,0.0,0.0,0,0,0,Weak
MIRZAPUR,NAGAR,0.0,0.0,0,0,0,Weak
MIRZAPUR,NAGAR PALIKA,126.4,68.6,0,1,1,Strong
MIRZAPUR,NARAYANPUR,473.1,92.6,0,0,1,Strong
MIRZAPUR,PAHARI,0.0,0.0,0,0,0,Weak
MIRZAPUR,RAJGARH,0.0,0.0,0,0,0,Weak
MIRZAPUR,SEEKHAR,600000.0,21.3,0,1,0,Strong
MORADABAD,BHAGATPUR TANDA,52.9,77.8,1,0,0,Moderate
MORADABAD,BILARI,18.6,18.2,1,1,0,Weak
MORADABAD,CHAJLET,900044.6,28.8,0,2,1,Strong
MORADABAD,DILARI,180.2,39.6,0,2,0,Strong
MORADABAD,KUNDERKI,193.8,24.7,0,1,0,Strong
MORADABAD,MORADABAD,41.1,24.6,1,0,1,Moderate
MORADABAD,MORADABAD CITY BOYS,167.7,208.7,0,0,1,Strong
MORADABAD,MORADABAD CITY GIRLS,188.5,83.7,0,0,1,Strong
MORADABAD,MUNDAPANDAY,74.0,49.7,0,0,0,Strong
MORADABAD,THAKURDWARA,185946.3,48.7,0,1,1,Strong
MUZAFFARNAGAR,BAGHRA,194.7,90.4,0,0,0,Strong
MUZAFFARNAGAR,BUDHANA,300133.5,410072.9,0,0,1,Strong
MUZAFFARNAGAR,CHARTHAWAL,195.8,48.9,0,0,0,Strong
MUZAFFARNAGAR,JANSATH,11186.5,95.1,0,0,1,Strong
MUZAFFARNAGAR,KHATAULI,61.7,34.3,0,0,0,Strong
MUZAFFARNAGAR,MORNA,336.1,52.4,0,2,1,Strong
MUZAFFARNAGAR,PURKAJI,96.6,75.0,0,0,0,Strong
MUZAFFARNAGAR,SADAR,240106.6,68.6,0,0,1,Strong
MUZAFFARNAGAR,SADAR [TOWN AREA],2497.5,457.1,0,0,0,Strong
MUZAFFARNAGAR,SHAHPUR,380026.0,88.5,0,0,1,Strong
PILIBHIT,AMARIA,475087.5,51.5,0,0,0,Strong
PILIBHIT,BARKHERA,775029.9,34.4,0,1,0,Strong
PILIBHIT,BILSANDA,1540000.0,38.8,0,0,2,Strong
PILIBHIT,BISALPUR,0.0,0.0,0,0,0,Weak
PILIBHIT,LALORIKHERA,509.0,92.6,0,0,0,Strong
PILIBHIT,MARORI,2225000.0,21.8,0,0,1,Strong
PILIBHIT,N. P. PILIBHIT,366820.3,33385.9,1,0,1,Moderate
PILIBHIT,PURANPUR,442921.4,38.0,0,1,0,Strong
PRATAPGARH,AASPUR-DEOSARA,700012.7,30.2,0,0,0,Strong
PRATAPGARH,BABA BHELKHARNATH,0.0,0.0,0,0,0,Weak
PRATAPGARH,BABAGANJ,178.6,48.0,0,0,1,Strong
PRATAPGARH,BIHAR,1100000.0,45.2,0,0,1,Strong
PRATAPGARH,CITY(PRATAPGARH BELHA),316.0,83.4,0,0,1,Strong
PRATAPGARH,GAURA,580018.0,33.8,0,0,0,Strong
PRATAPGARH,KALAKANKER,133.3,79.3,0,0,0,Strong
PRATAPGARH,LALGANJ,122.2,92.9,0,0,1,Strong
PRATAPGARH,LAXMANPUR,0.0,0.0,0,0,0,Weak
PRATAPGARH,MANDHATA,89.3,60.4,0,0,0,Strong
PRATAPGARH,MANGRAURA,24.7,29.7,0,0,0,Weak
PRATAPGARH,PATTI,75.0,43.1,0,0,1,Strong
PRATAPGARH,SADAR,60.0,114.8,0,0,0,Moderate
PRATAPGARH,SADWA-CHANDRIKA,349.9,50.0,0,0,0,Strong
PRATAPGARH,SANGIPUR,1166666.7,35.7,0,0,0,Strong
PRATAPGARH,SHIVGARH,1325008.9,82.2,0,0,0,Strong
PRAYAGRAJ,BAHARIYA,242.3,32.0,0,0,0,Strong
PRAYAGRAJ,CHAKA,40.3,35.6,0,0,1,Moderate
PRAYAGRAJ,DHANUPUR,2600000.0,110.5,0,0,0,Strong
PRAYAGRAJ,HANDIA,69.7,29.0,0,0,0,Strong
PRAYAGRAJ,JASARA,7800000.0,74.0,0,0,1,Strong
PRAYAGRAJ,KARCHHANA,173.8,95.4,0,0,1,Strong
PRAYAGRAJ,KORAON,0.0,50.0,1,0,0,Weak
PRAYAGRAJ,MANDA,214.1,42.2,0,0,1,Strong
PRAYAGRAJ,MAUAIMA,0.0,0.0,0,0,0,Weak
PRAYAGRAJ,MEJA,0.0,0.0,0,0,0,Weak
PRAYAGRAJ,NAGAR CHHETRA,330.7,109.9,0,0,3,Strong
PRAYAGRAJ,PHOOLPUR,69.2,43.5,0,0,1,Strong
PRAYAGRAJ,PRATAP PUR,0.0,0.0,0,0,0,Weak
PRAYAGRAJ,SAIDABAD,11900000.0,97.7,0,0,1,Strong
PRAYAGRAJ,SHANKAR GARH,2866721.5,43.9,0,0,0,Strong
PRAYAGRAJ,SORAON,0.0,0.0,0,0,0,Weak
PRAYAGRAJ,URUWA,181.8,24.0,0,1,0,Strong
RAE BARELI,AMAWAN,3500000.0,62.1,0,1,0,Strong
RAE BARELI,BACHHRAWAN,170.9,131.4,1,0,1,Moderate
RAE BARELI,CHHATOH,466715.6,29.3,0,0,0,Strong
RAE BARELI,DALMAU,121.4,84.4,0,0,0,Strong
RAE BARELI,DEEH,3600050.2,68.6,0,1,0,Strong
RAE BARELI,GAURA,5100000.0,50.0,0,0,0,Strong
RAE BARELI,HARCHANDPUR,56.1,17.7,0,1,0,Moderate
RAE BARELI,JAGATPUR,0.0,0.0,0,0,0,Weak
RAE BARELI,KHIRON,2333333.3,81.7,0,0,0,Strong
RAE BARELI,LALGANJ,100.0,46.4,0,0,1,Strong
RAE BARELI,MAHRAJGANJ,842.8,63.2,0,0,2,Strong
RAE BARELI,NAGAR SHETRA (RBL),544.4,155.9,0,0,2,Strong
RAE BARELI,RAHI,121.2,31.5,0,0,1,Strong
RAE BARELI,ROHANIYA,566666.7,38.5,0,0,0,Strong
RAE BARELI,SALON,101.6,41.2,0,0,1,Strong
RAE BARELI,SARENI,0.0,0.0,0,0,0,Weak
RAE BARELI,SATAON,2700000.0,108.0,0,0,0,Strong
RAE BARELI,SHIVGARH,0.0,67.8,1,0,0,Weak
RAMPUR,BILASPUR,243169.9,37.1,0,3,1,Strong
RAMPUR,CHAMRAUVA,86.9,40.4,0,0,1,Strong
RAMPUR,MILAK,276.2,89.6,0,0,1,Strong
RAMPUR,SAID NAGAR,120251.8,76.3,0,1,3,Strong
RAMPUR,SHAHBAD,2957319.7,228682.6,1,0,3,Moderate
RAMPUR,SUAR,2677908.4,145.9,1,1,2,Moderate
RAMPUR,TOWN AREA RAMPUR,62741.3,198.0,0,1,4,Strong
SAHARANPUR,BALIA KHEDI,39.5,27.4,0,0,1,Moderate
SAHARANPUR,DEOBAND,120106.6,55.0,0,0,0,Strong
SAHARANPUR,GANGOH,314328.6,61.7,2,0,0,Moderate
SAHARANPUR,MUZAFFARABAD,18.8,9.4,0,0,0,Weak
SAHARANPUR,NAGAL,275000.0,20.6,0,0,0,Strong
SAHARANPUR,NAKUR,2200037.5,46.6,0,0,2,Strong
SAHARANPUR,NANAUTA,1950000.0,26.4,0,0,1,Strong
SAHARANPUR,PUNWARKA,3544486.5,40.6,0,0,3,Strong
SAHARANPUR,RAMPUR MANIHARAN,0.0,0.0,0,0,0,Weak
SAHARANPUR,SADHOLI KADIM,400079.9,36.9,0,0,0,Strong
SAHARANPUR,SARSAVA,53.1,44.4,1,1,1,Moderate
SAHARANPUR,T.A. DEOBAND,279.6,111.0,0,0,1,Strong
SAHARANPUR,T.A. SAHAHRANPUR,104.8,72.4,0,1,1,Strong
SAMBHAL (BHIM NAGAR),ASMOLI,36.7,6.8,0,1,0,Moderate
SAMBHAL (BHIM NAGAR),BANIYAKHERA,0.0,0.0,0,0,0,Weak
SAMBHAL (BHIM NAGAR),BEHJOI,5350071.4,73.6,0,1,0,Strong
SAMBHAL (BHIM NAGAR),GUNNOR,43.5,62.0,0,1,0,Moderate
SAMBHAL (BHIM NAGAR),JUNAVAI,87.5,90.9,0,0,0,Strong
SAMBHAL (BHIM NAGAR),PAWANSA,1950071.4,89.6,0,1,0,Strong
SAMBHAL (BHIM NAGAR),RAJPURA,21.5,106.2,1,0,0,Weak
SAMBHAL (BHIM NAGAR),SAMBHAL,148.1,65.8,0,1,0,Strong
SAMBHAL (BHIM NAGAR),SAMBHAL CITY,150103.9,47.4,0,0,1,Strong
SANT KABIR NAGAR,BAGHAULI,27.4,18.3,0,0,0,Moderate
SANT KABIR NAGAR,BELHAR KALA,0.0,0.0,0,0,0,Weak
SANT KABIR NAGAR,HAINSAR BAZAR,0.0,0.0,0,0,0,Weak
SANT KABIR NAGAR,KHALILABAD,58.3,30.2,0,0,1,Moderate
SANT KABIR NAGAR,MEHNDAVAL,0.0,112.2,1,0,0,Weak
SANT KABIR NAGAR,NATHNAGAR,0.0,0.0,0,0,0,Weak
SANT KABIR NAGAR,PAULI,0.0,0.0,0,0,0,Weak
SANT KABIR NAGAR,SANTHA,0.0,0.0,0,0,0,Weak
SANT KABIR NAGAR,SEMARINYAVA,0.0,0.0,0,0,0,Weak
SHAHJAHANPUR,BANDA,0.0,0.0,0,0,0,Weak
SHAHJAHANPUR,BHAWALKHERA,35.0,46.4,0,0,0,Moderate
SHAHJAHANPUR,DADRAUL,675080.6,45.2,0,0,2,Strong
SHAHJAHANPUR,JAITIPUR,0.0,0.0,0,0,0,Weak
SHAHJAHANPUR,JALALABAD,0.0,0.0,0,0,0,Weak
SHAHJAHANPUR,KALAN,57.6,49.2,0,0,1,Moderate
SHAHJAHANPUR,KANTH,5080000.0,28.3,0,0,1,Strong
SHAHJAHANPUR,KATRA KHUDAGANJ,1800000.0,37.0,0,0,0,Strong
SHAHJAHANPUR,KHUTAR,0.0,0.0,0,0,0,Weak
SHAHJAHANPUR,MADNAPUR,0.0,0.0,0,0,0,Weak
SHAHJAHANPUR,MIRJAPUR,0.0,0.0,0,0,0,Weak
SHAHJAHANPUR,NIGOHI,0.0,0.0,0,0,0,Weak
SHAHJAHANPUR,PUWAYA,82.8,35.3,0,0,0,Strong
SHAHJAHANPUR,SINDHAULI,2100000.0,27.8,0,0,0,Strong
SHAHJAHANPUR,T.A.SHAHJAHANPUR,204.3,103.4,0,0,1,Strong
SHAHJAHANPUR,TILHAR,48.9,15.7,0,0,0,Moderate
SHAMLI (PRABUDH NAGAR),KAIRANA,1850000.0,50.6,0,0,1,Strong
SHAMLI (PRABUDH NAGAR),KANDHLA,533533.2,61.9,0,0,2,Strong
SHAMLI (PRABUDH NAGAR),KANDHLA [TOWN AREA],130.7,77.5,0,0,0,Strong
SHAMLI (PRABUDH NAGAR),OON,385803.5,39.2,0,1,0,Strong
SHAMLI (PRABUDH NAGAR),SHAMLI,39.8,25.0,0,1,0,Moderate
SHAMLI (PRABUDH NAGAR),THANABHAWAN,2400000.0,66.8,0,0,1,Strong
SHRAWASTI,GILAULA,750000.0,27.6,0,0,0,Strong
SHRAWASTI,HARIHARPUR RANI,37.9,8.9,0,1,0,Moderate
SHRAWASTI,IKAUNA,460000.0,36.8,0,0,0,Strong
SHRAWASTI,JAMUNHA,0.0,0.0,0,0,0,Weak
SHRAWASTI,SIRSIYA,350000.0,14.7,0,0,0,Strong
SIDDHARTHNAGAR,BANSI,50.0,21.4,0,1,0,Moderate
SIDDHARTHNAGAR,BARHANI,37.5,11.1,0,1,0,Moderate
SIDDHARTHNAGAR,BHANVAPUR,0.0,0.0,0,0,0,Weak
SIDDHARTHNAGAR,BIRDPUR,22.2,52.2,0,0,0,Weak
SIDDHARTHNAGAR,DUMARIYAGANJ,213.6,42.4,0,0,1,Strong
SIDDHARTHNAGAR,ITAVA,49.0,24.8,0,0,0,Moderate
SIDDHARTHNAGAR,JOGIYA,0.0,0.0,0,0,0,Weak
SIDDHARTHNAGAR,KHESARAHA,75.9,43.6,0,0,0,Strong
SIDDHARTHNAGAR,KHUNIYANV,266666.7,12.8,0,1,0,Strong
SIDDHARTHNAGAR,MITHAVAL,0.0,0.0,0,0,0,Weak
SIDDHARTHNAGAR,NAUGARH,75.5,49.0,0,1,0,Strong
SIDDHARTHNAGAR,SHOHARATGARH,0.0,0.0,0,0,0,Weak
SITAPUR,ALIYA,0.0,40.2,1,0,0,Weak
SITAPUR,BEHTA,0.0,0.0,0,0,0,Weak
SITAPUR,BISWAN,68.4,43.2,0,0,0,Strong
SITAPUR,GONDLAMAU,0.0,0.0,0,0,0,Weak
SITAPUR,HARGAON,0.0,0.0,0,0,0,Weak
SITAPUR,KASMANDA,120.0,38.4,0,0,0,Strong
SITAPUR,KHAIRABAD,0.0,0.0,0,0,0,Weak
SITAPUR,LAHARPUR,177.5,71.4,0,1,0,Strong
SITAPUR,MACHHAREHTA,2166666.7,37.3,0,0,1,Strong
SITAPUR,MAHMOODABAD,188.9,66.2,0,1,1,Strong
SITAPUR,MAHOLI,120.6,32.9,0,1,0,Strong
SITAPUR,MISRIKH,82.5,37.5,0,0,1,Strong
SITAPUR,N.K.BISWAN,305.5,140.0,0,0,1,Strong
SITAPUR,N.K.KHAIRABAD,259.3,113.3,0,0,1,Strong
SITAPUR,N.K.SITAPUR,549.2,100.0,0,0,1,Strong
SITAPUR,PAHALA,43.2,25.4,0,0,0,Moderate
SITAPUR,PARSENDI,0.0,0.0,0,0,0,Weak
SITAPUR,PISAWAN,117.4,62.9,0,0,2,Strong
SITAPUR,RAMPURMATHURA,70.8,59.2,0,0,1,Strong
SITAPUR,REUSA,0.0,0.0,0,0,0,Weak
SITAPUR,SAKARAN,56.0,25.3,0,0,0,Moderate
SITAPUR,SIDHAULI,126.5,66.0,0,0,1,Strong
SONBHADRA,BABHANI,45.0,20.2,0,0,1,Moderate
SONBHADRA,CHATRA,61.1,43.1,0,0,0,Strong
SONBHADRA,CHOPAN,104.0,30.2,0,0,1,Strong
SONBHADRA,DUDHI,16725.0,16.5,0,1,1,Strong
SONBHADRA,GHORAWAL,1014385.6,38.3,0,2,0,Strong
SONBHADRA,MYORPUR,171.9,41.9,0,2,1,Strong
SONBHADRA,NAGWA,0.0,0.0,0,0,0,Weak
SONBHADRA,ROBERTSGANJ,58.2,31.3,0,0,1,Moderate
SULTANPUR,BALDIRAI,366666.7,12.4,0,1,0,Strong
SULTANPUR,BHADAIYAN,76.5,32.4,1,0,1,Moderate
SULTANPUR,DHANPATGANJ,0.0,0.0,0,0,0,Weak
SULTANPUR,DOSTPUR,130.0,44.1,0,0,0,Strong
SULTANPUR,DUBEYPUR,2800000.0,42.0,0,1,0,Strong
SULTANPUR,JAISINGHPUR,153.8,44.1,0,0,1,Strong
SULTANPUR,KADIPUR,247.8,118.0,0,0,0,Strong
SULTANPUR,KARAUNDI KALA,0.0,0.0,0,0,0,Weak
SULTANPUR,KUREBHAR,135.7,33.4,0,0,0,Strong
SULTANPUR,KURWAR,0.0,0.0,0,0,0,Weak
SULTANPUR,MOTIGARPUR,0.0,0.0,0,0,0,Weak
SULTANPUR,SULTANPUR CITY,725.6,99.6,0,0,1,Strong
UNNAO,ASOHA,0.0,0.0,0,0,0,Weak
UNNAO,AURAS,97.6,36.4,0,0,0,Strong
UNNAO,BAGARMAU,2766666.7,37.6,0,0,1,Strong
UNNAO,BICHHIYA,2200000.0,69.3,0,0,0,Strong
UNNAO,BIGHAPUR,0.0,0.0,0,0,0,Weak
UNNAO,CITI AREA,609.6,106.9,0,0,1,Strong
UNNAO,FATEHPUR 84,3700000.0,549.9,0,0,0,Strong
UNNAO,GANGMURADABAD,300000.0,112.4,0,0,0,Strong
UNNAO,HASANGANJ,0.0,0.0,0,0,0,Weak
UNNAO,HILOULI,0.0,0.0,0,0,0,Weak
UNNAO,MIYAGANJ,0.0,0.0,0,0,0,Weak
UNNAO,NAVABGANJ,233.9,44.0,0,0,2,Strong
UNNAO,PURWA,261.4,50.0,0,0,1,Strong
UNNAO,SAFIPUR,8600000.0,45.3,0,0,1,Strong
UNNAO,SIKANDERPUR KARN,53.4,37.0,1,0,0,Moderate
UNNAO,SIKANDERPUR SAROSI,0.0,66.2,1,0,0,Weak
UNNAO,SUMERPUR,0.0,0.0,0,0,0,Weak
VARANASI,ARAJILINES,51.3,29.0,0,0,1,Moderate
VARANASI,BARAGAON,0.0,0.0,0,0,0,Weak
VARANASI,CHIRAIGAON,0.0,0.0,0,0,0,Weak
VARANASI,CHOLAPUR,11000000.0,53.0,0,0,1,Strong
VARANASI,HARHUA,0.0,0.0,0,0,0,Weak
VARANASI,KASHIVIDYAPEETH,5150000.0,50.6,0,0,1,Strong
VARANASI,NAGAR NIGAM,129.7,1100052.8,1,0,1,Moderate
VARANASI,NAGAR PALIKA RAMNAGAR,430.9,77.9,0,0,0,Strong
VARANASI,PINDRA,0.0,0.0,0,0,0,Weak
VARANASI,SEWAPURI,0.0,0.0,0,0,0,Weak
