District,Block,High_Risk_Count,Medium_Risk_Count,Low_Risk_Count,Total_Schools,Risk_Density_pct,Block_Zone
AGRA,ACCHNERA,0,1,4,5,0.0,YELLOW
AGRA,AKOLA,0,1,1,2,0.0,YELLOW
AGRA,BAH,1,0,1,2,50.0,RED
AGRA,BAROLI AHEER,2,0,3,5,40.0,ORANGE
AGRA,BICHPURI,0,0,2,2,0.0,YELLOW
AGRA,ETMADPUR,0,1,2,3,0.0,YELLOW
AGRA,FATEHABAD,1,2,0,3,33.3,RED
AGRA,FATEHPUR  SIKRI,0,2,0,2,0.0,YELLOW
AGRA,JAGNER,0,2,0,2,0.0,YELLOW
AGRA,JAITPUR  KALAN,1,1,0,2,50.0,RED
AGRA,KHANDOLI,0,2,3,5,0.0,YELLOW
AGRA,KHERAGARH,0,0,1,1,0.0,ORANGE
AGRA,M.C.AGRA CITY,0,0,2,2,0.0,YELLOW
AGRA,PINAHAT,0,1,0,1,0.0,YELLOW
AGRA,SAIYAN,0,1,0,1,0.0,YELLOW
AGRA,SHAMSHABAD,0,1,1,2,0.0,YELLOW
ALIGARH,AKRABAD,0,1,0,1,0.0,RED
ALIGARH,ATRAULI,1,1,1,3,33.3,RED
ALIGARH,BIJAULI,1,0,1,2,50.0,RED
ALIGARH,CHANDAUS,0,1,3,4,0.0,YELLOW
ALIGARH,DHANIPUR,1,1,0,2,50.0,ORANGE
ALIGARH,GANGIRI,0,3,0,3,0.0,YELLOW
ALIGARH,GONDA,1,2,0,3,33.3,RED
ALIGARH,IGLAS,0,1,2,3,0.0,YELLOW
ALIGARH,JAWAN,2,2,1,5,40.0,YELLOW
ALIGARH,KHAIR,1,1,1,3,33.3,ORANGE
ALIGARH,LODHA,0,1,1,2,0.0,YELLOW
ALIGARH,NAGAR ALIGARH,0,1,2,3,0.0,YELLOW
ALIGARH,NAGAR ATRAULI,1,0,0,1,99.9,RED
ALIGARH,TAPPAL,0,1,1,2,0.0,YELLOW
AMBEDKAR NAGAR,AKBARPUR,1,3,3,7,14.3,YELLOW
AMBEDKAR NAGAR,BASKHARI,1,1,0,2,50.0,ORANGE
AMBEDKAR NAGAR,BHEETI,0,0,1,1,0.0,GREEN
AMBEDKAR NAGAR,BHIYAON,0,1,2,3,0.0,YELLOW
AMBEDKAR NAGAR,JAHANGIRGANJ,0,2,2,4,0.0,YELLOW
AMBEDKAR NAGAR,JALALPUR,0,2,1,3,0.0,YELLOW
AMBEDKAR NAGAR,KATEHARI,0,0,3,3,0.0,YELLOW
AMBEDKAR NAGAR,RAMNAGAR,1,1,2,4,25.0,YELLOW
AMBEDKAR NAGAR,TANDA,0,2,2,4,0.0,ORANGE
AMBEDKAR NAGAR,TANDA TOWN AREA,0,0,1,1,0.0,GREEN
AMETHI - CSM NAGAR,AMETHI,1,1,0,2,50.0,RED
AMETHI - CSM NAGAR,BAHADURPUR,1,3,2,6,16.7,YELLOW
AMETHI - CSM NAGAR,BHADAR,0,1,3,4,0.0,YELLOW
AMETHI - CSM NAGAR,BHETUA,0,0,1,1,0.0,GREEN
AMETHI - CSM NAGAR,GAURIGANJ,0,2,0,2,0.0,ORANGE
AMETHI - CSM NAGAR,JAGDISHPUR,2,0,2,4,50.0,RED
AMETHI - CSM NAGAR,JAMO,0,1,2,3,0.0,YELLOW
AMETHI - CSM NAGAR,MUSAFIRKHANA,1,1,1,3,33.3,ORANGE
AMETHI - CSM NAGAR,SANGRAMPUR,0,1,0,1,0.0,YELLOW
AMETHI - CSM NAGAR,SHAHGARH,0,2,1,3,0.0,ORANGE
AMETHI - CSM NAGAR,SHUKULBAZAR,0,1,0,1,0.0,RED
AMETHI - CSM NAGAR,SINGHPUR,0,2,2,4,0.0,YELLOW
AMETHI - CSM NAGAR,TILOI,2,0,1,3,66.6,ORANGE
AURAIYA,ACHHALDA,1,1,0,2,50.0,RED
AURAIYA,AIRWAKATRA,0,2,0,2,0.0,YELLOW
AURAIYA,AURAIYA,0,1,2,3,0.0,YELLOW
AURAIYA,BHAGYANAGAR,1,2,0,3,33.3,RED
AURAIYA,BIDHUNA,0,1,1,2,0.0,YELLOW
AURAIYA,SAHAR,1,1,1,3,33.3,GREEN
AZAMGARH,ATRAULIYA,0,1,0,1,0.0,RED
AZAMGARH,AZAMGRAH,0,1,0,1,0.0,RED
AZAMGARH,AZMATGARH,0,0,1,1,0.0,YELLOW
AZAMGARH,BILARIYAGANJ,0,0,1,1,0.0,ORANGE
AZAMGARH,FOOLPOOR,0,1,0,1,0.0,ORANGE
AZAMGARH,HARRAIYA,3,0,0,3,100.0,RED
AZAMGARH,JAHANAGANJ,1,0,1,2,50.0,ORANGE
AZAMGARH,LALGANJ,0,0,3,3,0.0,YELLOW
AZAMGARH,MAHARAJ GANJ,1,0,0,1,99.9,YELLOW
AZAMGARH,MIRZAPUR,0,0,1,1,0.0,YELLOW
AZAMGARH,MOHAMMADPUR,0,3,0,3,0.0,GREEN
AZAMGARH,PALHNA,0,1,0,1,0.0,YELLOW
AZAMGARH,PAWAE,1,1,0,2,50.0,RED
AZAMGARH,SATHIYAN,0,0,1,1,0.0,GREEN
AZAMGARH,TAHBERPUR,0,1,0,1,0.0,RED
AZAMGARH,TARWA,0,1,0,1,0.0,YELLOW
AZAMGARH,THEKMA,1,0,0,1,99.9,RED
BAGHPAT,BAGPAT,1,1,2,4,25.0,YELLOW
BAGHPAT,BAROUT,0,1,1,2,0.0,YELLOW
BAGHPAT,BAROUT URBAN,0,0,1,1,0.0,ORANGE
BAGHPAT,BINOLY,0,2,1,3,0.0,YELLOW
BAGHPAT,CHHAPROLI,0,3,2,5,0.0,YELLOW
BAGHPAT,KHEKRA,1,2,0,3,33.3,YELLOW
BAGHPAT,PILANA,0,2,1,3,0.0,YELLOW
BAHRAICH,BALHA,1,1,2,4,25.0,YELLOW
BAHRAICH,CHITTAURA,1,0,1,2,50.0,RED
BAHRAICH,FAKHAR PUR,0,2,0,2,0.0,RED
BAHRAICH,HUJUR PUR,3,0,3,6,50.0,YELLOW
BAHRAICH,JARWAL,0,4,2,6,0.0,YELLOW
BAHRAICH,KAISER GANJ,0,3,4,7,0.0,YELLOW
BAHRAICH,MAHSI,0,3,0,3,0.0,ORANGE
BAHRAICH,MIHIN PURVA,0,4,3,7,0.0,YELLOW
BAHRAICH,NAGAR AREA,0,0,2,2,0.0,YELLOW
BAHRAICH,NAWAB GANJ,0,1,2,3,0.0,YELLOW
BAHRAICH,PAYAGPUR,0,1,2,3,0.0,YELLOW
BAHRAICH,RISIA,1,0,1,2,50.0,YELLOW
BAHRAICH,SHIV PUR,0,1,1,2,0.0,YELLOW
BAHRAICH,TAJWA PUR,0,0,2,2,0.0,YELLOW
BAHRAICH,VISHESHWAR  GANJ,1,1,2,4,25.0,YELLOW
BALLIA,BAIRIA,0,0,1,1,0.0,YELLOW
BALLIA,BALLIA N.P.,1,1,0,2,50.0,RED
BALLIA,BANSDEEH,0,2,0,2,0.0,YELLOW
BALLIA,BELAHARI,1,1,1,3,33.3,YELLOW
BALLIA,CHILKAHAR,1,0,1,2,50.0,YELLOW
BALLIA,DUBAHAR,0,0,1,1,0.0,YELLOW
BALLIA,GARWAR,0,3,0,3,0.0,YELLOW
BALLIA,MANIAR,0,0,1,1,0.0,GREEN
BALLIA,MURLI CHHAPRA,1,1,1,3,33.3,ORANGE
BALLIA,NAGARA,3,0,0,3,100.0,RED
BALLIA,NAVANAGAR,0,2,0,2,0.0,RED
BALLIA,PANDAH,2,0,0,2,100.0,RED
BALLIA,RASARA,0,2,1,3,0.0,YELLOW
BALLIA,REVATI,2,0,0,2,100.0,YELLOW
BALLIA,SEAR,0,2,1,3,0.0,YELLOW
BALLIA,SOHAWN,0,1,0,1,0.0,RED
BALRAMPUR,BALRAMPUR,0,4,1,5,0.0,YELLOW
BALRAMPUR,GAINDAS BUZURG,0,1,1,2,0.0,YELLOW
BALRAMPUR,GAINSARI,0,1,2,3,0.0,YELLOW
BALRAMPUR,HARAIYA SATGHARWA,0,1,0,1,0.0,GREEN
BALRAMPUR,PACHPERWA,0,1,0,1,0.0,YELLOW
BALRAMPUR,REHRA BAZAR,0,2,0,2,0.0,ORANGE
BALRAMPUR,SHRIDUTTGANJ,1,1,2,4,25.0,ORANGE
BALRAMPUR,TULSIPUR,0,2,1,3,0.0,YELLOW
BALRAMPUR,UTRAULA (MUN. CORP.),0,0,1,1,0.0,RED
BANDA,BABERU,0,1,5,6,0.0,YELLOW
BANDA,BADOKHAR KHURD,2,0,4,6,33.3,ORANGE
BANDA,BISANDA,1,0,5,6,16.7,YELLOW
BANDA,JASPURA,1,1,1,3,33.3,RED
BANDA,KAMASIN,1,0,4,5,20.0,YELLOW
BANDA,MAHUWA,1,2,2,5,20.0,YELLOW
BANDA,NAGAR KSHETRA,1,0,1,2,50.0,RED
BANDA,NARAINI,5,1,3,9,55.5,ORANGE
BANDA,TINDWARI,1,2,3,6,16.7,YELLOW
BARABANKI,BANI KODAR,0,0,2,2,0.0,YELLOW
BARABANKI,BANKI,1,2,3,6,16.7,ORANGE
BARABANKI,BARABANKI CITY,0,0,2,2,0.0,YELLOW
BARABANKI,DARIYA BAD,0,0,1,1,0.0,RED
BARABANKI,DEWA,0,0,2,2,0.0,YELLOW
BARABANKI,FATEH PUR,0,0,3,3,0.0,YELLOW
BARABANKI,HAIDAR GARH,1,0,3,4,25.0,YELLOW
BARABANKI,HARAKH,0,1,2,3,0.0,RED
BARABANKI,MASAULI,1,1,1,3,33.3,RED
BARABANKI,NINDURA,1,1,3,5,20.0,RED
BARABANKI,PURE DALAI,0,1,1,2,0.0,YELLOW
BARABANKI,SIDDHAOR,1,0,0,1,99.9,RED
BARABANKI,SIRAULI GAUSPUR,0,0,1,1,0.0,YELLOW
BARABANKI,SURAT GANJ,0,1,1,2,0.0,RED
BARABANKI,TRIVEDI GANJ,0,0,2,2,0.0,YELLOW
BAREILLY,ALAMPUR,0,1,0,1,0.0,YELLOW
BAREILLY,AONLA,0,0,1,1,0.0,YELLOW
BAREILLY,BAHERI,1,4,0,5,20.0,YELLOW
BAREILLY,BAHERI TOWN,0,0,1,1,0.0,ORANGE
BAREILLY,BAREILLY TOWN,0,1,1,2,0.0,ORANGE
BAREILLY,BHADPURA,0,3,1,4,0.0,YELLOW
BAREILLY,BHOJIPURA,1,0,1,2,50.0,RED
BAREILLY,BHUTA,0,0,3,3,0.0,YELLOW
BAREILLY,FARIDPUR,0,1,2,3,0.0,YELLOW
BAREILLY,FATEHGANJ,1,2,1,4,25.0,YELLOW
BAREILLY,KYARA,0,2,5,7,0.0,YELLOW
BAREILLY,MAJHGAWAN,2,2,1,5,40.0,YELLOW
BAREILLY,MIRGANJ,0,0,1,1,0.0,YELLOW
BAREILLY,NAWABGANJ,2,4,5,11,18.2,YELLOW
BAREILLY,RAMNAGAR,1,0,1,2,50.0,YELLOW
BAREILLY,RICHHA(DAMKHODA),0,2,3,5,0.0,YELLOW
BAREILLY,SHERGARH,0,3,1,4,0.0,YELLOW
BAREILLY,VITHARI CHAINPUR,0,1,3,4,0.0,YELLOW
BASTI,BAHADURPUR,0,2,2,4,0.0,YELLOW
BASTI,BASTI SADAR,0,1,0,1,0.0,YELLOW
BASTI,DUBAULIA,0,2,1,3,0.0,YELLOW
BASTI,GAUR,2,1,1,4,50.0,ORANGE
BASTI,HARRIYA,0,0,2,2,0.0,YELLOW
BASTI,KAPTANGANJ,0,0,1,1,0.0,GREEN
BASTI,KUDRAHA,0,1,0,1,0.0,YELLOW
BASTI,PARSHURAMPUR,0,0,2,2,0.0,YELLOW
BASTI,RUDHOLI,0,0,1,1,0.0,YELLOW
BASTI,SALTOVA GOPALPUR,0,0,1,1,0.0,YELLOW
BASTI,TOWN AREA,1,1,0,2,50.0,RED
BASTI,VIKRAMJOT,0,0,1,1,0.0,YELLOW
BHADOI,ABHOLI,1,1,2,4,25.0,YELLOW
BHADOI,AURAI,1,0,9,10,10.0,YELLOW
BHADOI,BHADOHI,3,1,4,8,37.5,YELLOW
BHADOI,DEEGH,3,1,3,7,42.9,YELLOW
BHADOI,GYANPUR,0,1,4,5,0.0,YELLOW
BHADOI,SURIYAVAN,1,0,4,5,20.0,YELLOW
BIJNOR,AAKU(NEHTOR),0,2,1,3,0.0,YELLOW
BIJNOR,AFZALGRAH,3,3,1,7,42.9,ORANGE
BIJNOR,ALLHEPUR(DHAMPUR),2,1,2,5,40.0,ORANGE
BIJNOR,BIJNOR(NAGAR),1,1,0,2,50.0,RED
BIJNOR,BURHANPUR(SEOHARA),0,1,0,1,0.0,YELLOW
BIJNOR,DHAMPUR(NAGAR),0,0,1,1,0.0,YELLOW
BIJNOR,HALDAUR,1,2,0,3,33.3,ORANGE
BIJNOR,JALILPUR,1,0,0,1,99.9,RED
BIJNOR,KIRATPUR,2,0,1,3,66.6,RED
BIJNOR,KOTWALI,4,1,0,5,80.0,RED
BIJNOR,MOHD.PUR DEVMAL,0,1,2,3,0.0,YELLOW
BIJNOR,NAJIBABAD,1,2,1,4,25.0,RED
BIJNOR,NAJIBABAD(NAGAR),1,0,0,1,99.9,RED
BUDAUN,AASAFPUR,0,0,1,1,0.0,YELLOW
BUDAUN,AMBIYAPUR,1,0,0,1,99.9,RED
BUDAUN,BISAULI,2,2,0,4,50.0,RED
BUDAUN,BUDAUN CITY,1,0,1,2,50.0,RED
BUDAUN,DATAGANJ,0,0,2,2,0.0,GREEN
BUDAUN,DEHGANWAN,0,1,2,3,0.0,YELLOW
BUDAUN,JAGAT,0,1,4,5,0.0,YELLOW
BUDAUN,MIAUN,0,1,0,1,0.0,ORANGE
BUDAUN,QADARCHOWK,0,2,3,5,0.0,YELLOW
BUDAUN,SAHASWAN CITY,0,1,0,1,0.0,GREEN
BUDAUN,SALARPUR,0,2,3,5,0.0,YELLOW
BUDAUN,SAMRER,1,1,0,2,50.0,RED
BUDAUN,UJHANI,2,0,1,3,66.6,RED
BUDAUN,USAWAN,0,1,0,1,0.0,RED
BUDAUN,WAZEERGANJ,0,1,2,3,0.0,YELLOW
BULANDSHAHR,AGAUTA,0,1,0,1,0.0,GREEN
BULANDSHAHR,ANOOPSHAHAR,0,1,2,3,0.0,YELLOW
BULANDSHAHR,ARNIA,3,1,0,4,75.0,GREEN
BULANDSHAHR,B.B.NAGAR,0,1,1,2,0.0,YELLOW
BULANDSHAHR,BULANDSHAHR,0,3,3,6,0.0,YELLOW
BULANDSHAHR,BULANDSHAR NAGAR,0,0,2,2,0.0,YELLOW
BULANDSHAHR,DANPUR,0,4,1,5,0.0,YELLOW
BULANDSHAHR,DEBAI,1,3,2,6,16.7,YELLOW
BULANDSHAHR,GULAOTI,0,1,1,2,0.0,YELLOW
BULANDSHAHR,JAHAGIRABAD,0,2,1,3,0.0,YELLOW
BULANDSHAHR,KHURJA,0,1,1,2,0.0,GREEN
BULANDSHAHR,LAKHAWATI,0,1,1,2,0.0,YELLOW
BULANDSHAHR,PAHASU,0,1,3,4,0.0,YELLOW
BULANDSHAHR,SHIKARPUR,1,2,0,3,33.3,ORANGE
BULANDSHAHR,SIKANDRABAD,0,2,0,2,0.0,YELLOW
BULANDSHAHR,SYNA,0,1,0,1,0.0,YELLOW
BULANDSHAHR,UCHAGAON,1,1,1,3,33.3,YELLOW
CHANDAULI,BARAHANI,0,4,1,5,0.0,YELLOW
CHANDAULI,CHAHANIYA,0,1,0,1,0.0,GREEN
CHANDAULI,CHAKIYA,1,1,2,4,25.0,YELLOW
CHANDAULI,CHANDAULI,0,2,2,4,0.0,GREEN
CHANDAULI,NAUGARH,2,3,2,7,28.6,YELLOW
CHANDAULI,SAKALDIHA,0,0,1,1,0.0,YELLOW
CHANDAULI,SHAHABGANJ,1,2,1,4,25.0,YELLOW
CHITRAKOOT,CHITRAKOOT,1,1,3,5,20.0,YELLOW
CHITRAKOOT,CHITRAKOOT (URBAN),0,0,1,1,0.0,YELLOW
CHITRAKOOT,MANIKPUR,1,3,2,6,16.7,YELLOW
CHITRAKOOT,MAU,1,1,4,6,16.7,YELLOW
CHITRAKOOT,PAHADI,0,5,4,9,0.0,YELLOW
CHITRAKOOT,RAM NAGAR,0,0,2,2,0.0,ORANGE
DEORIA,BARAHAJ,1,1,1,3,33.3,ORANGE
DEORIA,BHATNI,1,0,0,1,99.9,RED
DEORIA,BHATPAR RANI,0,0,1,1,0.0,YELLOW
DEORIA,BHLUANI,0,0,1,1,0.0,GREEN
DEORIA,DEORIA NAGAR KSHETRA,0,0,2,2,0.0,YELLOW
DEORIA,DESAHI DEORIA,0,0,1,1,0.0,GREEN
DEORIA,GAURI BAZAR,1,2,0,3,33.3,YELLOW
DEORIA,LAR,1,0,0,1,99.9,YELLOW
DEORIA,PATTHRDEVA,2,0,0,2,100.0,RED
DEORIA,RUDRAPUR,1,2,1,4,25.0,YELLOW
DEORIA,SALIMPUR,1,0,0,1,99.9,RED
ETAH,ALIGANJ,0,2,1,3,0.0,YELLOW
ETAH,AWAGARH,1,1,1,3,33.3,YELLOW
ETAH,ETAH (URBAN),1,0,1,2,50.0,RED
ETAH,JAITHARA,1,2,0,3,33.3,YELLOW
ETAH,JALESAR,1,0,0,1,99.9,RED
ETAH,JALESAR (URBAN),0,1,0,1,0.0,RED
ETAH,MARHARA,0,2,0,2,0.0,YELLOW
ETAH,NIDHAULI KALAN,0,3,2,5,0.0,YELLOW
ETAH,SAKEET,0,1,1,2,0.0,YELLOW
ETAH,SHEETAL PUR,0,2,1,3,0.0,YELLOW
ETAWAH,BARHPURA,1,0,0,1,99.9,RED
ETAWAH,BHARTHANA,0,0,1,1,0.0,YELLOW
ETAWAH,CHAKARNAGAR,1,2,3,6,16.7,YELLOW
ETAWAH,ETAWAH NAGAR CHETRA,1,1,0,2,50.0,RED
ETAWAH,JASWANT NAGAR,0,3,2,5,0.0,YELLOW
ETAWAH,MAHEWA,0,1,0,1,0.0,ORANGE
ETAWAH,SAIFAI,0,1,3,4,0.0,YELLOW
ETAWAH,TAKHA,0,1,0,1,0.0,YELLOW
FAIZABAD,AMANIGANJ,1,1,1,3,33.3,YELLOW
FAIZABAD,AYODHYA TOWN AREA,3,0,0,3,100.0,RED
FAIZABAD,BIKAPUR,0,1,1,2,0.0,YELLOW
FAIZABAD,MASAUDHA,1,0,0,1,99.9,RED
FAIZABAD,MAWAI,0,1,1,2,0.0,YELLOW
FAIZABAD,MAYA,1,2,1,4,25.0,YELLOW
FAIZABAD,MILKIPUR,0,1,3,4,0.0,GREEN
FAIZABAD,PURA,1,0,1,2,50.0,YELLOW
FAIZABAD,RUDAULI,0,2,2,4,0.0,YELLOW
FAIZABAD,SOHAWAL,0,1,1,2,0.0,YELLOW
FAIZABAD,TARUN,1,0,0,1,99.9,RED
FARRUKHABAD,KAMALGANJ,0,1,0,1,0.0,YELLOW
FARRUKHABAD,MOHAMDABAD,0,1,0,1,0.0,YELLOW
FARRUKHABAD,NAG. KSH.FAR.BAD,2,0,1,3,66.6,RED
FARRUKHABAD,NAWABGANJ,0,0,1,1,0.0,ORANGE
FARRUKHABAD,RAJE PUR,0,1,2,3,0.0,GREEN
FARRUKHABAD,SHAMSABAD,0,1,0,1,0.0,RED
FATEHPUR,AIRAYAN,1,0,1,2,50.0,RED
FATEHPUR,AMAULI,0,3,0,3,0.0,YELLOW
FATEHPUR,ASHOTHAR,0,3,1,4,0.0,YELLOW
FATEHPUR,BAHUA,1,1,2,4,25.0,YELLOW
FATEHPUR,BHITAURA,0,0,3,3,0.0,GREEN
FATEHPUR,DEOMAI,0,2,0,2,0.0,YELLOW
FATEHPUR,DHATA,0,3,0,3,0.0,YELLOW
FATEHPUR,HASAWA,0,2,2,4,0.0,YELLOW
FATEHPUR,HATHGAOM,0,0,3,3,0.0,YELLOW
FATEHPUR,KHAJUHA,1,2,0,3,33.3,YELLOW
FATEHPUR,MALAWAN,1,2,2,5,20.0,YELLOW
FATEHPUR,NAGAR BINDKI,0,0,1,1,0.0,YELLOW
FATEHPUR,NAGAR FATEHPUR,1,0,2,3,33.3,RED
FATEHPUR,TELIYANI,0,1,3,4,0.0,YELLOW
FATEHPUR,VIJAIPUR,0,1,2,3,0.0,YELLOW
FIROZABAD,ARAWN,1,3,0,4,25.0,YELLOW
FIROZABAD,EKA,1,2,0,3,33.3,YELLOW
FIROZABAD,FIROZABAD,0,0,3,3,0.0,GREEN
FIROZABAD,JASRANA,0,1,1,2,0.0,YELLOW
FIROZABAD,KHAIRGARH,0,1,0,1,0.0,YELLOW
FIROZABAD,MADANPUR,1,0,1,2,50.0,ORANGE
FIROZABAD,NARKHI,0,0,1,1,0.0,YELLOW
FIROZABAD,SHIKOHABAD,1,0,0,1,99.9,RED
FIROZABAD,TUNDLA,1,2,2,5,20.0,YELLOW
GAUTAM BUDDHA NAGAR,DADRI,0,0,1,1,0.0,GREEN
GAUTAM BUDDHA NAGAR,DANKAUR,0,0,2,2,0.0,YELLOW
GAUTAM BUDDHA NAGAR,VISRAKH,0,0,4,4,0.0,YELLOW
GHAZIABAD,BHOJPUR,0,2,4,6,0.0,YELLOW
GHAZIABAD,GHAZIABAD (MUN.AREA),0,1,1,2,0.0,ORANGE
GHAZIABAD,LONI,0,1,1,2,0.0,YELLOW
GHAZIABAD,MURAD NAGAR,0,1,0,1,0.0,ORANGE
GHAZIABAD,RAZAPUR,0,0,2,2,0.0,YELLOW
GHAZIPUR,BHADAURA,0,1,1,2,0.0,GREEN
GHAZIPUR,BHAWARCOL,0,2,0,2,0.0,YELLOW
GHAZIPUR,BIRNO,0,2,0,2,0.0,RED
GHAZIPUR,DEOKALI,0,1,2,3,0.0,YELLOW
GHAZIPUR,GHAZIPUR SADAR,0,1,0,1,0.0,GREEN
GHAZIPUR,KARANDA,0,1,1,2,0.0,YELLOW
GHAZIPUR,KASIMABAD,0,1,0,1,0.0,YELLOW
GHAZIPUR,MANIHARI,2,0,1,3,66.6,RED
GHAZIPUR,MOHAMMADABAD,0,0,1,1,0.0,YELLOW
GHAZIPUR,NAGAR CHHETRA,0,1,1,2,0.0,ORANGE
GHAZIPUR,REOTIPUR,0,0,1,1,0.0,GREEN
GHAZIPUR,SADAT,0,0,2,2,0.0,YELLOW
GHAZIPUR,SAIDPUR,0,2,2,4,0.0,YELLOW
GHAZIPUR,ZAKHANIA,0,2,0,2,0.0,YELLOW
GHAZIPUR,ZAMANIA,0,0,1,1,0.0,GREEN
GONDA,BELSAR,0,1,2,3,0.0,YELLOW
GONDA,CHHAPIA,0,1,1,2,0.0,YELLOW
GONDA,COLONELGANJ,0,1,0,1,0.0,YELLOW
GONDA,GONDA(MUN. CORP.),0,1,1,2,0.0,ORANGE
GONDA,HALDHARMAU,0,1,0,1,0.0,RED
GONDA,ITIYATHOK,0,0,1,1,0.0,YELLOW
GONDA,JHANJHRI,3,0,0,3,100.0,ORANGE
GONDA,KATRA BAZAR,0,1,0,1,0.0,YELLOW
GONDA,MANKAPUR,0,1,1,2,0.0,YELLOW
GONDA,MUJEHNA,0,2,0,2,0.0,YELLOW
GONDA,NAWAB GANJ,0,1,0,1,0.0,YELLOW
GONDA,PANDRI KRIPAL,0,0,3,3,0.0,YELLOW
GONDA,PARASPUR,0,0,1,1,0.0,GREEN
GONDA,RUPAIDEEH,0,1,0,1,0.0,YELLOW
GONDA,TARABGANJ,0,2,0,2,0.0,ORANGE
GORAKHPUR,BAANSGAON,0,1,0,1,0.0,RED
GORAKHPUR,BADHALGANJ,0,0,1,1,0.0,YELLOW
GORAKHPUR,BELGHAT,1,0,1,2,50.0,YELLOW
GORAKHPUR,BHATHAT,0,0,1,1,0.0,YELLOW
GORAKHPUR,CAMPIARGANJ,0,2,2,4,0.0,YELLOW
GORAKHPUR,CHARGANWA,1,0,1,2,50.0,RED
GORAKHPUR,GOLA,0,0,1,1,0.0,YELLOW
GORAKHPUR,KAUDIRAM,0,0,2,2,0.0,YELLOW
GORAKHPUR,KHAJNI,1,1,0,2,50.0,ORANGE
GORAKHPUR,KHORABAR,0,0,1,1,0.0,YELLOW
GORAKHPUR,NAGAR KSHETRA,2,0,0,2,100.0,RED
GORAKHPUR,PIPRAICH,0,0,1,1,0.0,ORANGE
GORAKHPUR,PIPRAULI,1,0,0,1,99.9,RED
GORAKHPUR,SAHJANWA,1,1,0,2,50.0,ORANGE
GORAKHPUR,SARDARNAGAR,0,0,1,1,0.0,RED
HAMIRPUR (U.P.),GOHAND,0,2,0,2,0.0,GREEN
HAMIRPUR (U.P.),KURARA,0,1,3,4,0.0,YELLOW
HAMIRPUR (U.P.),MAUDHA,0,0,4,4,0.0,GREEN
HAMIRPUR (U.P.),MUSKARA,0,1,3,4,0.0,YELLOW
HAMIRPUR (U.P.),NP HAMIRPUR,1,0,1,2,50.0,RED
HAMIRPUR (U.P.),NP MAUDAHA,0,0,1,1,0.0,GREEN
HAMIRPUR (U.P.),NP RATH,1,0,0,1,99.9,RED
HAMIRPUR (U.P.),RATH,0,2,1,3,0.0,YELLOW
HAMIRPUR (U.P.),SARILA,0,4,1,5,0.0,YELLOW
HAMIRPUR (U.P.),SUMERPUR,1,1,3,5,20.0,YELLOW
HAPUR (PANCHSHEEL NAGAR),DHAULANA,0,0,2,2,0.0,YELLOW
HAPUR (PANCHSHEEL NAGAR),GARH MUKTESWAR,1,2,0,3,33.3,RED
HAPUR (PANCHSHEEL NAGAR),HAPUR,1,0,3,4,25.0,YELLOW
HAPUR (PANCHSHEEL NAGAR),SIMBHAWALI,1,2,2,5,20.0,YELLOW
HARDOI,AHIRORI,0,3,1,4,0.0,YELLOW
HARDOI,BAWAN,0,1,2,3,0.0,YELLOW
HARDOI,BEHANDAR,0,1,0,1,0.0,YELLOW
HARDOI,BHARAWAN,0,1,3,4,0.0,YELLOW
HARDOI,BHARKHANI,1,1,1,3,33.3,ORANGE
HARDOI,BILGRAM,1,2,0,3,33.3,ORANGE
HARDOI,HARIYAWAN,0,2,2,4,0.0,YELLOW
HARDOI,HARPALPUR,0,0,1,1,0.0,YELLOW
HARDOI,KACHAUNA,0,2,0,2,0.0,YELLOW
HARDOI,KOTHAWAN,0,2,0,2,0.0,YELLOW
HARDOI,MADHOGANJ,0,2,0,2,0.0,YELLOW
HARDOI,MALLAWA,1,2,0,3,33.3,ORANGE
HARDOI,PIHANI,0,0,1,1,0.0,GREEN
HARDOI,SANDI,1,2,0,3,33.3,YELLOW
HARDOI,SANDILA,0,0,1,1,0.0,GREEN
HARDOI,SHAHABAD,1,0,2,3,33.3,ORANGE
HARDOI,SURSA,0,0,1,1,0.0,YELLOW
HARDOI,TANDIYAWA,0,3,2,5,0.0,YELLOW
HARDOI,TN.AR.  PIHANI,1,0,0,1,99.9,RED
HARDOI,TN.AR. HARDOI,0,1,1,2,0.0,YELLOW
HARDOI,TN.AR. SANDILA,0,0,2,2,0.0,YELLOW
HARDOI,TONDARPUR,2,2,1,5,40.0,ORANGE
HATHRAS,HASAYAN,1,1,1,3,33.3,YELLOW
HATHRAS,HATHRAS,1,1,0,2,50.0,RED
HATHRAS,MURSAN,0,1,1,2,0.0,GREEN
HATHRAS,N.P. HATHRAS,0,0,1,1,0.0,GREEN
HATHRAS,SADABAD,0,3,2,5,0.0,YELLOW
HATHRAS,SAHPAU,0,4,0,4,0.0,YELLOW
HATHRAS,SASNI,0,2,1,3,0.0,YELLOW
HATHRAS,SIKANDRA RAO,0,1,2,3,0.0,YELLOW
JALAUN,DAKOR,0,3,3,6,0.0,YELLOW
JALAUN,JALAUN,0,1,0,1,0.0,YELLOW
JALAUN,KADAURA,1,2,1,4,25.0,RED
JALAUN,KONCH,0,1,0,1,0.0,YELLOW
JALAUN,KUTHAUND,0,2,0,2,0.0,YELLOW
JALAUN,MADHAUGADH,0,0,1,1,0.0,YELLOW
JALAUN,MAHEVA,1,3,2,6,16.7,YELLOW
JALAUN,NADIGAWN,0,1,1,2,0.0,YELLOW
JALAUN,RAMPURA,0,3,0,3,0.0,GREEN
JALAUN,T. A. ORAI,0,1,1,2,0.0,YELLOW
JAUNPUR,BADLA PUR,1,1,0,2,50.0,YELLOW
JAUNPUR,BARSATHI,0,0,1,1,0.0,YELLOW
JAUNPUR,BUKSHA,0,1,0,1,0.0,YELLOW
JAUNPUR,DHARMAPUR,0,1,0,1,0.0,YELLOW
JAUNPUR,DOBHI,0,1,0,1,0.0,YELLOW
JAUNPUR,JALALPUR,1,0,0,1,99.9,RED
JAUNPUR,JAUNPUR  [NAGAR],0,0,1,1,0.0,GREEN
JAUNPUR,KARANJA KALA,1,1,0,2,50.0,ORANGE
JAUNPUR,KERAKAT,0,1,1,2,0.0,YELLOW
JAUNPUR,KHUTHAN,0,1,0,1,0.0,YELLOW
JAUNPUR,MACHHALI SHAHAR,0,0,2,2,0.0,YELLOW
JAUNPUR,MADIYAHUN,0,1,1,2,0.0,YELLOW
JAUNPUR,MAHARAJ GANJ,0,1,0,1,0.0,RED
JAUNPUR,MUFTI GANJ,0,0,1,1,0.0,RED
JAUNPUR,MUGRA BADSHAH PUR,0,2,0,2,0.0,YELLOW
JAUNPUR,RAM PUR,0,0,1,1,0.0,YELLOW
JAUNPUR,SHAH GANJ,1,2,0,3,33.3,YELLOW
JAUNPUR,SIKRARA,1,1,0,2,50.0,YELLOW
JAUNPUR,SIRKONI,1,1,1,3,33.3,YELLOW
JAUNPUR,SUITHA KALA,0,2,0,2,0.0,YELLOW
JAUNPUR,SUJAN GANJ,0,1,0,1,0.0,YELLOW
JHANSI,BABINA,3,1,3,7,42.9,YELLOW
JHANSI,BAMORE,1,1,1,3,33.3,RED
JHANSI,BANGRA,1,2,2,5,20.0,ORANGE
JHANSI,BARAGAON,2,0,2,4,50.0,ORANGE
JHANSI,CHIRGAON,0,0,3,3,0.0,YELLOW
JHANSI,GURSARAI,1,2,0,3,33.3,RED
JHANSI,JHANSI NAGARCHETRA,0,0,2,2,0.0,YELLOW
JHANSI,MAURANIPUR,1,0,2,3,33.3,RED
JHANSI,MAURANIPUR  N.CHETRA,0,0,1,1,0.0,YELLOW
JHANSI,MOTH,0,0,4,4,0.0,YELLOW
JYOTIBA PHULE NAGAR (AMROHA),AMROHA,0,1,2,3,0.0,YELLOW
JYOTIBA PHULE NAGAR (AMROHA),AMROHA CITY,1,0,1,2,50.0,ORANGE
JYOTIBA PHULE NAGAR (AMROHA),DHANORA,1,2,2,5,20.0,YELLOW
JYOTIBA PHULE NAGAR (AMROHA),GAJRAULA,0,1,3,4,0.0,YELLOW
JYOTIBA PHULE NAGAR (AMROHA),GANGESHWARI,1,1,1,3,33.3,ORANGE
JYOTIBA PHULE NAGAR (AMROHA),HASANPUR,2,1,2,5,40.0,YELLOW
JYOTIBA PHULE NAGAR (AMROHA),HASANPUR CITY,1,0,0,1,99.9,RED
JYOTIBA PHULE NAGAR (AMROHA),JOYA,0,0,2,2,0.0,YELLOW
KANNAUJ,CHHIBRAMAU,0,2,1,3,0.0,YELLOW
KANNAUJ,GUGRAPUR,0,1,1,2,0.0,YELLOW
KANNAUJ,HASERAN,1,0,0,1,99.9,YELLOW
KANNAUJ,JALALABAD,0,1,1,2,0.0,YELLOW
KANNAUJ,KANNAUJ,1,0,2,3,33.3,YELLOW
KANNAUJ,SAURIKH,0,2,0,2,0.0,YELLOW
KANNAUJ,TAL GRAM,1,0,2,3,33.3,YELLOW
KANNAUJ,UMARDA,1,2,0,3,33.3,RED
KANPUR DEHAT,AKBARPUR,0,1,0,1,0.0,RED
KANPUR DEHAT,AMARAUDHA,0,2,1,3,0.0,YELLOW
KANPUR DEHAT,DERAPUR,0,1,0,1,0.0,GREEN
KANPUR DEHAT,JHINJHAK,0,1,2,3,0.0,GREEN
KANPUR DEHAT,MAITHA,0,1,0,1,0.0,GREEN
KANPUR DEHAT,MALASA,0,2,0,2,0.0,YELLOW
KANPUR DEHAT,RAJPUR,0,2,0,2,0.0,YELLOW
KANPUR DEHAT,RASULABAD,1,1,1,3,33.3,YELLOW
KANPUR DEHAT,SANDALPUR,0,1,0,1,0.0,YELLOW
KANPUR DEHAT,SARVANKHERA,1,0,1,2,50.0,RED
KANPUR NAGAR,BHITERGAON,0,1,0,1,0.0,ORANGE
KANPUR NAGAR,BIDHNU,1,0,0,1,99.9,RED
KANPUR NAGAR,BILHAUR,0,2,0,2,0.0,YELLOW
KANPUR NAGAR,CHAUBEPUR,1,0,0,1,99.9,RED
KANPUR NAGAR,GHATAMPUR,2,0,1,3,66.6,RED
KANPUR NAGAR,KAKWAN,0,1,0,1,0.0,YELLOW
KANPUR NAGAR,KALYANPUR,1,1,2,4,25.0,ORANGE
KANPUR NAGAR,PATARA,1,0,1,2,50.0,ORANGE
KANPUR NAGAR,PREMNAGAR,0,0,2,2,0.0,YELLOW
KANPUR NAGAR,SARSAUL,2,0,0,2,100.0,RED
KANPUR NAGAR,SHASTRI NAGAR,1,0,0,1,99.9,RED
KANPUR NAGAR,SHIVRAJPUR,0,0,1,1,0.0,YELLOW
KANSHIRAM NAGAR,AMAPUR,0,0,2,2,0.0,GREEN
KANSHIRAM NAGAR,GANJ DUNDWARA,0,2,1,3,0.0,GREEN
KANSHIRAM NAGAR,KASGANJ,0,0,1,1,0.0,YELLOW
KANSHIRAM NAGAR,KASGANJ (URBAN),0,0,1,1,0.0,YELLOW
KANSHIRAM NAGAR,PATIYALI,0,2,2,4,0.0,YELLOW
KANSHIRAM NAGAR,SAHAVAR,0,0,1,1,0.0,GREEN
KANSHIRAM NAGAR,SORON,0,0,3,3,0.0,GREEN
KAUSHAMBI,CHAYAL,0,1,0,1,0.0,GREEN
KAUSHAMBI,KADA,0,1,2,3,0.0,GREEN
KAUSHAMBI,KAUSHAMBI,0,1,1,2,0.0,YELLOW
KAUSHAMBI,MANJHANPUR,1,1,1,3,33.3,GREEN
KAUSHAMBI,MURATGANJ,0,1,2,3,0.0,YELLOW
KAUSHAMBI,NEWADA,1,0,1,2,50.0,YELLOW
KAUSHAMBI,SARSAWAN,0,3,1,4,0.0,YELLOW
KAUSHAMBI,SIRATHU,2,1,4,7,28.6,YELLOW
KHERI,BANKEGANJ,1,0,3,4,25.0,GREEN
KHERI,BEHJAM,0,1,0,1,0.0,YELLOW
KHERI,BIJUA,0,1,1,2,0.0,YELLOW
KHERI,DHAURAHARA,0,0,4,4,0.0,YELLOW
KHERI,ISANAGAR,0,1,4,5,0.0,YELLOW
KHERI,KUMBHI-GOLA,1,2,2,5,20.0,YELLOW
KHERI,LAKHIMPUR,1,0,0,1,99.9,RED
KHERI,LMP,0,0,2,2,0.0,YELLOW
KHERI,MITAULI,2,2,0,4,50.0,RED
KHERI,MOHAMMADI,0,1,1,2,0.0,ORANGE
KHERI,MOM,0,0,1,1,0.0,YELLOW
KHERI,NAKAHA,1,0,1,2,50.0,RED
KHERI,NIGHASAN,1,2,3,6,16.7,YELLOW
KHERI,PALIYA,1,1,3,5,20.0,YELLOW
KHERI,PASGAWAN,0,1,1,2,0.0,YELLOW
KHERI,PHOOL BEHAR,1,1,3,5,20.0,YELLOW
KHERI,RAMIYA BEHAR,0,1,2,3,0.0,YELLOW
KUSHINAGAR,DUDAHI,0,1,0,1,0.0,RED
KUSHINAGAR,HATA,1,1,0,2,50.0,RED
KUSHINAGAR,KASIA,0,1,0,1,0.0,GREEN
KUSHINAGAR,KHADDA,2,3,1,6,33.3,YELLOW
KUSHINAGAR,MOTICHAK,0,1,0,1,0.0,GREEN
KUSHINAGAR,NAURANGIYA,0,1,0,1,0.0,YELLOW
KUSHINAGAR,PADARAUNA,0,0,1,1,0.0,YELLOW
KUSHINAGAR,PADRAUNA (URBAN),0,0,1,1,0.0,YELLOW
KUSHINAGAR,RAMKOLA,0,1,0,1,0.0,YELLOW
KUSHINAGAR,SEORAHI,0,2,2,4,0.0,YELLOW
KUSHINAGAR,TAMKUHI,0,0,1,1,0.0,YELLOW
KUSHINAGAR,VISHUNPURA,0,2,0,2,0.0,YELLOW
LALITPUR,BAR,1,3,1,5,20.0,RED
LALITPUR,BIRDHA,4,2,2,8,50.0,RED
LALITPUR,JAKHORA,1,1,6,8,12.5,YELLOW
LALITPUR,LALITPUR,1,1,0,2,50.0,RED
LALITPUR,MADAWRA,0,1,2,3,0.0,YELLOW
LALITPUR,MAHRONI,1,3,3,7,14.3,RED
LALITPUR,TALBEHAT,1,1,4,6,16.7,YELLOW
LUCKNOW,BAKSHI KA TALAB,1,2,4,7,14.3,RED
LUCKNOW,CHINHAT,1,1,1,3,33.3,ORANGE
LUCKNOW,GOSHAI GANJ,1,3,2,6,16.7,YELLOW
LUCKNOW,KAKORI,0,1,5,6,0.0,YELLOW
LUCKNOW,MAAL,2,2,0,4,50.0,YELLOW
LUCKNOW,MALIHABAD,1,2,1,4,25.0,YELLOW
LUCKNOW,MOHAN LAL GANJ,3,1,2,6,50.0,RED
LUCKNOW,"NAGAR SHAITRA, LUCKNOW",0,4,8,12,0.0,YELLOW
LUCKNOW,SAROJNI NAGAR,1,2,4,7,14.3,YELLOW
MAHARAJGANJ,BRIJMAN GANJ,1,0,1,2,50.0,YELLOW
MAHARAJGANJ,DHANI,1,0,0,1,99.9,RED
MAHARAJGANJ,GHUGHLI,1,3,1,5,20.0,YELLOW
MAHARAJGANJ,LAKSHMIPUR,0,2,0,2,0.0,YELLOW
MAHARAJGANJ,MAHRAJGANJ,1,0,2,3,33.3,YELLOW
MAHARAJGANJ,MITHOURA,0,2,1,3,0.0,YELLOW
MAHARAJGANJ,NICHLOUL,0,2,1,3,0.0,YELLOW
MAHARAJGANJ,NOUTANWA,0,0,2,2,0.0,YELLOW
MAHARAJGANJ,PANIYARA,0,2,1,3,0.0,YELLOW
MAHARAJGANJ,PARTAWAL,1,2,1,4,25.0,YELLOW
MAHARAJGANJ,PHARENDA,0,0,1,1,0.0,YELLOW
MAHOBA,CHARKHARI,0,1,3,4,0.0,YELLOW
MAHOBA,CHARKHARI URBAN,1,0,1,2,50.0,RED
MAHOBA,JAITPUR,2,4,5,11,18.2,YELLOW
MAHOBA,KABRAI,0,5,4,9,0.0,YELLOW
MAHOBA,NAGAR PALIKA MAHOBA,0,0,2,2,0.0,YELLOW
MAHOBA,PANWARI,2,2,2,6,33.3,RED
MAINPURI,BARNAHAL,1,0,0,1,99.9,RED
MAINPURI,BEWAR,1,0,2,3,33.3,RED
MAINPURI,GHIROR,3,0,3,6,50.0,YELLOW
MAINPURI,JAGIR,0,1,0,1,0.0,YELLOW
MAINPURI,KARHAL,1,1,2,4,25.0,YELLOW
MAINPURI,KISHANI,0,0,1,1,0.0,YELLOW
MAINPURI,KURAWALI,0,0,1,1,0.0,YELLOW
MAINPURI,MAINPURI,2,1,1,4,50.0,RED
MAINPURI,MAINPURI-CITY,1,0,0,1,99.9,RED
MAINPURI,SULTANGANJ,0,1,0,1,0.0,YELLOW
MATHURA,BALDEO,1,2,1,4,25.0,YELLOW
MATHURA,CHAUMUHAN,1,1,1,3,33.3,YELLOW
MATHURA,CHHATA,0,2,0,2,0.0,YELLOW
MATHURA,FARAH,1,1,2,4,25.0,GREEN
MATHURA,GOVERDHAN,0,1,3,4,0.0,YELLOW
MATHURA,MANT,1,2,2,5,20.0,YELLOW
MATHURA,MATHURA,0,1,3,4,0.0,GREEN
MATHURA,NANDGAON,0,2,1,3,0.0,YELLOW
MATHURA,NOHJHEEL,1,1,0,2,50.0,YELLOW
MATHURA,RAYA,2,1,2,5,40.0,YELLOW
MAU,BADRAW,1,0,1,2,50.0,YELLOW
MAU,DOHRIGHAT,0,2,0,2,0.0,YELLOW
MAU,GHOSI,0,2,0,2,0.0,YELLOW
MAU,KOPAGANG,0,1,0,1,0.0,GREEN
MAU,MOHAMMADABAD,0,1,1,2,0.0,YELLOW
MAU,NAGAR KSHETRA MAU,0,0,1,1,0.0,YELLOW
MAU,PARDAHA,0,1,0,1,0.0,YELLOW
MAU,RANIPUR,0,0,1,1,0.0,GREEN
MAU,RATANPURA,1,1,3,5,20.0,YELLOW
MEERUT,DAURALA,0,2,1,3,0.0,YELLOW
MEERUT,HASTINAPUR,0,4,1,5,0.0,YELLOW
MEERUT,JANI,1,0,2,3,33.3,RED
MEERUT,KHARKHODA,3,3,2,8,37.5,YELLOW
MEERUT,MACHRA,0,3,1,4,0.0,YELLOW
MEERUT,MAWANA,0,3,0,3,0.0,YELLOW
MEERUT,MEERUT,1,1,0,2,50.0,YELLOW
MEERUT,MEERUT NAGAR,2,0,2,4,50.0,RED
MEERUT,PARIKSHIT GARH,2,2,1,5,40.0,YELLOW
MEERUT,RAJPURA,1,1,1,3,33.3,YELLOW
MEERUT,ROHTA,1,1,1,3,33.3,YELLOW
MEERUT,SARDHANA,0,2,1,3,0.0,YELLOW
MEERUT,SARURPUR,2,3,1,6,33.3,YELLOW
MIRZAPUR,CHHANBEY,0,3,4,7,0.0,YELLOW
MIRZAPUR,HALIA,2,4,4,10,20.0,YELLOW
MIRZAPUR,JAMALPUR,0,0,2,2,0.0,YELLOW
MIRZAPUR,KONE,0,1,5,6,0.0,GREEN
MIRZAPUR,LALGANJ,1,2,4,7,14.3,YELLOW
MIRZAPUR,MAJHAWA,0,2,1,3,0.0,YELLOW
MIRZAPUR,MARIHAN,1,0,2,3,33.3,YELLOW
MIRZAPUR,NAGAR,0,2,4,6,0.0,YELLOW
MIRZAPUR,NAGAR PALIKA,2,0,1,3,66.6,RED
MIRZAPUR,NARAYANPUR,1,0,0,1,99.9,RED
MIRZAPUR,PAHARI,2,1,3,6,33.3,ORANGE
MIRZAPUR,RAJGARH,0,2,2,4,0.0,YELLOW
MIRZAPUR,SEEKHAR,0,1,2,3,0.0,YELLOW
MORADABAD,BHAGATPUR TANDA,0,3,2,5,0.0,YELLOW
MORADABAD,BILARI,1,4,2,7,14.3,YELLOW
MORADABAD,CHAJLET,2,3,2,7,28.6,RED
MORADABAD,DILARI,0,2,3,5,0.0,YELLOW
MORADABAD,KUNDERKI,0,4,2,6,0.0,YELLOW
MORADABAD,MORADABAD,0,3,2,5,0.0,YELLOW
MORADABAD,MORADABAD CITY BOYS,0,1,0,1,0.0,RED
MORADABAD,MORADABAD CITY GIRLS,0,0,1,1,0.0,YELLOW
MORADABAD,MUNDAPANDAY,0,2,4,6,0.0,YELLOW
MORADABAD,THAKURDWARA,1,4,2,7,14.3,YELLOW
MUZAFFARNAGAR,BAGHRA,1,1,1,3,33.3,ORANGE
MUZAFFARNAGAR,BUDHANA,1,5,4,10,10.0,YELLOW
MUZAFFARNAGAR,CHARTHAWAL,1,0,2,3,33.3,RED
MUZAFFARNAGAR,JANSATH,1,3,5,9,11.1,YELLOW
MUZAFFARNAGAR,KHATAULI,1,0,2,3,33.3,RED
MUZAFFARNAGAR,MORNA,0,2,2,4,0.0,ORANGE
MUZAFFARNAGAR,PURKAJI,3,1,1,5,60.0,ORANGE
MUZAFFARNAGAR,SADAR,1,2,2,5,20.0,YELLOW
MUZAFFARNAGAR,SADAR [TOWN AREA],0,1,0,1,0.0,RED
MUZAFFARNAGAR,SHAHPUR,1,3,1,5,20.0,YELLOW
PILIBHIT,AMARIA,0,7,1,8,0.0,RED
PILIBHIT,BARKHERA,1,0,3,4,25.0,YELLOW
PILIBHIT,BILSANDA,0,3,2,5,0.0,ORANGE
PILIBHIT,BISALPUR,0,1,1,2,0.0,ORANGE
PILIBHIT,LALORIKHERA,0,0,2,2,0.0,YELLOW
PILIBHIT,MARORI,1,2,1,4,25.0,RED
PILIBHIT,N. P. PILIBHIT,0,1,2,3,0.0,YELLOW
PILIBHIT,PURANPUR,3,2,2,7,42.9,ORANGE
PRATAPGARH,AASPUR-DEOSARA,0,2,3,5,0.0,YELLOW
PRATAPGARH,BABA BHELKHARNATH,0,2,0,2,0.0,YELLOW
PRATAPGARH,BABAGANJ,0,1,1,2,0.0,YELLOW
PRATAPGARH,BIHAR,0,2,1,3,0.0,ORANGE
PRATAPGARH,CITY(PRATAPGARH BELHA),0,2,0,2,0.0,RED
PRATAPGARH,GAURA,0,1,4,5,0.0,YELLOW
PRATAPGARH,KALAKANKER,0,2,1,3,0.0,YELLOW
PRATAPGARH,LALGANJ,1,0,0,1,99.9,RED
PRATAPGARH,LAXMANPUR,0,1,1,2,0.0,YELLOW
PRATAPGARH,MANDHATA,1,1,0,2,50.0,RED
PRATAPGARH,MANGRAURA,0,2,1,3,0.0,GREEN
PRATAPGARH,PATTI,0,0,3,3,0.0,YELLOW
PRATAPGARH,SADAR,0,0,1,1,0.0,GREEN
PRATAPGARH,SADWA-CHANDRIKA,0,1,1,2,0.0,YELLOW
PRATAPGARH,SANGIPUR,0,3,0,3,0.0,YELLOW
PRATAPGARH,SHIVGARH,1,1,2,4,25.0,YELLOW
PRAYAGRAJ,BAHARIYA,0,1,1,2,0.0,YELLOW
PRAYAGRAJ,CHAKA,2,0,1,3,66.6,RED
PRAYAGRAJ,DHANUPUR,0,0,1,1,0.0,GREEN
PRAYAGRAJ,HANDIA,0,2,0,2,0.0,ORANGE
PRAYAGRAJ,JASARA,0,0,2,2,0.0,YELLOW
PRAYAGRAJ,KARCHHANA,0,0,1,1,0.0,YELLOW
PRAYAGRAJ,KORAON,1,2,0,3,33.3,ORANGE
PRAYAGRAJ,MANDA,1,2,1,4,25.0,RED
PRAYAGRAJ,MAUAIMA,0,1,0,1,0.0,YELLOW
PRAYAGRAJ,MEJA,0,0,2,2,0.0,YELLOW
PRAYAGRAJ,NAGAR CHHETRA,2,0,2,4,50.0,ORANGE
PRAYAGRAJ,PHOOLPUR,0,1,1,2,0.0,ORANGE
PRAYAGRAJ,PRATAP PUR,0,1,0,1,0.0,YELLOW
PRAYAGRAJ,SAIDABAD,0,0,1,1,0.0,GREEN
PRAYAGRAJ,SHANKAR GARH,0,0,3,3,0.0,GREEN
PRAYAGRAJ,SORAON,0,0,1,1,0.0,YELLOW
PRAYAGRAJ,URUWA,0,2,0,2,0.0,ORANGE
RAE BARELI,AMAWAN,0,1,2,3,0.0,YELLOW
RAE BARELI,BACHHRAWAN,0,1,1,2,0.0,GREEN
RAE BARELI,CHHATOH,1,1,1,3,33.3,ORANGE
RAE BARELI,DALMAU,0,0,1,1,0.0,GREEN
RAE BARELI,DEEH,0,0,3,3,0.0,YELLOW
RAE BARELI,GAURA,0,1,1,2,0.0,ORANGE
RAE BARELI,HARCHANDPUR,1,1,1,3,33.3,ORANGE
RAE BARELI,JAGATPUR,0,1,1,2,0.0,YELLOW
RAE BARELI,KHIRON,0,1,2,3,0.0,YELLOW
RAE BARELI,LALGANJ,0,1,1,2,0.0,YELLOW
RAE BARELI,MAHRAJGANJ,1,0,4,5,20.0,YELLOW
RAE BARELI,NAGAR SHETRA (RBL),1,1,1,3,33.3,RED
RAE BARELI,RAHI,0,0,3,3,0.0,YELLOW
RAE BARELI,ROHANIYA,1,1,1,3,33.3,YELLOW
RAE BARELI,SALON,0,2,0,2,0.0,RED
RAE BARELI,SARENI,0,1,0,1,0.0,YELLOW
RAE BARELI,SATAON,0,0,2,2,0.0,YELLOW
RAE BARELI,SHIVGARH,1,1,0,2,50.0,RED
RAMPUR,BILASPUR,3,3,1,7,42.9,ORANGE
RAMPUR,CHAMRAUVA,0,0,4,4,0.0,YELLOW
RAMPUR,MILAK,0,1,0,1,0.0,RED
RAMPUR,SAID NAGAR,0,1,4,5,0.0,YELLOW
RAMPUR,SHAHBAD,2,2,3,7,28.6,YELLOW
RAMPUR,SUAR,0,3,6,9,0.0,YELLOW
RAMPUR,TOWN AREA RAMPUR,4,0,6,10,40.0,YELLOW
SAHARANPUR,BALIA KHEDI,1,2,0,3,33.3,RED
SAHARANPUR,DEOBAND,1,3,1,5,20.0,YELLOW
SAHARANPUR,GANGOH,1,3,3,7,14.3,YELLOW
SAHARANPUR,MUZAFFARABAD,2,4,2,8,25.0,YELLOW
SAHARANPUR,NAGAL,0,1,3,4,0.0,YELLOW
SAHARANPUR,NAKUR,2,3,3,8,25.0,YELLOW
SAHARANPUR,NANAUTA,0,2,2,4,0.0,YELLOW
SAHARANPUR,PUNWARKA,1,1,7,9,11.1,YELLOW
SAHARANPUR,RAMPUR MANIHARAN,0,0,2,2,0.0,YELLOW
SAHARANPUR,SADHOLI KADIM,1,2,2,5,20.0,YELLOW
SAHARANPUR,SARSAVA,0,2,3,5,0.0,YELLOW
SAHARANPUR,T.A. DEOBAND,0,0,1,1,0.0,YELLOW
SAHARANPUR,T.A. SAHAHRANPUR,0,1,2,3,0.0,YELLOW
SAMBHAL (BHIM NAGAR),ASMOLI,1,0,2,3,33.3,RED
SAMBHAL (BHIM NAGAR),BANIYAKHERA,0,1,1,2,0.0,YELLOW
SAMBHAL (BHIM NAGAR),BEHJOI,0,0,2,2,0.0,YELLOW
SAMBHAL (BHIM NAGAR),GUNNOR,0,1,0,1,0.0,GREEN
SAMBHAL (BHIM NAGAR),JUNAVAI,0,0,1,1,0.0,GREEN
SAMBHAL (BHIM NAGAR),PAWANSA,0,0,2,2,0.0,GREEN
SAMBHAL (BHIM NAGAR),RAJPURA,0,1,0,1,0.0,GREEN
SAMBHAL (BHIM NAGAR),SAMBHAL,0,0,3,3,0.0,GREEN
SAMBHAL (BHIM NAGAR),SAMBHAL CITY,1,0,1,2,50.0,YELLOW
SANT KABIR NAGAR,BAGHAULI,0,2,3,5,0.0,YELLOW
SANT KABIR NAGAR,BELHAR KALA,0,0,1,1,0.0,ORANGE
SANT KABIR NAGAR,HAINSAR BAZAR,0,1,1,2,0.0,YELLOW
SANT KABIR NAGAR,KHALILABAD,0,1,2,3,0.0,YELLOW
SANT KABIR NAGAR,MEHNDAVAL,0,1,0,1,0.0,GREEN
SANT KABIR NAGAR,NATHNAGAR,0,1,0,1,0.0,GREEN
SANT KABIR NAGAR,PAULI,1,0,0,1,99.9,RED
SANT KABIR NAGAR,SANTHA,0,1,0,1,0.0,YELLOW
SANT KABIR NAGAR,SEMARINYAVA,2,3,0,5,40.0,RED
SHAHJAHANPUR,BANDA,1,3,1,5,20.0,ORANGE
SHAHJAHANPUR,BHAWALKHERA,1,0,2,3,33.3,YELLOW
SHAHJAHANPUR,DADRAUL,1,2,5,8,12.5,YELLOW
SHAHJAHANPUR,JAITIPUR,0,2,0,2,0.0,YELLOW
SHAHJAHANPUR,JALALABAD,1,1,1,3,33.3,ORANGE
SHAHJAHANPUR,KALAN,0,2,2,4,0.0,YELLOW
SHAHJAHANPUR,KANTH,0,1,4,5,0.0,YELLOW
SHAHJAHANPUR,KATRA KHUDAGANJ,0,1,1,2,0.0,YELLOW
SHAHJAHANPUR,KHUTAR,0,0,2,2,0.0,YELLOW
SHAHJAHANPUR,MADNAPUR,0,1,1,2,0.0,YELLOW
SHAHJAHANPUR,MIRJAPUR,0,2,0,2,0.0,YELLOW
SHAHJAHANPUR,NIGOHI,0,2,0,2,0.0,YELLOW
SHAHJAHANPUR,PUWAYA,0,2,2,4,0.0,YELLOW
SHAHJAHANPUR,SINDHAULI,0,1,2,3,0.0,ORANGE
SHAHJAHANPUR,T.A.SHAHJAHANPUR,0,0,2,2,0.0,YELLOW
SHAHJAHANPUR,TILHAR,0,2,3,5,0.0,YELLOW
SHAMLI (PRABUDH NAGAR),KAIRANA,1,1,2,4,25.0,YELLOW
SHAMLI (PRABUDH NAGAR),KANDHLA,0,2,1,3,0.0,YELLOW
SHAMLI (PRABUDH NAGAR),KANDHLA [TOWN AREA],1,0,0,1,99.9,RED
SHAMLI (PRABUDH NAGAR),OON,1,5,1,7,14.3,YELLOW
SHAMLI (PRABUDH NAGAR),SHAMLI,0,0,2,2,0.0,YELLOW
SHAMLI (PRABUDH NAGAR),THANABHAWAN,0,0,4,4,0.0,YELLOW
SHRAWASTI,GILAULA,0,3,1,4,0.0,YELLOW
SHRAWASTI,HARIHARPUR RANI,0,4,3,7,0.0,YELLOW
SHRAWASTI,IKAUNA,0,2,3,5,0.0,YELLOW
SHRAWASTI,JAMUNHA,3,1,0,4,75.0,YELLOW
SHRAWASTI,SIRSIYA,0,4,4,8,0.0,YELLOW
SIDDHARTHNAGAR,BANSI,0,1,2,3,0.0,YELLOW
SIDDHARTHNAGAR,BARHANI,0,2,0,2,0.0,YELLOW
SIDDHARTHNAGAR,BHANVAPUR,0,1,0,1,0.0,RED
SIDDHARTHNAGAR,BIRDPUR,1,2,0,3,33.3,RED
SIDDHARTHNAGAR,DUMARIYAGANJ,0,1,3,4,0.0,YELLOW
SIDDHARTHNAGAR,ITAVA,1,1,1,3,33.3,ORANGE
SIDDHARTHNAGAR,JOGIYA,1,0,0,1,99.9,RED
SIDDHARTHNAGAR,KHESARAHA,0,1,1,2,0.0,YELLOW
SIDDHARTHNAGAR,KHUNIYANV,0,3,0,3,0.0,GREEN
SIDDHARTHNAGAR,MITHAVAL,0,1,0,1,0.0,YELLOW
SIDDHARTHNAGAR,NAUGARH,0,1,3,4,0.0,YELLOW
SIDDHARTHNAGAR,SHOHARATGARH,0,1,0,1,0.0,YELLOW
SITAPUR,ALIYA,0,1,2,3,0.0,YELLOW
SITAPUR,BEHTA,1,3,2,6,16.7,YELLOW
SITAPUR,BISWAN,1,0,2,3,33.3,ORANGE
SITAPUR,GONDLAMAU,0,1,1,2,0.0,YELLOW
SITAPUR,HARGAON,0,1,1,2,0.0,YELLOW
SITAPUR,KASMANDA,0,0,2,2,0.0,YELLOW
SITAPUR,KHAIRABAD,0,0,2,2,0.0,YELLOW
SITAPUR,LAHARPUR,0,1,2,3,0.0,GREEN
SITAPUR,MACHHAREHTA,0,1,2,3,0.0,YELLOW
SITAPUR,MAHMOODABAD,0,1,3,4,0.0,GREEN
SITAPUR,MAHOLI,0,0,2,2,0.0,YELLOW
SITAPUR,MISRIKH,0,0,3,3,0.0,YELLOW
SITAPUR,N.K.BISWAN,1,0,0,1,99.9,RED
SITAPUR,N.K.KHAIRABAD,0,0,1,1,0.0,YELLOW
SITAPUR,N.K.SITAPUR,0,0,2,2,0.0,ORANGE
SITAPUR,PAHALA,0,2,2,4,0.0,YELLOW
SITAPUR,PARSENDI,0,0,1,1,0.0,YELLOW
SITAPUR,PISAWAN,0,1,3,4,0.0,YELLOW
SITAPUR,RAMPURMATHURA,0,2,3,5,0.0,YELLOW
SITAPUR,REUSA,0,1,1,2,0.0,YELLOW
SITAPUR,SAKARAN,0,3,0,3,0.0,YELLOW
SITAPUR,SIDHAULI,0,1,3,4,0.0,YELLOW
SONBHADRA,BABHANI,0,1,3,4,0.0,YELLOW
SONBHADRA,CHATRA,0,1,1,2,0.0,YELLOW
SONBHADRA,CHOPAN,1,2,5,8,12.5,YELLOW
SONBHADRA,DUDHI,0,0,6,6,0.0,YELLOW
SONBHADRA,GHORAWAL,0,3,4,7,0.0,YELLOW
SONBHADRA,MYORPUR,0,3,6,9,0.0,YELLOW
SONBHADRA,NAGWA,3,4,2,9,33.3,YELLOW
SONBHADRA,ROBERTSGANJ,0,0,3,3,0.0,YELLOW
SULTANPUR,BALDIRAI,0,2,1,3,0.0,YELLOW
SULTANPUR,BHADAIYAN,0,2,3,5,0.0,YELLOW
SULTANPUR,DHANPATGANJ,1,0,1,2,50.0,ORANGE
SULTANPUR,DOSTPUR,0,1,1,2,0.0,YELLOW
SULTANPUR,DUBEYPUR,0,0,2,2,0.0,YELLOW
SULTANPUR,JAISINGHPUR,1,0,1,2,50.0,ORANGE
SULTANPUR,KADIPUR,0,0,1,1,0.0,YELLOW
SULTANPUR,KARAUNDI KALA,0,0,1,1,0.0,YELLOW
SULTANPUR,KUREBHAR,0,1,1,2,0.0,YELLOW
SULTANPUR,KURWAR,1,1,0,2,50.0,RED
SULTANPUR,MOTIGARPUR,0,2,0,2,0.0,YELLOW
SULTANPUR,SULTANPUR CITY,0,0,2,2,0.0,YELLOW
UNNAO,ASOHA,0,1,0,1,0.0,ORANGE
UNNAO,AURAS,0,5,0,5,0.0,YELLOW
UNNAO,BAGARMAU,0,1,2,3,0.0,YELLOW
UNNAO,BICHHIYA,1,0,1,2,50.0,ORANGE
UNNAO,BIGHAPUR,0,2,0,2,0.0,YELLOW
UNNAO,CITI AREA,1,1,0,2,50.0,RED
UNNAO,FATEHPUR 84,0,0,1,1,0.0,YELLOW
UNNAO,GANGMURADABAD,0,1,1,2,0.0,YELLOW
UNNAO,HASANGANJ,1,0,0,1,99.9,YELLOW
UNNAO,HILOULI,1,0,2,3,33.3,YELLOW
UNNAO,MIYAGANJ,0,1,1,2,0.0,YELLOW
UNNAO,NAVABGANJ,1,1,3,5,20.0,YELLOW
UNNAO,PURWA,0,1,1,2,0.0,YELLOW
UNNAO,SAFIPUR,0,1,1,2,0.0,YELLOW
UNNAO,SIKANDERPUR KARN,0,2,2,4,0.0,YELLOW
UNNAO,SIKANDERPUR SAROSI,0,0,2,2,0.0,YELLOW
UNNAO,SUMERPUR,1,0,0,1,99.9,RED
VARANASI,ARAJILINES,2,1,6,9,22.2,YELLOW
VARANASI,BARAGAON,0,0,2,2,0.0,GREEN
VARANASI,CHIRAIGAON,0,0,3,3,0.0,GREEN
VARANASI,CHOLAPUR,0,0,2,2,0.0,YELLOW
VARANASI,HARHUA,0,1,1,2,0.0,YELLOW
VARANASI,KASHIVIDYAPEETH,0,1,1,2,0.0,YELLOW
VARANASI,NAGAR NIGAM,2,0,0,2,100.0,RED
VARANASI,NAGAR PALIKA RAMNAGAR,0,0,2,2,0.0,YELLOW
VARANASI,PINDRA,0,0,2,2,0.0,YELLOW
VARANASI,SEWAPURI,0,1,4,5,0.0,YELLOW
